player_id,game_id,week,team_abbr,opponent_abbr,completions,attempts,passing_yards,passing_tds,passing_interceptions,sacks_suffered,passing_epa,carries,rushing_yards,rushing_tds,rushing_fumbles_lost,rushing_epa,targets,receptions,receiving_yards,receiving_tds,receiving_yards_after_catch,target_share,def_tackles_solo,def_tackle_assists,def_tackles_for_loss,def_sacks,def_qb_hits,def_interceptions,def_pass_defended,def_fumbles_forced,def_tds,fg_made,fg_att,fg_long,pat_made,pat_att,penalties,penalty_yards,fantasy_points_ppr
00-0023459,2026_01_ATL_PIT,1,PIT,ATL,24,40,221,1,0,2,-7.8381452707295,3,-3,0,0,-1.43968164623948,0,0,0,0,0,0.0,0,0,0,0.0,0,0,0,0,0,0,0,,0,0,0,0,12.54
00-0025565,2026_01_ATL_PIT,1,ATL,PIT,0,0,0,0,0,0,,0,0,0,0,,0,0,0,0,0,0.0,0,0,0,0.0,0,0,0,0,0,2,4,51.0,1,1,0,0,0.0
00-0026190,2026_01_BAL_IND,1,BAL,IND,0,0,0,0,0,0,,0,0,0,0,,0,0,0,0,0,0.0,0,2,0,0.0,0,0,0,0,0,0,0,,0,0,0,0,0.0
00-0026498,2026_01_SF_LA,1,LA,SF,15,25,155,0,1,0,-5.61114235420246,2,-1,0,0,-3.81403467035852,0,0,0,0,0,0.0,0,0,0,0.0,0,0,0,0,0,0,0,,0,0,0,0,4.1
00-0027969,2026_01_ATL_PIT,1,PIT,ATL,0,0,0,0,0,0,,0,0,0,0,,0,0,0,0,0,0.0,2,1,0,0.0,0,0,3,0,0,0,0,,0,0,0,0,0.0
00-0029604,2026_01_MIA_LV,1,LV,MIA,21,30,160,3,2,0,0.393194662359296,5,-6,0,0,-3.76460217684507,0,0,0,0,0,0.0,0,0,0,0.0,0,0,0,0,0,0,0,,0,0,0,0,13.8
00-0029606,2026_01_GB_MIN,1,MIN,GB,0,0,0,0,0,0,,0,0,0,0,,0,0,0,0,0,0.0,1,0,0,0.0,1,0,1,0,0,0,0,,0,0,0,0,0.0
00-0029607,2026_01_NYJ_TEN,1,NYJ,TEN,0,0,0,0,0,0,,0,0,0,0,,0,0,0,0,0,0.0,4,4,0,0.0,0,0,1,0,0,0,0,,0,0,0,0,0.0
00-0029692,2026_01_DAL_NYG,1,DAL,NYG,0,0,0,0,0,0,,0,0,0,0,,0,0,0,0,0,0.0,0,0,0,0.0,0,0,0,0,0,0,0,,0,0,0,0,0.0
00-0029714,2026_01_GB_MIN,1,MIN,GB,0,0,0,0,0,0,,0,0,0,0,,0,0,0,0,0,0.0,0,1,0,0.0,0,0,0,0,0,0,0,,0,0,0,0,0.0
00-0030092,2026_01_CHI_CAR,1,CAR,CHI,0,0,0,0,0,0,,0,0,0,0,,0,0,0,0,0,0.0,0,0,0,0.0,0,0,0,0,0,0,0,,0,0,0,0,0.0
00-0030140,2026_01_WAS_PHI,1,WAS,PHI,0,0,0,0,0,0,,0,0,0,0,,0,0,0,0,0,0.0,0,0,0,0.0,0,0,0,0,0,0,0,,0,0,0,0,0.0
00-0030279,2026_01_BAL_IND,1,IND,BAL,0,0,0,0,0,0,,0,0,0,0,,6,6,32,0,10,0.206896551724138,0,0,0,0.0,0,0,0,0,0,0,0,,0,0,0,0,9.2
00-0030294,2026_01_ARI_LAC,1,LAC,ARI,0,0,0,0,0,0,,0,0,0,0,,0,0,0,0,0,0.0,1,2,0,0.0,0,0,1,0,0,0,0,,0,0,0,0,0.0
00-0030506,2026_01_DEN_KC,1,KC,DEN,0,0,0,0,0,0,,0,0,0,0,,5,3,71,0,63,0.2,0,0,0,0.0,0,0,0,0,0,0,0,,0,0,0,0,10.1
00-0030565,2026_01_NYJ_TEN,1,NYJ,TEN,19,24,215,0,0,0,9.75485210445876,6,7,0,0,-5.25670542404987,0,0,0,0,0,0.0,0,0,0,0.0,0,0,0,0,0,0,0,,0,0,0,0,9.3
00-0031040,2026_01_ARI_LAC,1,LAC,ARI,0,0,0,0,0,0,,0,0,0,0,,0,0,0,0,0,0.0,1,1,1,0.0,0,0,0,0,0,0,0,,0,0,0,0,0.0
00-0031136,2026_01_ATL_PIT,1,PIT,ATL,0,0,0,0,0,0,,0,0,0,0,,0,0,0,0,0,0.0,0,0,0,0.0,0,0,0,0,0,2,3,43.0,2,2,0,0,0.0
00-0031203,2026_01_CHI_CAR,1,CHI,CAR,0,0,0,0,0,0,,0,0,0,0,,0,0,0,0,0,0.0,0,0,0,0.0,0,0,0,0,0,1,1,40.0,8,8,2,0,0.0
00-0031279,2026_01_ATL_PIT,1,ATL,PIT,0,0,0,0,0,0,,0,0,0,0,,0,0,0,0,0,0.0,0,0,0,0.0,0,0,0,0,0,0,0,,0,0,1,10,0.0
00-0031330,2026_01_NE_SEA,1,NE,SEA,0,0,0,0,0,0,,0,0,0,0,,0,0,0,0,0,0.0,0,0,0,0.0,0,0,0,0,0,0,0,,0,0,1,5,0.0
00-0031360,2026_01_GB_MIN,1,MIN,GB,0,0,0,0,0,0,,0,0,0,0,,0,0,0,0,0,0.0,1,0,0,0.0,0,0,0,0,0,0,0,,0,0,0,0,0.0
00-0031364,2026_01_BUF_HOU,1,HOU,BUF,0,0,0,0,0,0,,0,0,0,0,,0,0,0,0,0,0.0,1,0,1,1.0,2,0,0,0,0,0,0,,0,0,0,0,0.0
00-0031381,2026_01_SF_LA,1,LA,SF,0,0,0,0,0,0,,0,0,0,0,,6,3,26,0,9,0.222222222222222,0,0,0,0.0,0,0,0,0,0,0,0,,0,0,0,0,5.6
00-0031408,2026_01_SF_LA,1,SF,LA,0,0,0,0,0,0,,0,0,0,0,,7,6,49,1,6,0.205882352941176,0,0,0,0.0,0,0,0,0,0,0,0,,0,0,0,0,16.9
00-0031411,2026_01_NE_SEA,1,SEA,NE,0,0,0,0,0,0,,0,0,0,0,,0,0,0,0,0,0.0,1,2,0,0.0,1,0,0,0,0,0,0,,0,0,0,0,0.0
00-0031492,2026_01_NE_SEA,1,SEA,NE,0,0,0,0,0,0,,0,0,0,0,,0,0,0,0,0,0.0,0,0,0,0.0,0,0,0,0,0,2,2,30.0,1,1,0,0,0.0
00-0031565,2026_01_BUF_HOU,1,HOU,BUF,0,0,0,0,0,0,,0,0,0,0,,0,0,0,0,0,0.0,0,0,0,0.0,0,0,1,0,0,0,0,,0,0,0,0,0.0
00-0031576,2026_01_ATL_PIT,1,ATL,PIT,0,0,0,0,0,0,,0,0,0,0,,0,0,0,0,0,0.0,2,0,3,2.0,2,0,0,0,0,0,0,,0,0,0,0,0.0
00-0031583,2026_01_CHI_CAR,1,CHI,CAR,0,0,0,0,0,0,,0,0,0,0,,0,0,0,0,0,0.0,0,3,0,0.0,1,0,0,0,0,0,0,,0,0,0,0,0.0
00-0031588,2026_01_WAS_PHI,1,WAS,PHI,0,0,0,0,0,0,,0,0,0,0,,9,4,55,1,15,0.310344827586207,0,0,0,0.0,0,0,0,0,0,0,0,,0,0,1,15,15.5
00-0031610,2026_01_CHI_CAR,1,CAR,CHI,0,0,0,0,0,0,,0,0,0,0,,2,2,28,0,20,0.0588235294117647,0,0,0,0.0,0,0,0,0,0,0,0,,0,0,1,9,4.8
00-0031898,2026_01_DEN_KC,1,DEN,KC,0,0,0,0,0,0,,0,0,0,0,,0,0,0,0,0,0.0,5,10,0,0.0,0,0,0,0,0,0,0,,0,0,1,2,0.0
00-0031933,2026_01_NE_SEA,1,SEA,NE,0,0,0,0,0,0,,0,0,0,0,,0,0,0,0,0,0.0,3,1,1,1.0,1,0,0,0,0,0,0,,0,0,0,0,0.0
00-0031957,2026_01_TB_CIN,1,TB,CIN,0,0,0,0,0,0,,0,0,0,0,,0,0,0,0,0,0.0,0,1,0,0.0,0,0,0,0,0,0,0,,0,0,0,0,0.0
00-0032065,2026_01_MIA_LV,1,MIA,LV,0,0,0,0,0,0,,0,0,0,0,,0,0,0,0,0,0.0,0,0,0,0.0,0,0,0,0,0,0,0,,0,0,0,0,0.0
00-0032071,2026_01_BUF_HOU,1,HOU,BUF,0,0,0,0,0,0,,0,0,0,0,,0,0,0,0,0,0.0,0,0,0,0.0,0,0,0,0,0,0,0,,0,0,1,5,0.0
00-0032104,2026_01_CLE_JAX,1,JAX,CLE,0,0,0,0,0,0,,4,32,0,0,1.0198065017674,1,1,0,0,3,0.0476190476190476,0,0,0,0.0,0,0,0,0,0,0,0,,0,0,0,0,4.2
00-0032146,2026_01_ARI_LAC,1,LAC,ARI,0,0,0,0,0,0,,0,0,0,0,,0,0,0,0,0,0.0,1,1,0,0.0,0,0,0,0,0,0,0,,0,0,0,0,0.0
00-0032164,2026_01_CLE_JAX,1,JAX,CLE,0,0,0,0,0,0,,0,0,0,0,,0,0,0,0,0,0.0,1,1,0,0.0,0,0,0,0,0,0,0,,0,0,0,0,0.0
00-0032265,2026_01_BUF_HOU,1,HOU,BUF,0,0,0,0,0,0,,0,0,0,0,,0,0,0,0,0,0.0,0,1,0,0.5,1,0,0,0,0,0,0,,0,0,1,15,0.0
00-0032378,2026_01_BAL_IND,1,IND,BAL,0,0,0,0,0,0,,0,0,0,0,,0,0,0,0,0,0.0,0,2,0,0.5,1,0,0,0,0,0,0,,0,0,0,0,0.0
00-0032387,2026_01_NE_SEA,1,SEA,NE,0,0,0,0,0,0,,0,0,0,0,,0,0,0,0,0,0.0,1,0,0,0.0,0,0,0,0,0,0,0,,0,0,0,0,0.0
00-0032398,2026_01_BAL_IND,1,BAL,IND,0,0,0,0,0,0,,0,0,0,0,,2,1,53,0,23,0.0833333333333333,1,0,0,0.0,0,0,0,0,0,0,0,,0,0,0,0,6.3
00-0032424,2026_01_DAL_NYG,1,NYG,DAL,0,0,0,0,0,0,,0,0,0,0,,0,0,0,0,0,0.0,1,1,0,0.0,0,0,0,0,0,0,0,,0,0,0,0,0.0
00-0032464,2026_01_CHI_CAR,1,CHI,CAR,0,0,0,0,0,0,,0,0,0,0,,9,8,84,0,21,0.346153846153846,0,0,0,0.0,0,0,0,0,0,0,0,,0,0,0,0,16.4
00-0032569,2026_01_DEN_KC,1,DEN,KC,0,0,0,0,0,0,,0,0,0,0,,0,0,0,0,0,0.0,0,0,0,0.0,0,0,0,0,0,1,1,31.0,1,1,0,0,0.0
00-0032701,2026_01_SF_LA,1,SF,LA,0,0,0,0,0,0,,0,0,0,0,,1,1,2,0,3,0.0294117647058824,0,0,0,0.0,0,0,0,0,0,0,0,,0,0,0,0,1.2
00-0032726,2026_01_BUF_HOU,1,HOU,BUF,0,0,0,0,0,0,,0,0,0,0,,0,0,0,0,0,0.0,0,1,0,0.0,0,0,0,0,0,1,1,58.0,4,4,0,0,0.0
00-0032753,2026_01_BAL_IND,1,IND,BAL,0,0,0,0,0,0,,0,0,0,0,,0,0,0,0,0,0.0,0,1,0,0.0,0,0,0,0,0,0,0,,0,0,0,0,0.0
00-0032759,2026_01_BUF_HOU,1,HOU,BUF,0,0,0,0,0,0,,0,0,0,0,,0,0,0,0,0,0.0,0,3,0,0.0,0,0,1,0,0,0,0,,0,0,0,0,0.0
00-0032762,2026_01_DEN_KC,1,KC,DEN,0,0,0,0,0,0,,0,0,0,0,,0,0,0,0,0,0.0,0,1,0,0.0,0,0,0,0,0,0,0,,0,0,0,0,0.0
00-0032764,2026_01_BAL_IND,1,BAL,IND,0,0,0,0,0,0,,24,144,3,0,6.75778948888183,1,1,19,0,20,0.0416666666666667,0,0,0,0.0,0,0,0,0,0,0,0,,0,0,0,0,35.3
00-0032775,2026_01_SF_LA,1,SF,LA,0,0,0,0,0,0,,0,0,0,0,,3,2,50,1,7,0.0882352941176471,0,0,0,0.0,0,0,0,0,0,0,0,,0,0,0,0,13.0
00-0032889,2026_01_TB_CIN,1,TB,CIN,0,0,0,0,0,0,,0,0,0,0,,0,0,0,0,0,0.0,3,2,0,0.0,1,0,0,0,0,0,0,,0,0,0,0,0.0
00-0032950,2026_01_GB_MIN,1,MIN,GB,12,19,133,3,0,3,4.9871116107931,5,-1,0,0,0.0453942799940705,0,0,0,0,0,0.0,0,0,0,0.0,0,0,0,0,0,0,0,,0,0,0,0,19.22
00-0032951,2026_01_BAL_IND,1,IND,BAL,0,0,0,0,0,0,,0,0,0,0,,1,0,0,0,0,0.0344827586206897,0,0,0,0.0,0,0,0,0,0,0,0,,0,0,1,10,0.0
00-0032965,2026_01_BAL_IND,1,BAL,IND,0,0,0,0,0,0,,0,0,0,0,,0,0,0,0,0,0.0,1,0,0,0.0,0,0,0,0,0,0,0,,0,0,2,20,0.0
00-0033038,2026_01_CLE_JAX,1,JAX,CLE,0,0,0,0,0,0,,0,0,0,0,,0,0,0,0,0,0.0,1,1,0,0.0,0,0,0,0,0,0,0,,0,0,0,0,0.0
00-0033051,2026_01_NYJ_TEN,1,NYJ,TEN,0,0,0,0,0,0,,0,0,0,0,,0,0,0,0,0,0.0,0,0,0,0.0,1,0,0,0,0,0,0,,0,0,0,0,0.0
00-0033055,2026_01_ATL_PIT,1,PIT,ATL,0,0,0,0,0,0,,0,0,0,0,,0,0,0,0,0,0.0,3,1,0,0.0,0,0,1,1,0,0,0,,0,0,0,0,0.0
00-0033077,2026_01_DAL_NYG,1,DAL,NYG,22,34,175,2,1,0,10.3809027645621,2,14,0,0,0.936536743305624,0,0,0,0,0,0.0,0,0,0,0.0,0,0,0,0,0,0,0,,0,0,0,0,14.4
00-0033090,2026_01_NE_SEA,1,NE,SEA,0,0,0,0,0,0,,0,0,0,0,,3,3,26,0,14,0.0967741935483871,0,0,0,0.0,0,0,0,0,0,0,0,,0,0,0,0,5.6
00-0033093,2026_01_DAL_NYG,1,DAL,NYG,0,0,0,0,0,0,,0,0,0,0,,0,0,0,0,0,0.0,0,2,0,0.5,1,0,0,0,0,0,0,,0,0,0,0,0.0
00-0033106,2026_01_NO_DET,1,DET,NO,26,39,206,2,0,1,5.85451096913376,2,2,0,0,-1.50222795829177,0,0,0,0,0,0.0,0,0,0,0.0,0,0,0,0,0,0,0,,0,0,0,0,16.44
00-0033109,2026_01_GB_MIN,1,GB,MIN,0,0,0,0,0,0,,0,0,0,0,,0,0,0,0,0,0.0,1,0,0,0.0,0,0,0,0,0,0,0,,0,0,0,0,0.0
00-0033110,2026_01_SF_LA,1,LA,SF,0,0,0,0,0,0,,0,0,0,0,,2,2,12,0,3,0.0740740740740741,0,0,0,0.0,0,0,0,0,0,0,0,,0,0,0,0,1.2
00-0033119,2026_01_ARI_LAC,1,ARI,LAC,27,37,277,1,0,1,9.01286468515324,6,14,0,0,2.06466043723049,0,0,0,0,0,0.0,0,0,0,0.0,0,0,0,0,0,0,0,,0,0,0,0,16.48
00-0033120,2026_01_DAL_NYG,1,DAL,NYG,0,0,0,0,0,0,,0,0,0,0,,0,0,0,0,0,0.0,2,0,0,0.0,0,0,0,0,0,0,0,,0,0,0,0,0.0
00-0033131,2026_01_CLE_JAX,1,CLE,JAX,0,0,0,0,0,0,,0,0,0,0,,0,0,0,0,0,0.0,0,0,0,0.0,1,0,0,0,0,0,0,,0,0,0,0,0.0
00-0033132,2026_01_NE_SEA,1,NE,SEA,0,0,0,0,0,0,,0,0,0,0,,0,0,0,0,0,0.0,2,3,0,0.0,0,0,0,0,0,0,0,,0,0,0,0,0.0
00-0033269,2026_01_BAL_IND,1,IND,BAL,0,0,0,0,0,0,,0,0,0,0,,0,0,0,0,0,0.0,0,0,0,0.0,0,0,0,0,0,0,0,,0,0,0,0,0.0
00-0033280,2026_01_SF_LA,1,SF,LA,0,0,0,0,0,0,,10,68,0,0,2.7396103811916,8,5,20,0,30,0.235294117647059,0,0,0,0.0,0,0,0,0,0,0,0,,0,0,0,0,13.8
00-0033281,2026_01_BAL_IND,1,BAL,IND,0,0,0,0,0,0,,0,0,0,0,,0,0,0,0,0,0.0,3,1,0,0.0,0,0,1,1,0,0,0,,0,0,0,0,0.0
00-0033288,2026_01_SF_LA,1,SF,LA,0,0,0,0,0,0,,0,0,0,0,,5,2,12,0,17,0.147058823529412,1,0,0,0.0,0,0,0,0,0,0,0,,0,0,0,0,3.2
00-0033290,2026_01_DAL_NYG,1,NYG,DAL,0,0,0,0,0,0,,0,0,0,0,,0,0,0,0,0,0.0,0,0,0,0.0,0,0,0,0,0,0,0,,0,0,1,5,0.0
00-0033293,2026_01_GB_MIN,1,MIN,GB,0,0,0,0,0,0,,12,40,1,0,-1.04638333478943,1,0,0,0,0,0.0434782608695652,0,0,0,0.0,0,0,0,0,0,0,0,,0,0,0,0,10.0
00-0033294,2026_01_NO_DET,1,DET,NO,0,0,0,0,0,0,,0,0,0,0,,0,0,0,0,0,0.0,2,1,0,0.0,1,1,1,0,0,0,0,,0,0,0,0,0.0
00-0033297,2026_01_DEN_KC,1,DEN,KC,0,0,0,0,0,0,,0,0,0,0,,0,0,0,0,0,0.0,0,1,0,0.0,0,0,0,0,0,0,0,,0,0,0,0,0.0
00-0033303,2026_01_DEN_KC,1,KC,DEN,0,0,0,0,0,0,,0,0,0,0,,0,0,0,0,0,0.0,0,0,0,0.0,0,0,0,0,0,1,1,28.0,4,4,0,0,0.0
00-0033307,2026_01_ARI_LAC,1,ARI,LAC,0,0,0,0,0,0,,0,0,0,0,,8,8,75,0,35,0.216216216216216,0,0,0,0.0,0,0,0,0,0,0,0,,0,0,0,0,15.5
00-0033319,2026_01_CLE_JAX,1,JAX,CLE,0,0,0,0,0,0,,3,-3,0,0,0.0,0,0,0,0,0,0.0,0,0,0,0.0,0,0,0,0,0,0,0,,0,0,0,0,-0.3
00-0033336,2026_01_GB_MIN,1,MIN,GB,0,0,0,0,0,0,,0,0,0,0,,0,0,0,0,0,0.0,2,1,0,0.0,1,0,0,0,0,0,0,,0,0,0,0,0.0
00-0033376,2026_01_DAL_NYG,1,NYG,DAL,0,0,0,0,0,0,,0,0,0,0,,1,0,0,0,0,0.0344827586206897,0,0,0,0.0,0,0,0,0,0,0,0,,0,0,0,0,0.0
00-0033381,2026_01_MIA_LV,1,LV,MIA,0,0,0,0,0,0,,0,0,0,0,,0,0,0,0,0,0.0,0,1,0,0.0,0,0,0,0,0,0,0,,0,0,0,0,0.0
00-0033523,2026_01_TB_CIN,1,CIN,TB,0,0,0,0,0,0,,0,0,0,0,,0,0,0,0,0,0.0,2,1,1,1.0,1,0,0,0,0,0,0,,0,0,2,10,0.0
00-0033526,2026_01_TB_CIN,1,CIN,TB,0,0,0,0,0,0,,5,20,0,0,-0.560715940431692,3,3,30,0,27,0.0882352941176471,1,1,0,0.0,0,0,0,0,0,0,0,,0,0,0,0,8.0
00-0033537,2026_01_CLE_JAX,1,CLE,JAX,16,22,205,1,1,5,-5.56012219451874,6,38,0,0,4.20838451880263,0,0,0,0,0,0.0,0,0,0,0.0,0,0,0,0,0,0,0,,0,0,0,0,14.0
00-0033546,2026_01_ARI_LAC,1,LAC,ARI,0,0,0,0,0,0,,0,0,0,0,,0,0,0,0,0,0.0,0,4,0,0.0,0,0,0,0,0,0,0,,0,0,0,0,0.0
00-0033551,2026_01_WAS_PHI,1,WAS,PHI,0,0,0,0,0,0,,0,0,0,0,,0,0,0,0,0,0.0,1,0,0,0.0,0,0,1,0,0,0,0,,0,0,0,0,0.0
00-0033555,2026_01_NE_SEA,1,NE,SEA,0,0,0,0,0,0,,0,0,0,0,,5,4,51,0,5,0.161290322580645,0,0,0,0.0,0,0,0,0,0,0,0,,0,0,0,0,9.1
00-0033576,2026_01_NE_SEA,1,SEA,NE,0,0,0,0,0,0,,0,0,0,0,,0,0,0,0,0,0.0,0,0,0,0.0,0,0,0,0,0,0,0,,0,0,1,5,0.0
00-0033662,2026_01_ATL_PIT,1,ATL,PIT,12,22,143,1,2,4,-15.7645474334581,0,0,0,0,,0,0,0,0,0,0.0,0,0,0,0.0,0,0,0,0,0,0,0,,0,0,0,0,5.72
00-0033676,2026_01_ARI_LAC,1,ARI,LAC,0,0,0,0,0,0,,0,0,0,0,,0,0,0,0,0,0.0,0,0,0,0.0,0,0,0,0,0,0,0,,0,0,1,5,0.0
00-0033729,2026_01_ATL_PIT,1,PIT,ATL,0,1,0,0,0,0,-1.84454587288201,0,0,0,0,,0,0,0,0,0,0.0,0,0,0,0.0,0,0,0,0,0,0,0,,0,0,0,0,0.0
00-0033787,2026_01_WAS_PHI,1,PHI,WAS,0,0,0,0,0,0,,0,0,0,0,,0,0,0,0,0,0.0,0,0,0,0.0,0,0,0,0,0,1,1,35.0,3,3,0,0,0.0
00-0033858,2026_01_GB_MIN,1,GB,MIN,0,0,0,0,0,0,,0,0,0,0,,3,2,50,0,30,0.075,0,0,0,0.0,0,0,0,0,0,0,0,,0,0,0,0,7.0
00-0033860,2026_01_NO_DET,1,NO,DET,0,0,0,0,0,0,,0,0,0,0,,0,0,0,0,0,0.0,2,2,1,0.0,0,0,0,0,0,0,0,,0,0,0,0,0.0
00-0033873,2026_01_DEN_KC,1,KC,DEN,15,27,184,2,1,2,-2.30183139477449,7,23,1,0,-1.1145332257729,0,0,0,0,0,0.0,0,0,0,0.0,0,0,0,0,0,0,0,,0,0,0,0,21.66
00-0033877,2026_01_DAL_NYG,1,DAL,NYG,0,0,0,0,0,0,,0,0,0,0,,0,0,0,0,0,0.0,1,0,0,0.0,0,0,0,0,0,0,0,,0,0,0,0,0.0
00-0033881,2026_01_DEN_KC,1,DEN,KC,0,0,0,0,0,0,,0,0,0,0,,5,4,43,1,15,0.185185185185185,0,0,0,0.0,0,0,0,0,0,0,0,,0,0,0,0,14.3
00-0033885,2026_01_ARI_LAC,1,LAC,ARI,0,0,0,0,0,0,,0,0,0,0,,5,5,58,0,30,0.185185185185185,0,0,0,0.0,0,0,0,0,0,0,0,,0,0,0,0,10.8
00-0033886,2026_01_ATL_PIT,1,PIT,ATL,0,0,0,0,0,0,,0,0,0,0,,0,0,0,0,0,0.0,4,0,3,2.0,2,1,1,0,1,0,0,,0,0,0,0,0.0
00-0033890,2026_01_ARI_LAC,1,ARI,LAC,0,0,0,0,0,0,,0,0,0,0,,0,0,0,0,0,0.0,4,1,0,0.5,1,0,0,0,0,0,0,,0,0,0,0,0.0
00-0033908,2026_01_NE_SEA,1,SEA,NE,0,0,0,0,0,0,,0,0,0,0,,3,2,35,0,5,0.125,0,0,0,0.0,0,0,0,0,0,0,0,,0,0,0,0,5.5
00-0033914,2026_01_TB_CIN,1,TB,CIN,0,0,0,0,0,0,,0,0,0,0,,0,0,0,0,0,0.0,2,5,0,0.0,0,0,0,0,0,0,0,,0,0,0,0,0.0
00-0033921,2026_01_TB_CIN,1,TB,CIN,0,0,0,0,0,0,,1,3,0,0,-0.131124019389972,4,4,40,0,37,0.148148148148148,0,0,0,0.0,0,0,0,0,0,0,0,,0,0,0,0,8.3
00-0033928,2026_01_CLE_JAX,1,JAX,CLE,0,0,0,0,0,0,,0,0,0,0,,0,0,0,0,0,0.0,1,2,0,0.0,0,0,0,0,0,0,0,,0,0,0,0,0.0
00-0033935,2026_01_BAL_IND,1,BAL,IND,0,0,0,0,0,0,,0,0,0,0,,0,0,0,0,0,0.0,1,0,0,0.0,0,0,0,0,0,0,0,,0,0,0,0,0.0
00-0033941,2026_01_ATL_PIT,1,PIT,ATL,0,0,0,0,0,0,,0,0,0,0,,0,0,0,0,0,0.0,1,1,0,0.0,0,0,0,0,0,0,0,,0,0,0,0,0.0
00-0033945,2026_01_ATL_PIT,1,ATL,PIT,0,0,0,0,0,0,,0,0,0,0,,0,0,0,0,0,0.0,0,1,0,0.0,2,0,0,0,0,0,0,,0,0,0,0,0.0
00-0033952,2026_01_BAL_IND,1,IND,BAL,0,0,0,0,0,0,,0,0,0,0,,0,0,0,0,0,0.0,0,1,0,0.5,1,0,0,0,0,0,0,,0,0,0,0,0.0
00-0033964,2026_01_TB_CIN,1,TB,CIN,0,0,0,0,0,0,,0,0,0,0,,0,0,0,0,0,0.0,1,0,0,0.0,2,0,0,0,0,0,0,,0,0,0,0,0.0
00-0034091,2026_01_BUF_HOU,1,HOU,BUF,0,0,0,0,0,0,,0,0,0,0,,0,0,0,0,0,0.0,0,1,0,0.0,0,0,0,0,0,0,0,,0,0,1,10,0.0
00-0034158,2026_01_GB_MIN,1,MIN,GB,0,0,0,0,0,0,,0,0,0,0,,0,0,0,0,0,0.0,0,0,0,0.0,0,0,0,0,0,0,0,,0,0,1,5,0.0
00-0034160,2026_01_NE_SEA,1,SEA,NE,0,0,0,0,0,0,,0,0,0,0,,0,0,0,0,0,0.0,0,0,0,0.0,0,0,0,0,0,0,0,,0,0,0,0,0.0
00-0034161,2026_01_NO_DET,1,NO,DET,0,0,0,0,0,0,,0,0,0,0,,0,0,0,0,0,0.0,0,0,0,0.0,0,0,0,0,0,1,2,28.0,3,3,0,0,0.0
00-0034162,2026_01_ARI_LAC,1,LAC,ARI,0,0,0,0,0,0,,0,0,0,0,,0,0,0,0,0,0.0,0,0,0,0.0,0,0,0,0,0,0,0,,0,0,0,0,0.0
00-0034163,2026_01_NYJ_TEN,1,TEN,NYJ,0,0,0,0,0,0,,0,0,0,0,,0,0,0,0,0,0.0,0,0,0,0.0,1,0,0,0,0,0,0,,0,0,0,0,0.0
00-0034173,2026_01_SF_LA,1,SF,LA,0,0,0,0,0,0,,0,0,0,0,,0,0,0,0,0,0.0,0,0,0,0.0,0,0,0,0,0,2,3,56.0,3,3,0,0,0.0
00-0034248,2026_01_DAL_NYG,1,NYG,DAL,0,0,0,0,0,0,,0,0,0,0,,0,0,0,0,0,0.0,0,0,0,0.0,0,0,0,0,0,0,0,,0,0,1,10,0.0
00-0034275,2026_01_MIA_LV,1,LV,MIA,0,0,0,0,0,0,,0,0,0,0,,0,0,0,0,0,0.0,1,3,0,0.5,1,0,1,0,0,0,0,,0,0,0,0,0.0
00-0034278,2026_01_BUF_HOU,1,HOU,BUF,0,0,0,0,0,0,,0,0,0,0,,0,0,0,0,0,0.0,1,0,0,0.0,0,0,0,0,0,0,0,,0,0,0,0,0.0
00-0034285,2026_01_MIA_LV,1,MIA,LV,0,0,0,0,0,0,,0,0,0,0,,0,0,0,0,0,0.0,2,1,2,0.0,0,0,0,0,0,0,0,,0,0,0,0,0.0
00-0034302,2026_01_WAS_PHI,1,WAS,PHI,0,0,0,0,0,0,,0,0,0,0,,0,0,0,0,0,0.0,1,3,1,1.0,1,0,0,0,0,0,0,,0,0,0,0,0.0
00-0034320,2026_01_CHI_CAR,1,CHI,CAR,0,0,0,0,0,0,,0,0,0,0,,0,0,0,0,0,0.0,1,1,1,1.0,1,0,0,0,0,0,0,,0,0,0,0,0.0
00-0034333,2026_01_WAS_PHI,1,WAS,PHI,0,0,0,0,0,0,,0,0,0,0,,0,0,0,0,0,0.0,1,0,0,0.0,0,0,0,0,0,0,0,,0,0,0,0,0.0
00-0034348,2026_01_DEN_KC,1,DEN,KC,0,0,0,0,0,0,,0,0,0,0,,5,2,11,0,4,0.185185185185185,1,0,0,0.0,0,0,0,0,0,0,0,,0,0,0,0,3.1
00-0034350,2026_01_NE_SEA,1,SEA,NE,0,0,0,0,0,0,,0,0,0,0,,0,0,0,0,0,0.0,4,1,1,0.0,0,0,1,0,0,0,0,,0,0,0,0,0.0
00-0034351,2026_01_WAS_PHI,1,PHI,WAS,0,0,0,0,0,0,,0,0,0,0,,5,4,77,2,32,0.227272727272727,0,0,0,0.0,0,0,0,0,0,0,0,,0,0,0,0,23.7
00-0034356,2026_01_ARI_LAC,1,LAC,ARI,0,0,0,0,0,0,,0,0,0,0,,0,0,0,0,0,0.0,2,0,0,0.0,0,0,0,0,0,0,0,,0,0,1,24,0.0
00-0034361,2026_01_NO_DET,1,NO,DET,0,0,0,0,0,0,,0,0,0,0,,0,0,0,0,0,0.0,5,3,1,0.0,0,0,0,0,0,0,0,,0,0,0,0,0.0
00-0034376,2026_01_MIA_LV,1,LV,MIA,0,0,0,0,0,0,,0,0,0,0,,0,0,0,0,0,0.0,0,2,1,0.0,0,0,0,0,0,0,0,,0,0,0,0,0.0
00-0034377,2026_01_NO_DET,1,DET,NO,0,0,0,0,0,0,,0,0,0,0,,0,0,0,0,0,0.0,4,3,0,0.0,0,0,2,0,0,0,0,,0,0,0,0,0.0
00-0034381,2026_01_ARI_LAC,1,ARI,LAC,0,0,0,0,0,0,,0,0,0,0,,0,0,0,0,0,0.0,0,1,1,0.0,0,0,0,0,0,0,0,,0,0,0,0,0.0
00-0034383,2026_01_BUF_HOU,1,HOU,BUF,0,0,0,0,0,0,,0,0,0,0,,8,4,35,0,27,0.216216216216216,0,0,0,0.0,0,0,0,0,0,0,0,,0,0,0,0,7.5
00-0034384,2026_01_NO_DET,1,DET,NO,0,0,0,0,0,0,,0,0,0,0,,0,0,0,0,0,0.0,7,3,0,0.0,0,0,1,0,0,0,0,,0,0,0,0,0.0
00-0034391,2026_01_SF_LA,1,SF,LA,0,0,0,0,0,0,,0,0,0,0,,0,0,0,0,0,0.0,1,0,0,0.0,0,0,0,1,0,0,0,,0,0,0,0,0.0
00-0034397,2026_01_WAS_PHI,1,WAS,PHI,0,0,0,0,0,0,,0,0,0,0,,0,0,0,0,0,0.0,0,3,0,0.0,0,0,0,0,0,0,0,,0,0,0,0,0.0
00-0034413,2026_01_CLE_JAX,1,JAX,CLE,0,0,0,0,0,0,,0,0,0,0,,0,0,0,0,0,0.0,3,1,0,0.0,0,1,1,0,0,0,0,,0,0,0,0,0.0
00-0034419,2026_01_DAL_NYG,1,NYG,DAL,0,0,0,0,0,0,,0,0,0,0,,0,0,0,0,0,0.0,0,0,0,0.0,0,0,0,0,0,0,0,,0,0,0,0,0.0
00-0034429,2026_01_WAS_PHI,1,PHI,WAS,0,0,0,0,0,0,,0,0,0,0,,0,0,0,0,0,0.0,0,0,0,0.0,0,0,0,0,0,0,0,,0,0,1,5,0.0
00-0034431,2026_01_GB_MIN,1,GB,MIN,0,0,0,0,0,0,,0,0,0,0,,0,0,0,0,0,0.0,2,2,0,0.0,1,0,0,0,0,0,0,,0,0,0,0,0.0
00-0034437,2026_01_CLE_JAX,1,JAX,CLE,0,0,0,0,0,0,,0,0,0,0,,0,0,0,0,0,0.0,0,0,0,0.0,0,0,0,0,0,0,0,,0,0,0,0,0.0
00-0034446,2026_01_TB_CIN,1,CIN,TB,0,0,0,0,0,0,,0,0,0,0,,0,0,0,0,0,0.0,2,3,1,0.0,0,0,1,0,0,0,0,,0,0,0,0,0.0
00-0034465,2026_01_WAS_PHI,1,WAS,PHI,0,0,0,0,0,0,,0,0,0,0,,0,0,0,0,0,0.0,3,2,0,0.0,0,0,0,0,0,0,0,,0,0,0,0,0.0
00-0034473,2026_01_CLE_JAX,1,JAX,CLE,0,0,0,0,0,0,,0,0,0,0,,0,0,0,0,0,0.0,1,1,0,0.0,1,0,0,0,0,0,0,,0,0,0,0,0.0
00-0034485,2026_01_BAL_IND,1,IND,BAL,0,0,0,0,0,0,,0,0,0,0,,0,0,0,0,0,0.0,1,0,0,0.0,0,0,0,0,0,0,0,,0,0,0,0,0.0
00-0034573,2026_01_BAL_IND,1,IND,BAL,0,0,0,0,0,0,,0,0,0,0,,0,0,0,0,0,0.0,2,0,0,0.0,0,0,0,0,0,0,0,,0,0,0,0,0.0
00-0034613,2026_01_TB_CIN,1,CIN,TB,0,0,0,0,0,0,,0,0,0,0,,1,1,4,0,0,0.0294117647058824,0,0,0,0.0,0,0,0,0,0,0,0,,0,0,0,0,1.4
00-0034639,2026_01_ATL_PIT,1,ATL,PIT,0,0,0,0,0,0,,0,0,0,0,,0,0,0,0,0,0.0,2,0,0,0.0,1,0,0,0,0,0,0,,0,0,0,0,0.0
00-0034657,2026_01_CLE_JAX,1,JAX,CLE,0,0,0,0,0,0,,0,0,0,0,,0,0,0,0,0,0.0,0,1,0,0.0,1,0,0,0,0,0,0,,0,0,0,0,0.0
00-0034673,2026_01_DAL_NYG,1,NYG,DAL,0,0,0,0,0,0,,0,0,0,0,,0,0,0,0,0,0.0,7,1,0,0.0,0,0,0,0,0,0,0,,0,0,0,0,0.0
00-0034675,2026_01_ATL_PIT,1,ATL,PIT,0,0,0,0,0,0,,0,0,0,0,,0,0,0,0,0,0.0,3,3,0,0.0,0,0,0,0,0,0,0,,0,0,0,0,0.0
00-0034720,2026_01_NE_SEA,1,NE,SEA,0,0,0,0,0,0,,0,0,0,0,,0,0,0,0,0,0.0,7,1,0,0.0,0,0,0,0,0,0,0,,0,0,0,0,0.0
00-0034721,2026_01_CLE_JAX,1,CLE,JAX,0,0,0,0,0,0,,0,0,0,0,,0,0,0,0,0,0.0,0,0,0,0.0,0,0,0,0,0,0,0,,0,0,0,0,0.0
00-0034753,2026_01_BAL_IND,1,BAL,IND,0,0,0,0,0,0,,0,0,0,0,,6,4,49,0,12,0.25,0,0,0,0.0,0,0,0,0,0,0,0,,0,0,1,5,8.9
00-0034754,2026_01_TB_CIN,1,CIN,TB,0,0,0,0,0,0,,0,0,0,0,,0,0,0,0,0,0.0,0,1,0,0.0,0,0,0,0,0,0,0,,0,0,0,0,0.0
00-0034760,2026_01_NO_DET,1,NO,DET,0,0,0,0,0,0,,0,0,0,0,,0,0,0,0,0,0.0,1,2,0,0.0,1,0,0,0,0,0,0,,0,0,0,0,0.0
00-0034773,2026_01_TB_CIN,1,TB,CIN,0,0,0,0,0,0,,0,0,0,0,,0,0,0,0,0,0.0,0,0,0,0.0,1,0,0,0,0,0,0,,0,0,0,0,0.0
00-0034778,2026_01_NE_SEA,1,NE,SEA,0,0,0,0,0,0,,0,0,0,0,,0,0,0,0,0,0.0,2,1,0,0.0,0,0,0,0,0,0,0,,0,0,0,0,0.0
00-0034782,2026_01_NYJ_TEN,1,NYJ,TEN,0,0,0,0,0,0,,0,0,0,0,,0,0,0,0,0,0.0,0,1,0,0.0,1,0,0,0,0,0,0,,0,0,0,0,0.0
00-0034790,2026_01_ARI_LAC,1,LAC,ARI,0,0,0,0,0,0,,0,0,0,0,,0,0,0,0,0,0.0,7,3,0,0.0,0,0,1,0,0,0,0,,0,0,0,0,0.0
00-0034794,2026_01_NYJ_TEN,1,NYJ,TEN,0,0,0,0,0,0,,0,0,0,0,,0,0,0,0,0,0.0,0,0,0,0.0,0,0,0,0,0,3,4,52.0,2,2,0,0,0.0
00-0034796,2026_01_BAL_IND,1,BAL,IND,17,25,324,1,0,2,10.3436732474516,7,40,1,0,2.25430682068691,0,0,0,0,0,0.0,0,0,0,0.0,0,0,0,0,0,0,0,,0,0,0,0,24.96
00-0034798,2026_01_BAL_IND,1,BAL,IND,0,0,0,0,0,0,,0,0,0,0,,1,1,4,0,0,0.0416666666666667,0,0,0,0.0,0,0,0,0,0,0,0,,0,0,0,0,1.4
00-0034800,2026_01_TB_CIN,1,CIN,TB,0,0,0,0,0,0,,0,0,0,0,,0,0,0,0,0,0.0,0,0,0,0.0,0,0,0,0,0,0,0,,0,0,1,5,0.0
00-0034801,2026_01_ATL_PIT,1,ATL,PIT,0,0,0,0,0,0,,0,0,0,0,,0,0,0,0,0,0.0,1,0,0,0.0,0,0,0,0,0,0,0,,0,0,1,10,0.0
00-0034805,2026_01_NYJ_TEN,1,TEN,NYJ,0,0,0,0,0,0,,0,0,0,0,,0,0,0,0,0,0.0,1,2,0,0.0,0,0,0,0,0,0,0,,0,0,0,0,0.0
00-0034807,2026_01_SF_LA,1,SF,LA,0,0,0,0,0,0,,0,0,0,0,,0,0,0,0,0,0.0,0,0,0,0.0,1,0,0,0,0,0,0,,0,0,0,0,0.0
00-0034810,2026_01_ATL_PIT,1,PIT,ATL,0,0,0,0,0,0,,0,0,0,0,,0,0,0,0,0,0.0,1,1,0,0.0,0,0,0,0,0,0,0,,0,0,0,0,0.0
00-0034815,2026_01_SF_LA,1,SF,LA,0,0,0,0,0,0,,0,0,0,0,,0,0,0,0,0,0.0,5,6,0,0.0,0,0,1,1,0,0,0,,0,0,0,0,0.0
00-0034825,2026_01_BAL_IND,1,IND,BAL,0,0,0,0,0,0,,0,0,0,0,,0,0,0,0,0,0.0,3,2,0,0.5,1,0,0,1,0,0,0,,0,0,0,0,0.0
00-0034827,2026_01_BUF_HOU,1,BUF,HOU,0,0,0,0,0,0,,0,0,0,0,,8,5,100,1,24,0.285714285714286,0,0,0,0.0,0,0,0,0,0,0,0,,0,0,0,0,21.0
00-0034829,2026_01_TB_CIN,1,CIN,TB,0,0,0,0,0,0,,0,0,0,0,,7,5,78,1,21,0.205882352941176,0,0,0,0.0,0,0,0,0,0,0,0,,0,0,0,0,18.8
00-0034832,2026_01_BUF_HOU,1,BUF,HOU,0,0,0,0,0,0,,0,0,0,0,,0,0,0,0,0,0.0,0,4,0,0.0,2,0,0,0,0,0,0,,0,0,0,0,0.0
00-0034843,2026_01_ATL_PIT,1,ATL,PIT,0,0,0,0,0,0,,0,0,0,0,,0,0,0,0,0,0.0,2,0,0,0.0,0,0,2,0,0,0,0,,0,0,0,0,0.0
00-0034844,2026_01_WAS_PHI,1,PHI,WAS,0,0,0,0,0,0,,15,83,0,0,-0.664371837454382,2,1,-3,0,2,0.0909090909090909,0,0,0,0.0,0,0,0,0,0,0,0,,0,0,0,0,9.0
00-0034854,2026_01_SF_LA,1,SF,LA,0,0,0,0,0,0,,0,0,0,0,,0,0,0,0,0,0.0,1,1,0,0.0,0,0,0,0,0,0,0,,0,0,0,0,0.0
00-0034855,2026_01_TB_CIN,1,TB,CIN,23,28,216,0,0,4,-5.41051944553709,5,30,1,1,-2.61708559188992,0,0,0,0,0,0.0,0,0,0,0.0,0,0,0,0,0,0,0,,0,0,0,0,11.64
00-0034856,2026_01_CLE_JAX,1,CLE,JAX,0,0,0,0,0,0,,0,0,0,0,,0,0,0,0,0,0.0,1,4,0,0.0,0,0,0,1,0,0,0,,0,0,0,0,0.0
00-0034857,2026_01_BUF_HOU,1,BUF,HOU,20,29,334,2,0,2,14.5350239260416,6,23,2,0,-2.31320906124893,0,0,0,0,0,0.0,0,0,0,0.0,0,0,0,0,0,0,0,,0,0,0,0,35.66
00-0034869,2026_01_NE_SEA,1,SEA,NE,1,2,13,0,0,1,-2.0761460470967,0,0,0,0,,0,0,0,0,0,0.0,0,0,0,0.0,0,0,0,0,0,0,0,,0,0,0,0,0.52
00-0034874,2026_01_BAL_IND,1,BAL,IND,0,0,0,0,0,0,,0,0,0,0,,0,0,0,0,0,0.0,5,6,0,0.0,1,1,1,0,0,0,0,,0,0,0,0,0.0
00-0034941,2026_01_NE_SEA,1,NE,SEA,0,0,0,0,0,0,,0,0,0,0,,0,0,0,0,0,0.0,0,0,0,0.0,0,0,0,0,0,0,0,,0,0,0,0,0.0
00-0034960,2026_01_CLE_JAX,1,JAX,CLE,0,0,0,0,0,0,,1,2,0,0,0.404034327017143,2,2,40,1,11,0.0952380952380952,0,0,0,0.0,0,0,0,0,0,0,0,,0,0,0,0,12.2
00-0034967,2026_01_DAL_NYG,1,DAL,NYG,0,0,0,0,0,0,,0,0,0,0,,0,0,0,0,0,0.0,1,1,0,0.0,1,0,0,0,0,0,0,,0,0,0,0,0.0
00-0034973,2026_01_MIA_LV,1,LV,MIA,0,0,0,0,0,0,,0,0,0,0,,0,0,0,0,0,0.0,1,1,1,1.5,3,0,0,0,0,0,0,,0,0,0,0,0.0
00-0034974,2026_01_NE_SEA,1,SEA,NE,0,0,0,0,0,0,,0,0,0,0,,0,0,0,0,0,0.0,4,2,2,0.0,0,1,1,0,0,0,0,,0,0,0,0,0.0
00-0034975,2026_01_BAL_IND,1,BAL,IND,0,0,0,0,0,0,,6,18,0,0,-2.35316453221633,1,1,10,0,11,0.0416666666666667,0,0,0,0.0,0,0,0,0,0,0,0,,0,0,1,5,3.8
00-0034981,2026_01_BUF_HOU,1,HOU,BUF,0,0,0,0,0,0,,0,0,0,0,,2,2,15,0,8,0.0540540540540541,0,0,0,0.0,0,0,0,0,0,0,0,,0,0,0,0,3.5
00-0034982,2026_01_SF_LA,1,SF,LA,0,0,0,0,0,0,,0,0,0,0,,0,0,0,0,0,0.0,1,5,0,0.0,0,0,0,0,0,0,0,,0,0,0,0,0.0
00-0034993,2026_01_WAS_PHI,1,PHI,WAS,0,0,0,0,0,0,,0,0,0,0,,0,0,0,0,0,0.0,5,2,0,0.0,0,0,0,0,0,0,0,,0,0,0,0,0.0
00-0035021,2026_01_BAL_IND,1,IND,BAL,0,0,0,0,0,0,,0,0,0,0,,1,0,0,0,0,0.0344827586206897,2,0,0,0.0,0,0,0,0,0,0,0,,0,0,0,0,0.0
00-0035125,2026_01_ARI_LAC,1,LAC,ARI,0,0,0,0,0,0,,0,0,0,0,,0,0,0,0,0,0.0,0,0,0,0.0,0,0,0,0,0,0,0,,0,0,0,0,0.0
00-0035133,2026_01_GB_MIN,1,GB,MIN,0,0,0,0,0,0,,0,0,0,0,,0,0,0,0,0,0.0,3,2,1,0.5,2,1,1,0,0,0,0,,0,0,0,0,0.0
00-0035144,2026_01_ARI_LAC,1,ARI,LAC,0,0,0,0,0,0,,0,0,0,0,,0,0,0,0,0,0.0,2,4,0,0.0,0,0,1,0,0,0,0,,0,0,0,0,0.0
00-0035156,2026_01_NO_DET,1,DET,NO,0,0,0,0,0,0,,0,0,0,0,,0,0,0,0,0,0.0,0,0,0,0.0,0,0,0,0,0,0,0,,0,0,0,0,0.0
00-0035166,2026_01_BUF_HOU,1,HOU,BUF,0,0,0,0,0,0,,0,0,0,0,,0,0,0,0,0,0.0,5,3,1,0.0,0,0,0,0,0,0,0,,0,0,0,0,0.0
00-0035190,2026_01_MIA_LV,1,LV,MIA,0,0,0,0,0,0,,0,0,0,0,,0,0,0,0,0,0.0,0,0,0,0.0,0,0,0,0,0,0,0,,0,0,0,0,0.0
00-0035192,2026_01_NYJ_TEN,1,TEN,NYJ,0,0,0,0,0,0,,0,0,0,0,,0,0,0,0,0,0.0,0,0,0,0.0,0,0,0,0,0,1,1,42.0,1,1,1,0,0.0
00-0035202,2026_01_ARI_LAC,1,LAC,ARI,0,0,0,0,0,0,,0,0,0,0,,0,0,0,0,0,0.0,3,3,0,0.0,1,0,0,0,0,0,0,,0,0,0,0,0.0
00-0035208,2026_01_ATL_PIT,1,ATL,PIT,0,0,0,0,0,0,,0,0,0,0,,1,1,5,0,0,0.0526315789473684,0,0,0,0.0,0,0,0,0,0,0,0,,0,0,0,0,1.5
00-0035227,2026_01_DAL_NYG,1,DAL,NYG,0,0,0,0,0,0,,0,0,0,0,,0,0,0,0,0,0.0,1,1,0,0.0,0,0,0,0,0,0,0,,0,0,0,0,0.0
00-0035228,2026_01_GB_MIN,1,MIN,GB,3,5,18,0,1,0,-4.46829484705813,2,9,0,0,2.29099782393314,0,0,0,0,0,0.0,0,0,0,0.0,0,0,0,0,0,0,0,,0,0,0,0,-0.38
00-0035229,2026_01_GB_MIN,1,MIN,GB,0,0,0,0,0,0,,0,0,0,0,,5,4,36,1,13,0.217391304347826,1,0,0,0.0,0,0,0,0,0,0,0,,0,0,0,0,13.6
00-0035230,2026_01_BUF_HOU,1,BUF,HOU,0,0,0,0,0,0,,0,0,0,0,,0,0,0,0,0,0.0,2,3,1,0.0,1,0,0,0,0,0,0,,0,0,0,0,0.0
00-0035234,2026_01_CLE_JAX,1,CLE,JAX,0,0,0,0,0,0,,0,0,0,0,,0,0,0,0,0,0.0,0,0,0,0.0,0,0,0,0,0,0,0,,0,0,1,5,0.0
00-0035236,2026_01_GB_MIN,1,MIN,GB,0,0,0,0,0,0,,0,0,0,0,,0,0,0,0,0,0.0,7,1,0,0.0,0,0,1,0,0,0,0,,0,0,0,0,0.0
00-0035240,2026_01_CLE_JAX,1,JAX,CLE,0,0,0,0,0,0,,0,0,0,0,,0,0,0,0,0,0.0,2,1,0,0.0,0,0,0,0,0,0,0,,0,0,0,0,0.0
00-0035248,2026_01_DEN_KC,1,DEN,KC,0,0,0,0,0,0,,0,0,0,0,,0,0,0,0,0,0.0,3,2,2,2.0,3,0,0,0,0,0,0,,0,0,0,0,0.0
00-0035249,2026_01_GB_MIN,1,MIN,GB,0,0,0,0,0,0,,0,0,0,0,,4,2,22,0,5,0.173913043478261,0,0,0,0.0,0,0,0,0,0,0,0,,0,0,0,0,4.2
00-0035250,2026_01_DAL_NYG,1,NYG,DAL,0,0,0,0,0,0,,6,16,0,0,-1.03492048056796,4,4,22,1,38,0.137931034482759,0,0,0,0.0,0,0,0,0,0,0,0,,0,0,0,0,13.8
00-0035253,2026_01_BUF_HOU,1,BUF,HOU,0,0,0,0,0,0,,0,0,0,0,,0,0,0,0,0,0.0,6,2,0,0.0,0,0,0,0,0,0,0,,0,0,0,0,0.0
00-0035254,2026_01_TB_CIN,1,TB,CIN,0,0,0,0,0,0,,0,0,0,0,,0,0,0,0,0,0.0,1,1,0,0.0,0,0,0,0,0,0,0,,0,0,1,5,0.0
00-0035258,2026_01_ARI_LAC,1,ARI,LAC,0,0,0,0,0,0,,0,0,0,0,,0,0,0,0,0,0.0,0,0,0,0.0,0,0,0,0,0,0,0,,0,0,1,10,0.0
00-0035261,2026_01_NYJ_TEN,1,TEN,NYJ,0,0,0,0,0,0,,7,35,0,0,-0.487543386640027,2,1,-1,0,1,0.0714285714285714,0,0,0,0.0,0,0,0,0,0,0,0,,0,0,0,0,4.4
00-0035262,2026_01_DEN_KC,1,KC,DEN,0,0,0,0,0,0,,0,0,0,0,,0,0,0,0,0,0.0,2,5,0,0.0,0,0,0,0,0,0,0,,0,0,0,0,0.0
00-0035269,2026_01_MIA_LV,1,LV,MIA,0,0,0,0,0,0,,0,0,0,0,,0,0,0,0,0,0.0,0,0,0,0.0,0,0,0,0,0,2,2,47.0,3,3,0,0,0.0
00-0035272,2026_01_GB_MIN,1,MIN,GB,0,0,0,0,0,0,,0,0,0,0,,0,0,0,0,0,0.0,2,1,1,1.5,2,0,0,1,0,0,0,,0,0,0,0,0.0
00-0035276,2026_01_GB_MIN,1,MIN,GB,0,0,0,0,0,0,,0,0,0,0,,0,0,0,0,0,0.0,3,2,2,0.5,2,0,0,0,0,0,0,,0,0,0,0,0.0
00-0035277,2026_01_CHI_CAR,1,CAR,CHI,0,0,0,0,0,0,,0,0,0,0,,0,0,0,0,0,0.0,2,0,0,0.0,0,0,0,0,0,0,0,,0,0,0,0,0.0
00-0035279,2026_01_WAS_PHI,1,WAS,PHI,0,0,0,0,0,0,,0,0,0,0,,0,0,0,0,0,0.0,0,0,0,0.0,0,0,1,0,0,0,0,,0,0,0,0,0.0
00-0035280,2026_01_ATL_PIT,1,ATL,PIT,0,0,0,0,0,0,,0,0,0,0,,0,0,0,0,0,0.0,0,0,0,0.0,0,0,0,0,0,0,0,,0,0,1,0,0.0
00-0035286,2026_01_ATL_PIT,1,PIT,ATL,0,0,0,0,0,0,,0,0,0,0,,0,0,0,0,0,0.0,0,1,0,0.0,0,0,0,0,0,0,0,,0,0,0,0,0.0
00-0035316,2026_01_NO_DET,1,NO,DET,0,0,0,0,0,0,,0,0,0,0,,0,0,0,0,0,0.0,3,6,0,0.0,3,0,1,0,0,0,0,,0,0,0,0,0.0
00-0035357,2026_01_CHI_CAR,1,CHI,CAR,0,0,0,0,0,0,,0,0,0,0,,0,0,0,0,0,0.0,5,1,0,0.0,0,0,0,0,0,0,0,,0,0,0,0,0.0
00-0035358,2026_01_TB_CIN,1,TB,CIN,0,0,0,0,0,0,,0,0,0,0,,0,0,0,0,0,0.0,0,0,0,0.0,0,0,0,0,0,2,2,51.0,3,3,0,0,0.0
00-0035363,2026_01_TB_CIN,1,CIN,TB,0,0,0,0,0,0,,0,0,0,0,,0,0,0,0,0,0.0,0,1,0,0.0,0,0,0,0,0,0,0,,0,0,0,0,0.0
00-0035378,2026_01_ARI_LAC,1,ARI,LAC,0,0,0,0,0,0,,0,0,0,0,,0,0,0,0,0,0.0,3,1,2,0.0,0,1,1,1,0,0,0,,0,0,0,0,0.0
00-0035386,2026_01_CHI_CAR,1,CHI,CAR,0,0,0,0,0,0,,0,0,0,0,,0,0,0,0,0,0.0,0,1,0,0.0,0,0,0,0,0,0,0,,0,0,0,0,0.0
00-0035402,2026_01_NO_DET,1,NO,DET,0,0,0,0,0,0,,0,0,0,0,,0,0,0,0,0,0.0,2,0,1,1.0,1,0,0,0,0,0,0,,0,0,0,0,0.0
00-0035409,2026_01_WAS_PHI,1,WAS,PHI,0,0,0,0,0,0,,0,0,0,0,,0,0,0,0,0,0.0,0,1,0,0.0,0,0,0,0,0,0,0,,0,0,0,0,0.0
00-0035500,2026_01_BUF_HOU,1,BUF,HOU,0,0,0,0,0,0,,0,0,0,0,,0,0,0,0,0,0.0,0,0,0,0.0,0,0,0,0,0,0,0,,0,0,0,0,0.0
00-0035525,2026_01_CHI_CAR,1,CHI,CAR,0,0,0,0,0,0,,0,0,0,0,,0,0,0,0,0,0.0,2,4,0,0.0,1,0,0,0,0,0,0,,0,0,0,0,0.0
00-0035526,2026_01_CLE_JAX,1,CLE,JAX,0,0,0,0,0,0,,0,0,0,0,,0,0,0,0,0,0.0,1,0,0,0.0,0,0,0,0,0,0,0,,0,0,0,0,0.0
00-0035544,2026_01_NO_DET,1,DET,NO,0,0,0,0,0,0,,0,0,0,0,,0,0,0,0,0,0.0,0,0,0,0.0,0,0,0,0,0,0,0,,0,0,0,0,0.0
00-0035588,2026_01_CHI_CAR,1,CHI,CAR,0,0,0,0,0,0,,0,0,0,0,,0,0,0,0,0,0.0,0,0,0,0.0,0,0,0,0,0,0,0,,0,0,1,9,0.0
00-0035630,2026_01_ATL_PIT,1,ATL,PIT,0,0,0,0,0,0,,0,0,0,0,,0,0,0,0,0,0.0,0,0,0,0.0,0,0,0,0,0,0,0,,0,0,1,10,0.0
00-0035631,2026_01_TB_CIN,1,CIN,TB,0,0,0,0,0,0,,0,0,0,0,,3,3,19,0,19,0.0882352941176471,0,0,0,0.0,0,0,0,0,0,0,0,,0,0,0,0,4.9
00-0035632,2026_01_NYJ_TEN,1,TEN,NYJ,0,0,0,0,0,0,,0,0,0,0,,0,0,0,0,0,0.0,5,4,1,0.0,0,0,0,0,0,0,0,,0,0,0,0,0.0
00-0035636,2026_01_ARI_LAC,1,ARI,LAC,0,0,0,0,0,0,,0,0,0,0,,0,0,0,0,0,0.0,0,1,0,0.0,0,0,0,0,0,0,0,,0,0,0,0,0.0
00-0035637,2026_01_NO_DET,1,DET,NO,0,0,0,0,0,0,,0,0,0,0,,0,0,0,0,0,0.0,7,0,0,0.0,0,0,0,0,0,0,0,,0,0,2,26,0.0
00-0035640,2026_01_ATL_PIT,1,PIT,ATL,0,0,0,0,0,0,,0,0,0,0,,10,4,40,0,5,0.27027027027027,0,0,0,0.0,0,0,0,0,0,0,0,,0,0,1,10,8.0
00-0035642,2026_01_CLE_JAX,1,JAX,CLE,0,0,0,0,0,0,,0,0,0,0,,0,0,0,0,0,0.0,2,3,1,1.5,2,0,0,1,0,0,0,,0,0,0,0,0.0
00-0035643,2026_01_NYJ_TEN,1,TEN,NYJ,0,0,0,0,0,0,,0,0,0,0,,0,0,0,0,0,0.0,2,2,0,0.0,0,0,0,0,0,0,0,,0,0,0,0,0.0
00-0035644,2026_01_NO_DET,1,NO,DET,0,0,0,0,0,0,,0,0,0,0,,8,4,33,1,15,0.153846153846154,1,0,0,0.0,0,0,0,0,0,0,0,,0,0,0,0,13.3
00-0035647,2026_01_CHI_CAR,1,CHI,CAR,0,0,0,0,0,0,,0,0,0,0,,0,0,0,0,0,0.0,1,1,1,1.0,1,0,0,0,0,0,0,,0,0,1,0,0.0
00-0035659,2026_01_WAS_PHI,1,WAS,PHI,0,0,0,0,0,0,,0,0,0,0,,4,2,14,0,15,0.137931034482759,0,0,0,0.0,0,0,0,0,0,0,0,,0,0,0,0,3.4
00-0035667,2026_01_BUF_HOU,1,BUF,HOU,0,0,0,0,0,0,,0,0,0,0,,0,0,0,0,0,0.0,1,1,0,0.0,0,0,0,0,0,0,0,,0,0,0,0,0.0
00-0035669,2026_01_CHI_CAR,1,CAR,CHI,0,0,0,0,0,0,,0,0,0,0,,0,0,0,0,0,0.0,5,2,0,0.0,0,0,0,0,0,0,0,,0,0,0,0,0.0
00-0035672,2026_01_NYJ_TEN,1,TEN,NYJ,0,0,0,0,0,0,,0,0,0,0,,0,0,0,0,0,0.0,1,2,0,0.0,0,0,0,0,0,0,0,,0,0,0,0,0.0
00-0035674,2026_01_BAL_IND,1,IND,BAL,0,0,0,0,0,0,,0,0,0,0,,0,0,0,0,0,0.0,1,2,0,0.0,0,0,0,0,0,0,0,,0,0,0,0,0.0
00-0035676,2026_01_NE_SEA,1,NE,SEA,0,0,0,0,0,0,,0,0,0,0,,4,3,26,0,14,0.129032258064516,0,0,0,0.0,0,0,0,0,0,0,0,,0,0,0,0,5.6
00-0035678,2026_01_NE_SEA,1,NE,SEA,0,0,0,0,0,0,,0,0,0,0,,0,0,0,0,0,0.0,1,1,1,1.0,4,0,0,0,0,0,0,,0,0,0,0,0.0
00-0035680,2026_01_CLE_JAX,1,CLE,JAX,0,0,0,0,0,0,,0,0,0,0,,0,0,0,0,0,0.0,3,1,0,0.0,0,0,0,0,0,0,0,,0,0,0,0,0.0
00-0035683,2026_01_TB_CIN,1,CIN,TB,0,0,0,0,0,0,,0,0,0,0,,0,0,0,0,0,0.0,0,0,0,0.0,1,0,0,0,0,0,0,,0,0,0,0,0.0
00-0035685,2026_01_BUF_HOU,1,HOU,BUF,0,0,0,0,0,0,,20,60,2,0,-0.305665276246145,3,3,19,1,14,0.0810810810810811,0,0,0,0.0,0,0,0,0,0,0,0,,0,0,1,15,28.9
00-0035687,2026_01_CHI_CAR,1,CAR,CHI,0,0,0,0,0,0,,0,0,0,0,,0,0,0,0,0,0.0,3,3,1,0.0,0,0,0,1,0,0,0,,0,0,0,0,0.0
00-0035689,2026_01_BUF_HOU,1,BUF,HOU,0,0,0,0,0,0,,0,0,0,0,,1,1,7,0,5,0.0357142857142857,0,0,0,0.0,0,0,0,0,0,0,0,,0,0,0,0,1.7
00-0035692,2026_01_MIA_LV,1,MIA,LV,0,0,0,0,0,0,,0,0,0,0,,0,0,0,0,0,0.0,0,1,0,0.0,0,0,0,0,0,0,0,,0,0,0,0,0.0
00-0035699,2026_01_ATL_PIT,1,PIT,ATL,0,0,0,0,0,0,,0,0,0,0,,0,0,0,0,0,0.0,3,2,0,0.0,0,0,0,1,0,0,0,,0,0,0,0,0.0
00-0035704,2026_01_NE_SEA,1,SEA,NE,16,22,187,1,0,1,6.44459495016549,2,13,0,0,1.73395041114418,0,0,0,0,0,0.0,0,0,0,0.0,0,0,0,0,0,0,0,,0,0,0,0,12.78
00-0035705,2026_01_DAL_NYG,1,DAL,NYG,0,0,0,0,0,0,,0,0,0,0,,0,0,0,0,0,0.0,3,6,0,0.0,0,0,0,0,0,0,0,,0,0,0,0,0.0
00-0035707,2026_01_NO_DET,1,DET,NO,0,0,0,0,0,0,,0,0,0,0,,0,0,0,0,0,0.0,1,2,0,0.0,0,0,0,0,0,0,0,,0,0,0,0,0.0
00-0035710,2026_01_BAL_IND,1,IND,BAL,19,31,166,1,1,2,-9.61222987736863,1,4,0,0,0.244398751994595,0,0,0,0,0,0.0,0,0,0,0.0,0,0,0,0,0,0,0,,0,0,0,0,9.04
00-0035713,2026_01_DAL_NYG,1,NYG,DAL,0,0,0,0,0,0,,0,0,0,0,,0,0,0,0,0,0.0,2,0,0,0.0,0,0,0,0,0,0,0,,0,0,0,0,0.0
00-0035717,2026_01_SF_LA,1,SF,LA,0,0,0,0,0,0,,0,0,0,0,,0,0,0,0,0,0.0,3,1,2,0.0,1,0,0,0,0,0,0,,0,0,0,0,0.0
00-0035718,2026_01_DAL_NYG,1,DAL,NYG,0,0,0,0,0,0,,0,0,0,0,,0,0,0,0,0,0.0,1,1,0,0.0,1,0,0,1,0,0,0,,0,0,1,5,0.0
00-0035719,2026_01_SF_LA,1,SF,LA,0,0,0,0,0,0,,1,12,0,0,0.380924516823143,7,6,48,1,28,0.205882352941176,0,0,0,0.0,0,0,0,0,0,0,0,,0,0,0,0,18.0
00-0035763,2026_01_DEN_KC,1,DEN,KC,0,0,0,0,0,0,,0,0,0,0,,0,0,0,0,0,0.0,2,0,0,0.0,0,0,1,0,0,0,0,,0,0,0,0,0.0
00-0035795,2026_01_GB_MIN,1,MIN,GB,0,0,0,0,0,0,,0,0,0,0,,0,0,0,0,0,0.0,4,0,0,0.0,0,1,2,0,0,0,0,,0,0,0,0,0.0
00-0035821,2026_01_SF_LA,1,SF,LA,0,0,0,0,0,0,,0,0,0,0,,0,0,0,0,0,0.0,0,0,0,0.0,0,0,0,0,0,0,0,,0,0,0,0,0.0
00-0035827,2026_01_CLE_JAX,1,JAX,CLE,0,0,0,0,0,0,,0,0,0,0,,0,0,0,0,0,0.0,0,1,0,0.0,0,0,0,0,0,0,0,,0,0,0,0,0.0
00-0035859,2026_01_ARI_LAC,1,ARI,LAC,0,0,0,0,0,0,,0,0,0,0,,0,0,0,0,0,0.0,0,0,0,0.0,0,0,0,0,0,0,0,,0,0,0,0,0.0
00-0035889,2026_01_NYJ_TEN,1,TEN,NYJ,0,0,0,0,0,0,,0,0,0,0,,0,0,0,0,0,0.0,0,0,0,0.0,0,0,0,0,0,0,0,,0,0,0,0,0.0
00-0035891,2026_01_MIA_LV,1,LV,MIA,0,0,0,0,0,0,,0,0,0,0,,1,0,0,0,0,0.0344827586206897,1,2,0,0.0,0,0,0,0,0,0,0,,0,0,0,0,0.0
00-0035933,2026_01_BUF_HOU,1,BUF,HOU,0,0,0,0,0,0,,0,0,0,0,,0,0,0,0,0,0.0,1,4,0,0.0,0,0,0,0,0,0,0,,0,0,0,0,0.0
00-0036036,2026_01_DAL_NYG,1,DAL,NYG,0,0,0,0,0,0,,0,0,0,0,,0,0,0,0,0,0.0,0,0,0,0.0,0,0,0,0,0,0,0,,0,0,1,10,0.0
00-0036037,2026_01_BUF_HOU,1,BUF,HOU,0,0,0,0,0,0,,0,0,0,0,,0,0,0,0,0,0.0,0,0,0,0.0,0,0,0,0,0,0,0,,0,0,1,14,0.0
00-0036040,2026_01_NO_DET,1,NO,DET,0,0,0,0,0,0,,0,0,0,0,,7,3,54,1,4,0.134615384615385,0,0,0,0.0,0,0,0,0,0,0,0,,0,0,0,0,14.4
00-0036081,2026_01_BAL_IND,1,BAL,IND,0,0,0,0,0,0,,0,0,0,0,,0,0,0,0,0,0.0,1,0,0,0.0,0,0,1,0,0,0,0,,0,0,0,0,0.0
00-0036124,2026_01_NO_DET,1,DET,NO,0,0,0,0,0,0,,0,0,0,0,,0,0,0,0,0,0.0,1,1,0,0.0,0,0,0,0,0,0,0,,0,0,0,0,0.0
00-0036139,2026_01_ATL_PIT,1,PIT,ATL,0,0,0,0,0,0,,8,15,0,0,-3.29519674123731,5,2,6,0,12,0.135135135135135,0,0,0,0.0,0,0,0,0,0,0,0,,0,0,0,0,4.1
00-0036157,2026_01_GB_MIN,1,GB,MIN,0,0,0,0,0,0,,0,0,0,0,,0,0,0,0,0,0.0,1,0,0,0.0,0,0,0,0,0,0,0,,0,0,0,0,0.0
00-0036158,2026_01_DEN_KC,1,DEN,KC,0,0,0,0,0,0,,8,36,0,0,-1.12913190689869,0,0,0,0,0,0.0,0,0,0,0.0,0,0,0,0,0,0,0,,0,0,0,0,3.6
00-0036159,2026_01_MIA_LV,1,MIA,LV,0,0,0,0,0,0,,0,0,0,0,,0,0,0,0,0,0.0,1,3,0,0.0,0,0,0,0,0,0,0,,0,0,0,0,0.0
00-0036162,2026_01_BUF_HOU,1,BUF,HOU,0,0,0,0,0,0,,0,0,0,0,,0,0,0,0,0,0.0,0,0,0,0.0,0,0,0,0,0,3,3,46.0,3,3,0,0,0.0
00-0036171,2026_01_MIA_LV,1,MIA,LV,0,0,0,0,0,0,,0,0,0,0,,0,0,0,0,0,0.0,0,0,0,0.0,0,0,0,0,0,0,0,,0,0,1,10,0.0
00-0036181,2026_01_ARI_LAC,1,LAC,ARI,0,0,0,0,0,0,,0,0,0,0,,0,0,0,0,0,0.0,1,1,0,0.0,0,0,0,0,0,0,0,,0,0,0,0,0.0
00-0036192,2026_01_WAS_PHI,1,PHI,WAS,0,0,0,0,0,0,,0,0,0,0,,0,0,0,0,0,0.0,1,1,0,0.0,0,0,0,0,0,0,0,,0,0,0,0,0.0
00-0036193,2026_01_NO_DET,1,NO,DET,0,0,0,0,0,0,,0,0,0,0,,0,0,0,0,0,0.0,0,1,0,0.0,0,0,0,0,0,0,0,,0,0,0,0,0.0
00-0036204,2026_01_ATL_PIT,1,ATL,PIT,0,0,0,0,0,0,,0,0,0,0,,0,0,0,0,0,0.0,1,2,0,0.0,0,0,0,0,0,0,0,,0,0,0,0,0.0
00-0036220,2026_01_CHI_CAR,1,CAR,CHI,0,0,0,0,0,0,,0,0,0,0,,0,0,0,0,0,0.0,3,0,0,0.0,1,0,0,0,0,0,0,,0,0,2,10,0.0
00-0036221,2026_01_DEN_KC,1,DEN,KC,0,0,0,0,0,0,,0,0,0,0,,0,0,0,0,0,0.0,1,4,0,0.0,0,1,1,0,0,0,0,,0,0,0,0,0.0
00-0036222,2026_01_GB_MIN,1,MIN,GB,0,0,0,0,0,0,,0,0,0,0,,0,0,0,0,0,0.0,3,0,0,0.0,0,0,0,0,0,0,0,,0,0,0,0,0.0
00-0036223,2026_01_BAL_IND,1,IND,BAL,0,0,0,0,0,0,,19,98,2,0,2.20308467058931,4,3,23,0,26,0.137931034482759,0,0,0,0.0,0,0,0,0,0,0,0,,0,0,0,0,25.1
00-0036231,2026_01_TB_CIN,1,CIN,TB,0,0,0,0,0,0,,0,0,0,0,,0,0,0,0,0,0.0,0,0,0,0.0,0,0,0,0,0,0,0,,0,0,1,10,0.0
00-0036244,2026_01_SF_LA,1,LA,SF,0,0,0,0,0,0,,0,0,0,0,,2,1,6,0,4,0.0740740740740741,0,0,0,0.0,0,0,0,0,0,0,0,,0,0,0,0,1.6
00-0036246,2026_01_DAL_NYG,1,NYG,DAL,0,0,0,0,0,0,,0,0,0,0,,0,0,0,0,0,0.0,0,0,0,0.0,0,0,0,0,0,0,0,,0,0,2,10,0.0
00-0036248,2026_01_MIA_LV,1,MIA,LV,0,0,0,0,0,0,,0,0,0,0,,0,0,0,0,0,0.0,0,0,0,0.0,0,0,0,0,0,0,0,,0,0,1,6,0.0
00-0036252,2026_01_ATL_PIT,1,PIT,ATL,0,0,0,0,0,0,,0,0,0,0,,3,3,58,0,25,0.0810810810810811,0,0,0,0.0,0,0,0,0,0,0,0,,0,0,1,5,8.8
00-0036253,2026_01_NO_DET,1,NO,DET,0,0,0,0,0,0,,0,0,0,0,,0,0,0,0,0,0.0,2,4,0,0.0,0,0,0,0,0,0,0,,0,0,0,0,0.0
00-0036259,2026_01_GB_MIN,1,MIN,GB,0,0,0,0,0,0,,0,0,0,0,,1,0,0,0,0,0.0434782608695652,0,0,0,0.0,0,0,0,0,0,0,0,,0,0,0,0,0.0
00-0036260,2026_01_WAS_PHI,1,WAS,PHI,0,0,0,0,0,0,,0,0,0,0,,0,0,0,0,0,0.0,1,1,1,0.0,0,0,0,0,0,0,0,,0,0,0,0,0.0
00-0036262,2026_01_CLE_JAX,1,JAX,CLE,0,0,0,0,0,0,,0,0,0,0,,0,0,0,0,0,0.0,0,2,0,0.0,1,0,0,0,0,0,0,,0,0,0,0,0.0
00-0036264,2026_01_GB_MIN,1,GB,MIN,21,42,387,2,1,4,-2.70364609367362,1,0,0,0,-4.35180443932768,0,0,0,0,0,0.0,1,0,0,0.0,0,0,0,0,0,0,0,,0,0,1,5,19.48
00-0036265,2026_01_CHI_CAR,1,CAR,CHI,0,0,0,0,0,0,,5,28,0,0,-1.98432166490238,0,0,0,0,0,0.0,0,0,0,0.0,0,0,0,0,0,0,0,,0,0,0,0,2.8
00-0036266,2026_01_NYJ_TEN,1,TEN,NYJ,0,0,0,0,0,0,,0,0,0,0,,0,0,0,0,0,0.0,0,2,0,0.0,0,0,0,0,0,0,0,,0,0,0,0,0.0
00-0036272,2026_01_NO_DET,1,DET,NO,0,0,0,0,0,0,,0,0,0,0,,0,0,0,0,0,0.0,0,0,0,0.0,0,0,0,0,0,0,0,,0,0,1,10,0.0
00-0036275,2026_01_CHI_CAR,1,CHI,CAR,0,0,0,0,0,0,,18,124,3,0,9.22019312880002,1,1,10,0,6,0.0384615384615385,0,0,0,0.0,0,0,0,0,0,0,0,,0,0,0,0,32.4
00-0036280,2026_01_DAL_NYG,1,NYG,DAL,0,0,0,0,0,0,,0,0,0,0,,0,0,0,0,0,0.0,2,0,0,0.0,0,0,0,0,0,0,0,,0,0,0,0,0.0
00-0036281,2026_01_ATL_PIT,1,ATL,PIT,0,0,0,0,0,0,,0,0,0,0,,0,0,0,0,0,0.0,1,0,0,0.0,0,0,1,0,0,0,0,,0,0,0,0,0.0
00-0036282,2026_01_CLE_JAX,1,CLE,JAX,0,0,0,0,0,0,,0,0,0,0,,0,0,0,0,0,0.0,1,2,0,0.0,0,0,1,0,0,0,0,,0,0,0,0,0.0
00-0036285,2026_01_ATL_PIT,1,ATL,PIT,0,0,0,0,0,0,,0,0,0,0,,0,0,0,0,0,0.0,2,3,0,0.0,0,0,1,0,0,0,0,,0,0,2,42,0.0
00-0036286,2026_01_WAS_PHI,1,WAS,PHI,0,0,0,0,0,0,,0,0,0,0,,0,0,0,0,0,0.0,0,0,0,0.0,2,0,0,0,0,0,0,,0,0,0,0,0.0
00-0036290,2026_01_CHI_CAR,1,CHI,CAR,0,0,0,0,0,0,,0,0,0,0,,3,2,35,1,8,0.115384615384615,0,0,0,0.0,0,0,0,0,0,0,0,,0,0,0,0,11.5
00-0036292,2026_01_CHI_CAR,1,CHI,CAR,0,0,0,0,0,0,,0,0,0,0,,0,0,0,0,0,0.0,1,2,0,0.0,0,0,0,1,0,0,0,,0,0,0,0,0.0
00-0036293,2026_01_MIA_LV,1,LV,MIA,0,0,0,0,0,0,,0,0,0,0,,0,0,0,0,0,0.0,4,1,0,0.0,0,0,0,1,0,0,0,,0,0,0,0,0.0
00-0036298,2026_01_BAL_IND,1,IND,BAL,0,0,0,0,0,0,,0,0,0,0,,0,0,0,0,0,0.0,5,3,0,0.0,0,0,0,0,0,0,0,,0,0,0,0,0.0
00-0036302,2026_01_BAL_IND,1,BAL,IND,0,0,0,0,0,0,,0,0,0,0,,0,0,0,0,0,0.0,1,1,0,0.0,0,0,0,0,0,0,0,,0,0,0,0,0.0
00-0036305,2026_01_CHI_CAR,1,CAR,CHI,0,0,0,0,0,0,,0,0,0,0,,0,0,0,0,0,0.0,2,0,1,0.0,0,0,0,0,0,0,0,,0,0,1,5,0.0
00-0036309,2026_01_DAL_NYG,1,NYG,DAL,0,0,0,0,0,0,,0,0,0,0,,2,2,27,0,2,0.0689655172413793,0,0,0,0.0,0,0,0,0,0,0,0,,0,0,0,0,4.7
00-0036313,2026_01_WAS_PHI,1,PHI,WAS,0,0,0,0,0,0,,0,0,0,0,,0,0,0,0,0,0.0,0,0,0,0.0,0,0,0,0,0,0,0,,0,0,0,0,0.0
00-0036321,2026_01_NO_DET,1,NO,DET,0,0,0,0,0,0,,0,0,0,0,,0,0,0,0,0,0.0,0,0,0,0.0,1,0,1,0,0,0,0,,0,0,1,1,0.0
00-0036322,2026_01_GB_MIN,1,MIN,GB,0,0,0,0,0,0,,0,0,0,0,,9,8,92,2,28,0.391304347826087,0,0,0,0.0,0,0,0,0,0,0,0,,0,0,0,0,31.2
00-0036323,2026_01_ATL_PIT,1,PIT,ATL,0,0,0,0,0,0,,0,0,0,0,,0,0,0,0,0,0.0,2,5,0,0.0,0,0,0,0,0,0,0,,0,0,0,0,0.0
00-0036325,2026_01_CHI_CAR,1,CAR,CHI,0,0,0,0,0,0,,0,0,0,0,,0,0,0,0,0,0.0,0,0,0,0.0,0,0,0,0,0,0,0,,0,0,1,10,0.0
00-0036329,2026_01_SF_LA,1,SF,LA,0,0,0,0,0,0,,0,0,0,0,,0,0,0,0,0,0.0,0,2,0,0.0,0,0,0,0,0,0,0,,0,0,0,0,0.0
00-0036331,2026_01_ARI_LAC,1,ARI,LAC,0,0,0,0,0,0,,0,0,0,0,,0,0,0,0,0,0.0,0,0,0,0.0,0,0,0,0,0,0,0,,0,0,0,0,0.0
00-0036333,2026_01_ATL_PIT,1,PIT,ATL,0,0,0,0,0,0,,0,0,0,0,,0,0,0,0,0,0.0,2,1,2,2.0,2,0,0,0,0,0,0,,0,0,0,0,0.0
00-0036335,2026_01_NO_DET,1,DET,NO,0,0,0,0,0,0,,0,0,0,0,,0,0,0,0,0,0.0,1,2,0,0.0,0,0,1,0,0,0,0,,0,0,0,0,0.0
00-0036337,2026_01_CHI_CAR,1,CHI,CAR,0,0,0,0,0,0,,0,0,0,0,,0,0,0,0,0,0.0,2,1,0,0.0,0,0,0,0,0,0,0,,0,0,1,5,0.0
00-0036338,2026_01_ARI_LAC,1,LAC,ARI,0,0,0,0,0,0,,0,0,0,0,,0,0,0,0,0,0.0,3,2,0,0.5,1,0,0,0,0,0,0,,0,0,0,0,0.0
00-0036339,2026_01_SF_LA,1,LA,SF,0,0,0,0,0,0,,0,0,0,0,,0,0,0,0,0,0.0,0,0,0,0.0,0,0,0,0,0,0,0,,0,0,1,5,0.0
00-0036341,2026_01_SF_LA,1,SF,LA,0,0,0,0,0,0,,0,0,0,0,,0,0,0,0,0,0.0,1,1,0,0.0,0,0,0,0,0,0,0,,0,0,0,0,0.0
00-0036347,2026_01_GB_MIN,1,MIN,GB,0,0,0,0,0,0,,0,0,0,0,,0,0,0,0,0,0.0,0,0,0,0.0,0,0,0,0,0,0,0,,0,0,1,5,0.0
00-0036348,2026_01_GB_MIN,1,MIN,GB,0,0,0,0,0,0,,0,0,0,0,,0,0,0,0,0,0.0,3,1,0,0.0,0,0,0,0,0,0,0,,0,0,0,0,0.0
00-0036349,2026_01_SF_LA,1,LA,SF,0,0,0,0,0,0,,0,0,0,0,,0,0,0,0,0,0.0,1,2,0,0.0,0,0,0,0,0,0,0,,0,0,0,0,0.0
00-0036355,2026_01_ARI_LAC,1,LAC,ARI,17,27,209,1,1,3,-5.60766631702427,5,29,0,0,-1.06714193610242,0,0,0,0,0,0.0,0,0,0,0.0,0,0,0,0,0,0,0,,0,0,0,0,13.26
00-0036356,2026_01_CHI_CAR,1,CAR,CHI,0,0,0,0,0,0,,0,0,0,0,,0,0,0,0,0,0.0,0,0,0,0.0,0,0,0,0,0,0,0,,0,0,1,10,0.0
00-0036358,2026_01_DAL_NYG,1,DAL,NYG,0,0,0,0,0,0,,1,0,0,0,-0.837553194956854,8,5,44,1,19,0.266666666666667,0,0,0,0.0,0,0,0,0,0,0,0,,0,0,0,0,15.4
00-0036362,2026_01_MIA_LV,1,MIA,LV,0,0,0,0,0,0,,0,0,0,0,,0,0,0,0,0,0.0,0,1,0,0.0,0,0,0,0,0,0,0,,0,0,0,0,0.0
00-0036366,2026_01_CHI_CAR,1,CHI,CAR,0,0,0,0,0,0,,0,0,0,0,,0,0,0,0,0,0.0,0,1,0,0.0,0,0,0,0,0,0,0,,0,0,0,0,0.0
00-0036374,2026_01_DEN_KC,1,KC,DEN,0,0,0,0,0,0,,0,0,0,0,,0,0,0,0,0,0.0,7,1,0,0.0,0,0,0,0,0,0,0,,0,0,1,5,0.0
00-0036375,2026_01_WAS_PHI,1,WAS,PHI,0,0,0,0,0,0,,0,0,0,0,,0,0,0,0,0,0.0,3,3,0,0.0,0,0,0,0,0,0,0,,0,0,0,0,0.0
00-0036380,2026_01_DEN_KC,1,KC,DEN,0,0,0,0,0,0,,0,0,0,0,,0,0,0,0,0,0.0,2,1,0,0.0,0,0,0,0,0,0,0,,0,0,0,0,0.0
00-0036386,2026_01_DAL_NYG,1,NYG,DAL,0,0,0,0,0,0,,0,0,0,0,,0,0,0,0,0,0.0,1,0,0,0.0,0,0,0,0,0,0,0,,0,0,0,0,0.0
00-0036388,2026_01_GB_MIN,1,GB,MIN,0,0,0,0,0,0,,0,0,0,0,,0,0,0,0,0,0.0,3,0,0,0.0,0,0,0,0,0,0,0,,0,0,1,3,0.0
00-0036389,2026_01_WAS_PHI,1,PHI,WAS,14,25,203,3,0,3,1.27337632780823,7,46,0,0,4.19875540526118,0,0,0,0,0,0.0,0,0,0,0.0,0,0,0,0,0,0,0,,0,0,0,0,24.72
00-0036406,2026_01_TB_CIN,1,TB,CIN,0,0,0,0,0,0,,0,0,0,0,,0,0,0,0,0,0.0,0,0,0,0.0,0,0,0,0,0,0,0,,0,0,2,10,0.0
00-0036407,2026_01_CLE_JAX,1,CLE,JAX,0,0,0,0,0,0,,0,0,0,0,,4,2,26,0,9,0.181818181818182,0,0,0,0.0,0,0,0,0,0,0,0,,0,0,0,0,4.6
00-0036409,2026_01_MIA_LV,1,MIA,LV,0,0,0,0,0,0,,0,0,0,0,,0,0,0,0,0,0.0,6,3,0,0.0,1,0,0,0,0,0,0,,0,0,0,0,0.0
00-0036410,2026_01_TB_CIN,1,CIN,TB,0,0,0,0,0,0,,0,0,0,0,,6,3,59,0,26,0.176470588235294,0,0,0,0.0,0,0,0,0,0,0,0,,0,0,0,0,8.9
00-0036411,2026_01_TB_CIN,1,TB,CIN,0,0,0,0,0,0,,0,0,0,0,,0,0,0,0,0,0.0,7,2,0,0.0,0,0,0,0,0,0,0,,0,0,0,0,0.0
00-0036416,2026_01_DEN_KC,1,KC,DEN,0,0,0,0,0,0,,0,0,0,0,,0,0,0,0,0,0.0,1,0,0,0.0,0,0,0,0,0,0,0,,0,0,0,0,0.0
00-0036418,2026_01_WAS_PHI,1,PHI,WAS,0,0,0,0,0,0,,0,0,0,0,,0,0,0,0,0,0.0,7,5,1,0.0,0,0,2,0,0,0,0,,0,0,0,0,0.0
00-0036422,2026_01_DEN_KC,1,DEN,KC,0,0,0,0,0,0,,0,0,0,0,,3,2,10,0,8,0.111111111111111,0,0,0,0.0,0,0,0,0,0,0,0,,0,0,0,0,3.0
00-0036425,2026_01_GB_MIN,1,MIN,GB,0,0,0,0,0,0,,0,0,0,0,,1,1,1,0,0,0.0434782608695652,1,0,0,0.0,0,0,0,0,0,0,0,,0,0,0,0,1.1
00-0036428,2026_01_DEN_KC,1,DEN,KC,0,0,0,0,0,0,,0,0,0,0,,0,0,0,0,0,0.0,1,2,0,0.0,0,0,0,0,0,0,0,,0,0,0,0,0.0
00-0036442,2026_01_TB_CIN,1,CIN,TB,25,35,254,1,1,1,-2.62695306242177,5,20,0,0,0.484639389935182,0,0,0,0,0,0.0,0,0,0,0.0,0,0,0,0,0,0,0,,0,0,0,0,14.16
00-0036443,2026_01_CLE_JAX,1,CLE,JAX,0,0,0,0,0,0,,0,0,0,0,,0,0,0,0,0,0.0,1,0,0,0.0,0,0,0,0,0,0,0,,0,0,0,0,0.0
00-0036463,2026_01_ATL_PIT,1,ATL,PIT,0,0,0,0,0,0,,0,0,0,0,,0,0,0,0,0,0.0,0,1,0,0.0,0,0,0,0,0,0,0,,0,0,0,0,0.0
00-0036479,2026_01_MIA_LV,1,LV,MIA,0,0,0,0,0,0,,0,0,0,0,,0,0,0,0,0,0.0,2,3,2,2.0,4,0,0,0,0,0,0,,0,0,0,0,0.0
00-0036480,2026_01_CHI_CAR,1,CHI,CAR,0,0,0,0,0,0,,0,0,0,0,,0,0,0,0,0,0.0,1,0,0,0.0,0,0,0,0,0,0,0,,0,0,2,3,0.0
00-0036500,2026_01_NYJ_TEN,1,NYJ,TEN,0,0,0,0,0,0,,0,0,0,0,,0,0,0,0,0,0.0,2,2,0,0.0,0,0,0,0,0,0,0,,0,0,0,0,0.0
00-0036501,2026_01_WAS_PHI,1,PHI,WAS,0,0,0,0,0,0,,0,0,0,0,,0,0,0,0,0,0.0,1,0,0,0.0,0,0,0,0,0,0,0,,0,0,0,0,0.0
00-0036550,2026_01_BAL_IND,1,BAL,IND,0,0,0,0,0,0,,0,0,0,0,,1,0,0,0,0,0.0416666666666667,0,0,0,0.0,0,0,0,0,0,0,0,,0,0,0,0,0.0
00-0036554,2026_01_BUF_HOU,1,HOU,BUF,0,0,0,0,0,0,,1,7,0,0,0.906610255362466,10,7,75,1,8,0.27027027027027,0,0,0,0.0,0,0,0,0,0,0,0,,0,0,0,0,21.2
00-0036555,2026_01_CHI_CAR,1,CAR,CHI,0,0,0,0,0,0,,10,49,1,0,1.46913529216545,3,3,38,1,38,0.0882352941176471,0,0,0,0.0,0,0,0,0,0,0,0,,0,0,0,0,23.7
00-0036557,2026_01_DEN_KC,1,KC,DEN,0,0,0,0,0,0,,0,0,0,0,,0,0,0,0,0,0.0,1,0,0,0.0,0,0,0,0,0,0,0,,0,0,0,0,0.0
00-0036563,2026_01_SF_LA,1,SF,LA,0,0,0,0,0,0,,0,0,0,0,,0,0,0,0,0,0.0,3,3,0,0.0,0,0,0,0,0,0,0,,0,0,1,5,0.0
00-0036564,2026_01_DEN_KC,1,DEN,KC,0,0,0,0,0,0,,0,0,0,0,,0,0,0,0,0,0.0,2,4,0,0.0,0,0,0,0,0,0,0,,0,0,0,0,0.0
00-0036568,2026_01_ARI_LAC,1,ARI,LAC,0,0,0,0,0,0,,0,0,0,0,,0,0,0,0,0,0.0,2,2,0,0.0,0,0,0,0,0,0,0,,0,0,0,0,0.0
00-0036587,2026_01_DAL_NYG,1,NYG,DAL,0,0,0,0,0,0,,0,0,0,0,,0,0,0,0,0,0.0,0,1,0,0.0,0,0,0,0,0,0,0,,0,0,0,0,0.0
00-0036590,2026_01_CLE_JAX,1,JAX,CLE,0,0,0,0,0,0,,0,0,0,0,,1,0,0,0,0,0.0476190476190476,0,1,0,0.0,0,0,0,0,0,0,0,,0,0,0,0,0.0
00-0036603,2026_01_SF_LA,1,LA,SF,0,0,0,0,0,0,,0,0,0,0,,0,0,0,0,0,0.0,0,0,0,0.0,0,0,0,0,0,0,0,,0,0,1,13,0.0
00-0036613,2026_01_DEN_KC,1,DEN,KC,0,0,0,0,0,0,,0,0,0,0,,3,1,2,0,0,0.111111111111111,0,0,0,0.0,0,0,0,0,0,0,0,,0,0,0,0,1.2
00-0036617,2026_01_ATL_PIT,1,PIT,ATL,0,0,0,0,0,0,,0,0,0,0,,0,0,0,0,0,0.0,1,0,0,0.0,0,0,0,0,0,0,0,,0,0,1,15,0.0
00-0036621,2026_01_DEN_KC,1,KC,DEN,0,0,0,0,0,0,,0,0,0,0,,0,0,0,0,0,0.0,2,2,0,0.0,0,0,1,0,0,0,0,,0,0,0,0,0.0
00-0036622,2026_01_NYJ_TEN,1,NYJ,TEN,0,0,0,0,0,0,,0,0,0,0,,0,0,0,0,0,0.0,0,0,0,0.0,0,0,0,0,0,0,0,,0,0,1,9,0.0
00-0036623,2026_01_DEN_KC,1,KC,DEN,0,0,0,0,0,0,,0,0,0,0,,0,0,0,0,0,0.0,0,0,0,0.0,0,0,0,0,0,0,0,,0,0,0,0,0.0
00-0036624,2026_01_NO_DET,1,DET,NO,0,0,0,0,0,0,,0,0,0,0,,0,0,0,0,0,0.0,1,0,1,1.0,1,0,0,0,0,0,0,,0,0,0,0,0.0
00-0036625,2026_01_GB_MIN,1,GB,MIN,0,0,0,0,0,0,,0,0,0,0,,0,0,0,0,0,0.0,1,0,0,0.0,0,0,0,0,0,0,0,,0,0,0,0,0.0
00-0036626,2026_01_WAS_PHI,1,WAS,PHI,0,0,0,0,0,0,,0,0,0,0,,2,0,0,0,0,0.0689655172413793,0,0,0,0.0,0,0,0,0,0,0,0,,0,0,0,0,0.0
00-0036628,2026_01_WAS_PHI,1,WAS,PHI,0,0,0,0,0,0,,0,0,0,0,,3,2,13,0,15,0.103448275862069,0,0,0,0.0,0,0,0,0,0,0,0,,0,0,0,0,3.3
00-0036629,2026_01_BAL_IND,1,IND,BAL,0,0,0,0,0,0,,0,0,0,0,,0,0,0,0,0,0.0,7,0,0,0.0,0,0,0,0,0,0,0,,0,0,0,0,0.0
00-0036637,2026_01_DEN_KC,1,KC,DEN,0,0,0,0,0,0,,0,0,0,0,,1,1,5,0,0,0.04,0,0,0,0.0,0,0,0,0,0,0,0,,0,0,0,0,1.5
00-0036642,2026_01_TB_CIN,1,CIN,TB,0,0,0,0,0,0,,0,0,0,0,,0,0,0,0,0,0.0,1,0,0,0.0,0,0,0,0,0,0,0,,0,0,1,5,0.0
00-0036646,2026_01_ARI_LAC,1,ARI,LAC,0,0,0,0,0,0,,0,0,0,0,,0,0,0,0,0,0.0,0,1,0,0.0,0,0,0,0,0,0,0,,0,0,0,0,0.0
00-0036648,2026_01_GB_MIN,1,GB,MIN,0,0,0,0,0,0,,0,0,0,0,,0,0,0,0,0,0.0,0,1,0,0.0,0,0,0,0,0,0,0,,0,0,0,0,0.0
00-0036658,2026_01_GB_MIN,1,GB,MIN,0,0,0,0,0,0,,0,0,0,0,,0,0,0,0,0,0.0,1,1,0,0.0,0,0,0,0,0,0,0,,0,0,0,0,0.0
00-0036660,2026_01_DEN_KC,1,KC,DEN,0,0,0,0,0,0,,0,0,0,0,,0,0,0,0,0,0.0,0,0,0,0.0,0,0,0,0,0,0,0,,0,0,1,15,0.0
00-0036677,2026_01_MIA_LV,1,MIA,LV,0,0,0,0,0,0,,0,0,0,0,,0,0,0,0,0,0.0,3,2,1,0.0,0,0,1,0,0,0,0,,0,0,0,0,0.0
00-0036682,2026_01_MIA_LV,1,MIA,LV,0,0,0,0,0,0,,0,0,0,0,,0,0,0,0,0,0.0,1,0,1,0.0,0,0,0,0,0,0,0,,0,0,0,0,0.0
00-0036683,2026_01_DEN_KC,1,DEN,KC,0,0,0,0,0,0,,0,0,0,0,,0,0,0,0,0,0.0,0,1,0,0.0,0,0,0,0,0,0,0,,0,0,0,0,0.0
00-0036754,2026_01_NO_DET,1,DET,NO,0,0,0,0,0,0,,0,0,0,0,,1,1,5,0,3,0.0256410256410256,0,0,0,0.0,0,0,0,0,0,0,0,,0,0,0,0,1.5
00-0036813,2026_01_NE_SEA,1,NE,SEA,0,0,0,0,0,0,,0,0,0,0,,0,0,0,0,0,0.0,3,1,0,0.0,0,0,0,0,0,0,0,,0,0,0,0,0.0
00-0036816,2026_01_MIA_LV,1,MIA,LV,0,0,0,0,0,0,,0,0,0,0,,0,0,0,0,0,0.0,2,0,0,0.0,0,0,0,0,0,2,3,41.0,1,1,0,0,0.0
00-0036825,2026_01_CHI_CAR,1,CAR,CHI,0,0,0,0,0,0,,0,0,0,0,,0,0,0,0,0,0.0,0,1,0,0.0,0,0,0,0,0,0,0,,0,0,0,0,0.0
00-0036844,2026_01_SF_LA,1,SF,LA,0,0,0,0,0,0,,0,0,0,0,,0,0,0,0,0,0.0,2,0,0,0.0,0,0,0,0,0,0,0,,0,0,0,0,0.0
00-0036854,2026_01_TB_CIN,1,CIN,TB,0,0,0,0,0,0,,0,0,0,0,,0,0,0,0,0,0.0,1,0,0,0.0,0,0,0,0,0,4,4,58.0,3,3,0,0,0.0
00-0036867,2026_01_NO_DET,1,NO,DET,0,0,0,0,0,0,,0,0,0,0,,0,0,0,0,0,0.0,0,1,0,0.0,0,0,0,0,0,0,0,,0,0,0,0,0.0
00-0036874,2026_01_DEN_KC,1,DEN,KC,0,0,0,0,0,0,,0,0,0,0,,0,0,0,0,0,0.0,1,2,0,0.0,0,0,0,0,0,0,0,,0,0,0,0,0.0
00-0036875,2026_01_NE_SEA,1,NE,SEA,0,0,0,0,0,0,,18,51,0,0,-8.05034076428274,6,5,44,0,45,0.193548387096774,0,0,0,0.0,0,0,0,0,0,0,0,,0,0,0,0,14.5
00-0036880,2026_01_NO_DET,1,DET,NO,0,0,0,0,0,0,,0,0,0,0,,0,0,0,0,0,0.0,0,0,0,0.0,0,0,0,0,0,0,0,,0,0,1,5,0.0
00-0036883,2026_01_BUF_HOU,1,HOU,BUF,0,0,0,0,0,0,,0,0,0,0,,0,0,0,0,0,0.0,1,1,0,0.0,0,0,0,0,0,0,0,,0,0,0,0,0.0
00-0036887,2026_01_SF_LA,1,SF,LA,0,0,0,0,0,0,,0,0,0,0,,2,2,19,0,16,0.0588235294117647,0,0,0,0.0,0,0,0,0,0,0,0,,0,0,0,0,3.9
00-0036888,2026_01_BUF_HOU,1,BUF,HOU,0,0,0,0,0,0,,0,0,0,0,,0,0,0,0,0,0.0,0,2,0,0.0,0,0,0,0,0,0,0,,0,0,1,5,0.0
00-0036894,2026_01_ATL_PIT,1,PIT,ATL,0,0,0,0,0,0,,0,0,0,0,,5,5,46,1,25,0.135135135135135,0,0,0,0.0,0,0,0,0,0,0,0,,0,0,0,0,15.6
00-0036900,2026_01_TB_CIN,1,CIN,TB,0,0,0,0,0,0,,0,0,0,0,,4,2,12,0,2,0.117647058823529,0,0,0,0.0,0,0,0,0,0,0,0,,0,0,0,0,3.2
00-0036901,2026_01_MIA_LV,1,LV,MIA,0,0,0,0,0,0,,0,0,0,0,,0,0,0,0,0,0.0,2,0,0,0.0,0,0,0,0,0,0,0,,0,0,0,0,0.0
00-0036903,2026_01_CHI_CAR,1,CAR,CHI,0,0,0,0,0,0,,0,0,0,0,,0,0,0,0,0,0.0,0,2,0,0.0,0,0,0,0,0,0,0,,0,0,0,0,0.0
00-0036909,2026_01_DEN_KC,1,KC,DEN,0,0,0,0,0,0,,0,0,0,0,,0,0,0,0,0,0.0,0,1,0,0.0,0,0,0,0,0,0,0,,0,0,0,0,0.0
00-0036912,2026_01_WAS_PHI,1,PHI,WAS,0,0,0,0,0,0,,0,0,0,0,,6,3,53,0,5,0.272727272727273,0,0,0,0.0,0,0,0,0,0,0,0,,0,0,0,0,8.3
00-0036914,2026_01_BUF_HOU,1,BUF,HOU,0,0,0,0,0,0,,0,0,0,0,,0,0,0,0,0,0.0,4,0,2,2.0,5,0,1,2,0,0,0,,0,0,0,0,0.0
00-0036916,2026_01_NE_SEA,1,NE,SEA,0,0,0,0,0,0,,0,0,0,0,,0,0,0,0,0,0.0,2,1,0,0.0,0,0,0,0,0,0,0,,0,0,1,5,0.0
00-0036919,2026_01_TB_CIN,1,TB,CIN,0,0,0,0,0,0,,5,15,0,0,-1.11748554528458,1,1,3,0,8,0.037037037037037,0,0,0,0.0,0,0,0,0,0,0,0,,0,0,0,0,2.8
00-0036922,2026_01_MIA_LV,1,LV,MIA,0,0,0,0,0,0,,0,0,0,0,,0,0,0,0,0,0.0,1,0,0,0.0,0,0,0,0,0,0,0,,0,0,0,0,0.0
00-0036927,2026_01_NO_DET,1,NO,DET,0,0,0,0,0,0,,0,0,0,0,,0,0,0,0,0,0.0,3,4,1,0.0,0,0,1,0,0,0,0,,0,0,0,0,0.0
00-0036933,2026_01_ARI_LAC,1,ARI,LAC,0,0,0,0,0,0,,0,0,0,0,,0,0,0,0,0,0.0,3,0,0,0.0,0,0,0,0,0,0,0,,0,0,0,0,0.0
00-0036934,2026_01_CHI_CAR,1,CAR,CHI,0,0,0,0,0,0,,0,0,0,0,,0,0,0,0,0,0.0,2,1,1,1.0,1,0,0,0,0,0,0,,0,0,0,0,0.0
00-0036937,2026_01_DAL_NYG,1,NYG,DAL,0,0,0,0,0,0,,0,0,0,0,,0,0,0,0,0,0.0,3,0,0,0.0,0,0,0,0,0,0,0,,0,0,0,0,0.0
00-0036940,2026_01_WAS_PHI,1,WAS,PHI,0,0,0,0,0,0,,0,0,0,0,,0,0,0,0,0,0.0,2,1,2,1.0,1,0,0,0,0,0,0,,0,0,0,0,0.0
00-0036941,2026_01_NYJ_TEN,1,NYJ,TEN,0,0,0,0,0,0,,0,0,0,0,,0,0,0,0,0,0.0,6,0,0,0.0,0,0,0,0,0,0,0,,0,0,0,0,0.0
00-0036942,2026_01_SF_LA,1,SF,LA,0,0,0,0,0,0,,0,0,0,0,,0,0,0,0,0,0.0,1,1,0,0.0,4,0,0,0,0,0,0,,0,0,0,0,0.0
00-0036943,2026_01_DEN_KC,1,DEN,KC,0,0,0,0,0,0,,0,0,0,0,,0,0,0,0,0,0.0,0,1,0,0.0,0,0,0,0,0,0,0,,0,0,0,0,0.0
00-0036944,2026_01_CHI_CAR,1,CAR,CHI,0,0,0,0,0,0,,0,0,0,0,,0,0,0,0,0,0.0,2,1,0,0.0,0,0,0,0,0,0,0,,0,0,0,0,0.0
00-0036962,2026_01_CHI_CAR,1,CAR,CHI,0,0,0,0,0,0,,0,0,0,0,,0,0,0,0,0,0.0,0,3,0,0.0,0,0,0,0,0,0,0,,0,0,0,0,0.0
00-0036963,2026_01_NO_DET,1,DET,NO,0,0,0,0,0,0,,0,0,0,0,,14,10,67,2,27,0.358974358974359,0,0,0,0.0,0,0,0,0,0,0,0,,0,0,0,0,28.7
00-0036964,2026_01_NO_DET,1,DET,NO,0,0,0,0,0,0,,0,0,0,0,,0,0,0,0,0,0.0,3,3,1,1.0,1,1,2,0,0,0,0,,0,0,0,0,0.0
00-0036970,2026_01_ATL_PIT,1,ATL,PIT,0,0,0,0,0,0,,0,0,0,0,,1,0,0,0,0,0.0526315789473684,0,0,0,0.0,0,0,0,0,0,0,0,,0,0,0,0,0.0
00-0036971,2026_01_CLE_JAX,1,JAX,CLE,18,23,245,4,0,1,19.021475746762,2,3,0,0,-0.399042708100751,0,0,0,0,0,0.0,0,0,0,0.0,0,0,0,0,0,0,0,,0,0,1,5,26.1
00-0036973,2026_01_NO_DET,1,NO,DET,0,0,0,0,0,0,,9,46,0,0,-1.83234053023625,9,7,32,0,35,0.173076923076923,0,0,0,0.0,0,0,0,0,0,0,0,,0,0,0,0,14.8
00-0036974,2026_01_CLE_JAX,1,CLE,JAX,0,0,0,0,0,0,,0,0,0,0,,0,0,0,0,0,0.0,3,4,0,0.0,0,0,0,0,0,0,0,,0,0,0,0,0.0
00-0036979,2026_01_NE_SEA,1,NE,SEA,0,0,0,0,0,0,,0,0,0,0,,0,0,0,0,0,0.0,0,0,0,0.0,0,0,0,0,0,0,0,,0,0,1,5,0.0
00-0036981,2026_01_NE_SEA,1,NE,SEA,0,0,0,0,0,0,,0,0,0,0,,0,0,0,0,0,0.0,1,0,0,0.0,1,0,0,0,0,0,0,,0,0,0,0,0.0
00-0036982,2026_01_DAL_NYG,1,NYG,DAL,0,0,0,0,0,0,,0,0,0,0,,0,0,0,0,0,0.0,2,2,0,0.0,0,0,0,0,0,0,0,,0,0,0,0,0.0
00-0036985,2026_01_CLE_JAX,1,JAX,CLE,0,0,0,0,0,0,,0,0,0,0,,0,0,0,0,0,0.0,0,0,0,0.0,0,0,0,0,0,0,0,,0,0,1,5,0.0
00-0036986,2026_01_NYJ_TEN,1,NYJ,TEN,0,0,0,0,0,0,,0,0,0,0,,0,0,0,0,0,0.0,1,0,0,0.0,0,0,0,0,0,0,0,,0,0,0,0,0.0
00-0036988,2026_01_BUF_HOU,1,BUF,HOU,0,0,0,0,0,0,,0,0,0,0,,2,1,34,1,6,0.0714285714285714,0,0,0,0.0,0,0,0,0,0,0,0,,0,0,0,0,10.4
00-0036989,2026_01_MIA_LV,1,LV,MIA,0,0,0,0,0,0,,0,0,0,0,,0,0,0,0,0,0.0,0,1,0,0.0,0,0,0,0,0,0,0,,0,0,0,0,0.0
00-0036990,2026_01_ATL_PIT,1,ATL,PIT,0,0,0,0,0,0,,0,0,0,0,,0,0,0,0,0,0.0,3,4,1,0.0,0,0,0,0,0,0,0,,0,0,0,0,0.0
00-0036992,2026_01_ARI_LAC,1,LAC,ARI,0,0,0,0,0,0,,0,0,0,0,,0,0,0,0,0,0.0,3,2,0,0.0,0,0,0,0,0,0,0,,0,0,0,0,0.0
00-0036994,2026_01_NE_SEA,1,SEA,NE,0,0,0,0,0,0,,0,0,0,0,,0,0,0,0,0,0.0,8,5,0,0.0,0,0,0,0,0,0,0,,0,0,0,0,0.0
00-0036996,2026_01_DAL_NYG,1,NYG,DAL,0,0,0,0,0,0,,0,0,0,0,,0,0,0,0,0,0.0,2,1,0,0.0,0,0,0,0,0,0,0,,0,0,1,38,0.0
00-0036997,2026_01_DAL_NYG,1,DAL,NYG,0,0,0,0,0,0,,12,41,1,0,1.38681224867469,5,5,31,1,42,0.166666666666667,0,0,0,0.0,0,0,0,0,0,0,0,,0,0,1,15,24.2
00-0036998,2026_01_DAL_NYG,1,NYG,DAL,0,0,0,0,0,0,,0,0,0,0,,0,0,0,0,0,0.0,2,0,0,0.0,0,1,1,0,0,0,0,,0,0,1,15,0.0
00-0037002,2026_01_WAS_PHI,1,PHI,WAS,0,0,0,0,0,0,,0,0,0,0,,0,0,0,0,0,0.0,0,0,0,0.0,0,0,0,0,0,0,0,,0,0,1,10,0.0
00-0037003,2026_01_NE_SEA,1,SEA,NE,0,0,0,0,0,0,,0,0,0,0,,0,0,0,0,0,0.0,1,1,0,0.0,0,0,0,0,0,0,0,,0,0,1,15,0.0
00-0037004,2026_01_ARI_LAC,1,ARI,LAC,0,0,0,0,0,0,,0,0,0,0,,0,0,0,0,0,0.0,0,0,0,0.0,0,0,0,0,0,0,0,,0,0,1,4,0.0
00-0037005,2026_01_CHI_CAR,1,CAR,CHI,0,0,0,0,0,0,,0,0,0,0,,5,3,25,0,9,0.147058823529412,0,0,0,0.0,0,0,0,0,0,0,0,,0,0,0,0,5.5
00-0037009,2026_01_ARI_LAC,1,LAC,ARI,0,0,0,0,0,0,,0,0,0,0,,0,0,0,0,0,0.0,0,0,0,0.0,0,0,0,0,0,0,0,,0,0,1,10,0.0
00-0037034,2026_01_BUF_HOU,1,BUF,HOU,0,0,0,0,0,0,,0,0,0,0,,0,0,0,0,0,0.0,0,2,0,0.0,0,0,0,0,0,0,0,,0,0,1,5,0.0
00-0037073,2026_01_WAS_PHI,1,PHI,WAS,0,0,0,0,0,0,,0,0,0,0,,0,0,0,0,0,0.0,3,5,0,0.0,0,0,0,0,0,0,0,,0,0,0,0,0.0
00-0037074,2026_01_MIA_LV,1,LV,MIA,0,0,0,0,0,0,,0,0,0,0,,0,0,0,0,0,0.0,2,4,0,0.0,0,0,0,0,0,0,0,,0,0,1,4,0.0
00-0037075,2026_01_GB_MIN,1,GB,MIN,0,0,0,0,0,0,,0,0,0,0,,0,0,0,0,0,0.0,3,0,0,0.0,0,0,0,0,0,0,0,,0,0,0,0,0.0
00-0037076,2026_01_GB_MIN,1,GB,MIN,0,0,0,0,0,0,,0,0,0,0,,0,0,0,0,0,0.0,0,0,0,0.0,0,0,0,0,0,0,0,,0,0,1,10,0.0
00-0037079,2026_01_WAS_PHI,1,PHI,WAS,0,0,0,0,0,0,,0,0,0,0,,0,0,0,0,0,0.0,1,0,0,0.0,0,0,0,0,0,0,0,,0,0,0,0,0.0
00-0037082,2026_01_BUF_HOU,1,HOU,BUF,0,0,0,0,0,0,,0,0,0,0,,0,0,0,0,0,0.0,0,1,0,0.0,0,0,0,0,0,0,0,,0,0,0,0,0.0
00-0037083,2026_01_NYJ_TEN,1,NYJ,TEN,0,0,0,0,0,0,,0,0,0,0,,0,0,0,0,0,0.0,1,1,1,1.0,1,0,0,0,0,0,0,,0,0,0,0,0.0
00-0037091,2026_01_GB_MIN,1,GB,MIN,0,0,0,0,0,0,,0,0,0,0,,1,1,10,0,0,0.025,0,0,0,0.0,0,0,0,0,0,0,0,,0,0,0,0,2.0
00-0037093,2026_01_MIA_LV,1,LV,MIA,0,0,0,0,0,0,,0,0,0,0,,0,0,0,0,0,0.0,0,0,0,0.0,0,0,0,0,0,0,0,,0,0,1,5,0.0
00-0037094,2026_01_GB_MIN,1,GB,MIN,0,0,0,0,0,0,,0,0,0,0,,0,0,0,0,0,0.0,3,1,0,0.5,1,0,0,0,0,0,0,,0,0,1,5,0.0
00-0037096,2026_01_CHI_CAR,1,CHI,CAR,0,0,0,0,0,0,,0,0,0,0,,0,0,0,0,0,0.0,0,1,0,0.0,0,0,0,0,0,0,0,,0,0,0,0,0.0
00-0037129,2026_01_CHI_CAR,1,CHI,CAR,0,0,0,0,0,0,,0,0,0,0,,0,0,0,0,0,0.0,1,0,0,0.0,0,0,0,0,0,0,0,,0,0,0,0,0.0
00-0037130,2026_01_BUF_HOU,1,HOU,BUF,0,0,0,0,0,0,,0,0,0,0,,0,0,0,0,0,0.0,4,3,0,0.0,0,0,0,0,0,0,0,,0,0,0,0,0.0
00-0037132,2026_01_WAS_PHI,1,PHI,WAS,0,0,0,0,0,0,,0,0,0,0,,0,0,0,0,0,0.0,0,0,0,0.0,0,0,0,0,0,0,0,,0,0,0,0,0.0
00-0037137,2026_01_NE_SEA,1,SEA,NE,0,0,0,0,0,0,,0,0,0,0,,0,0,0,0,0,0.0,5,1,1,0.0,0,1,1,0,0,0,0,,0,0,1,34,0.0
00-0037155,2026_01_NYJ_TEN,1,TEN,NYJ,0,0,0,0,0,0,,0,0,0,0,,0,0,0,0,0,0.0,1,1,0,0.0,0,0,0,0,0,0,0,,0,0,0,0,0.0
00-0037179,2026_01_CHI_CAR,1,CAR,CHI,0,0,0,0,0,0,,0,0,0,0,,0,0,0,0,0,0.0,2,1,0,0.0,0,0,0,0,0,0,0,,0,0,0,0,0.0
00-0037190,2026_01_BAL_IND,1,IND,BAL,0,0,0,0,0,0,,0,0,0,0,,0,0,0,0,0,0.0,1,0,0,0.0,0,0,0,0,0,0,0,,0,0,0,0,0.0
00-0037191,2026_01_SF_LA,1,LA,SF,0,0,0,0,0,0,,0,0,0,0,,0,0,0,0,0,0.0,4,0,1,0.0,0,0,2,0,0,0,0,,0,0,0,0,0.0
00-0037192,2026_01_DEN_KC,1,KC,DEN,0,0,0,0,0,0,,0,0,0,0,,0,0,0,0,0,0.0,1,2,0,0.0,3,0,0,0,0,0,0,,0,0,0,0,0.0
00-0037193,2026_01_TB_CIN,1,CIN,TB,0,0,0,0,0,0,,0,0,0,0,,0,0,0,0,0,0.0,4,2,0,0.0,0,0,0,1,0,0,0,,0,0,0,0,0.0
00-0037195,2026_01_SF_LA,1,LA,SF,0,0,0,0,0,0,,0,0,0,0,,0,0,0,0,0,0.0,2,2,0,0.0,0,0,0,0,0,0,0,,0,0,0,0,0.0
00-0037196,2026_01_CHI_CAR,1,CAR,CHI,0,0,0,0,0,0,,0,0,0,0,,0,0,0,0,0,0.0,0,0,0,0.0,0,0,0,0,0,0,0,,0,0,1,5,0.0
00-0037208,2026_01_DEN_KC,1,KC,DEN,0,0,0,0,0,0,,0,0,0,0,,0,0,0,0,0,0.0,0,1,0,0.0,0,0,0,0,0,0,0,,0,0,1,10,0.0
00-0037224,2026_01_ARI_LAC,1,LAC,ARI,0,0,0,0,0,0,,0,0,0,0,,0,0,0,0,0,0.0,0,0,0,0.0,0,0,0,0,0,0,0,,2,2,0,0,0.0
00-0037228,2026_01_ATL_PIT,1,PIT,ATL,0,0,0,0,0,0,,10,46,0,0,-1.24450429144781,6,5,27,0,36,0.162162162162162,0,0,0,0.0,0,0,0,0,0,0,0,,0,0,0,0,10.3
00-0037235,2026_01_CLE_JAX,1,JAX,CLE,0,0,0,0,0,0,,0,0,0,0,,0,0,0,0,0,0.0,1,1,1,1.5,1,0,1,0,0,0,0,,0,0,0,0,0.0
00-0037236,2026_01_NO_DET,1,DET,NO,0,0,0,0,0,0,,0,0,0,0,,0,0,0,0,0,0.0,4,1,2,2.0,4,0,0,0,0,0,0,,0,0,0,0,0.0
00-0037237,2026_01_BUF_HOU,1,HOU,BUF,0,0,0,0,0,0,,0,0,0,0,,0,0,0,0,0,0.0,4,0,0,0.0,0,0,0,1,0,0,0,,0,0,0,0,0.0
00-0037238,2026_01_ATL_PIT,1,ATL,PIT,0,0,0,0,0,0,,1,6,0,0,0.585678446106613,4,2,29,0,7,0.210526315789474,0,0,0,0.0,0,0,0,0,0,0,0,,0,0,0,0,5.5
00-0037239,2026_01_NO_DET,1,NO,DET,0,0,0,0,0,0,,0,0,0,0,,13,10,182,0,33,0.25,0,0,0,0.0,0,0,0,0,0,0,0,,0,0,0,0,28.2
00-0037240,2026_01_NO_DET,1,DET,NO,0,0,0,0,0,0,,0,0,0,0,,9,4,45,0,2,0.230769230769231,0,0,0,0.0,0,0,0,0,0,0,0,,0,0,0,0,8.5
00-0037244,2026_01_CHI_CAR,1,CAR,CHI,0,0,0,0,0,0,,0,0,0,0,,0,0,0,0,0,0.0,8,4,0,0.0,0,0,0,0,0,0,0,,0,0,0,0,0.0
00-0037246,2026_01_BUF_HOU,1,HOU,BUF,0,0,0,0,0,0,,0,0,0,0,,0,0,0,0,0,0.0,4,2,0,0.0,0,0,1,0,0,0,0,,0,0,0,0,0.0
00-0037247,2026_01_DAL_NYG,1,DAL,NYG,0,0,0,0,0,0,,0,0,0,0,,6,3,28,0,5,0.2,0,0,0,0.0,0,0,0,0,0,0,0,,0,0,0,0,5.8
00-0037248,2026_01_BUF_HOU,1,BUF,HOU,0,0,0,0,0,0,,13,57,0,0,-0.0903680950286798,4,3,12,0,14,0.142857142857143,0,0,0,0.0,0,0,0,0,0,0,0,,0,0,0,0,9.9
00-0037249,2026_01_DEN_KC,1,DEN,KC,0,0,0,0,0,0,,0,0,0,0,,0,0,0,0,0,0.0,1,1,0,0.0,0,0,0,0,0,0,0,,0,0,0,0,0.0
00-0037250,2026_01_NO_DET,1,NO,DET,0,0,0,0,0,0,,0,0,0,0,,0,0,0,0,0,0.0,1,1,0,0.0,0,0,0,0,0,0,0,,0,0,0,0,0.0
00-0037252,2026_01_MIA_LV,1,MIA,LV,0,0,0,0,0,0,,0,0,0,0,,2,2,18,0,17,0.0740740740740741,0,0,0,0.0,0,0,0,0,0,0,0,,0,0,0,0,3.8
00-0037253,2026_01_NE_SEA,1,NE,SEA,0,0,0,0,0,0,,0,0,0,0,,0,0,0,0,0,0.0,3,1,0,0.0,0,0,0,0,0,0,0,,0,0,0,0,0.0
00-0037254,2026_01_BUF_HOU,1,BUF,HOU,0,0,0,0,0,0,,0,0,0,0,,0,0,0,0,0,0.0,5,6,1,0.0,0,0,0,0,0,0,0,,0,0,0,0,0.0
00-0037256,2026_01_WAS_PHI,1,WAS,PHI,0,0,0,0,0,0,,7,22,0,0,-2.76765998384035,2,2,5,0,15,0.0689655172413793,0,0,0,0.0,0,0,0,0,0,0,0,,0,0,0,0,4.7
00-0037261,2026_01_BUF_HOU,1,BUF,HOU,0,0,0,0,0,0,,0,0,0,0,,6,4,50,0,25,0.214285714285714,0,0,0,0.0,0,0,0,0,0,0,0,,0,0,0,0,9.0
00-0037262,2026_01_MIA_LV,1,LV,MIA,0,0,0,0,0,0,,0,0,0,0,,0,0,0,0,0,0.0,1,2,1,0.0,1,0,0,0,0,0,0,,0,0,0,0,0.0
00-0037263,2026_01_ARI_LAC,1,ARI,LAC,0,0,0,0,0,0,,17,61,0,0,-2.96501528027531,2,2,9,0,14,0.0540540540540541,0,0,0,0.0,0,0,0,0,0,0,0,,0,0,0,0,9.0
00-0037268,2026_01_TB_CIN,1,TB,CIN,0,0,0,0,0,0,,0,0,0,0,,0,0,0,0,0,0.0,8,1,1,0.0,0,0,2,0,0,0,0,,0,0,0,0,0.0
00-0037270,2026_01_DAL_NYG,1,DAL,NYG,0,0,0,0,0,0,,0,0,0,0,,0,0,0,0,0,0.0,2,2,0,0.0,0,0,0,0,0,0,0,,0,0,0,0,0.0
00-0037271,2026_01_CHI_CAR,1,CHI,CAR,0,0,0,0,0,0,,0,0,0,0,,0,0,0,0,0,0.0,0,2,0,0.0,0,0,0,0,0,0,0,,0,0,0,0,0.0
00-0037275,2026_01_DAL_NYG,1,DAL,NYG,0,0,0,0,0,0,,0,0,0,0,,0,0,0,0,0,0.0,3,5,0,0.0,0,0,0,0,0,0,0,,0,0,0,0,0.0
00-0037284,2026_01_DEN_KC,1,KC,DEN,0,0,0,0,0,0,,0,0,0,0,,0,0,0,0,0,0.0,0,0,0,0.0,0,0,0,0,0,0,0,,0,0,0,0,0.0
00-0037288,2026_01_BUF_HOU,1,BUF,HOU,0,0,0,0,0,0,,0,0,0,0,,0,0,0,0,0,0.0,3,2,0,0.0,0,0,0,0,0,0,0,,0,0,1,21,0.0
00-0037289,2026_01_NO_DET,1,DET,NO,0,0,0,0,0,0,,0,0,0,0,,0,0,0,0,0,0.0,2,2,0,0.0,1,0,0,0,0,0,0,,0,0,0,0,0.0
00-0037291,2026_01_MIA_LV,1,LV,MIA,0,0,0,0,0,0,,0,0,0,0,,5,3,27,0,9,0.172413793103448,0,0,0,0.0,0,0,0,0,0,0,0,,0,0,0,0,5.7
00-0037292,2026_01_BAL_IND,1,IND,BAL,0,0,0,0,0,0,,0,0,0,0,,1,0,0,0,0,0.0344827586206897,0,0,0,0.0,0,0,0,0,0,0,0,,0,0,0,0,0.0
00-0037301,2026_01_GB_MIN,1,MIN,GB,0,0,0,0,0,0,,0,0,0,0,,0,0,0,0,0,0.0,2,0,0,0.0,0,0,0,0,0,0,0,,0,0,0,0,0.0
00-0037304,2026_01_MIA_LV,1,LV,MIA,0,0,0,0,0,0,,1,1,0,0,1.84822383732535,0,0,0,0,0,0.0,0,0,0,0.0,0,0,0,0,0,0,0,,0,0,0,0,0.1
00-0037310,2026_01_DAL_NYG,1,DAL,NYG,0,0,0,0,0,0,,0,0,0,0,,0,0,0,0,0,0.0,0,1,0,0.0,0,0,0,0,0,0,0,,0,0,0,0,0.0
00-0037313,2026_01_CLE_JAX,1,JAX,CLE,0,0,0,0,0,0,,0,0,0,0,,0,0,0,0,0,0.0,3,2,1,0.0,0,0,0,0,0,0,0,,0,0,0,0,0.0
00-0037317,2026_01_ATL_PIT,1,ATL,PIT,0,0,0,0,0,0,,0,0,0,0,,0,0,0,0,0,0.0,0,1,0,0.0,0,0,0,0,0,0,0,,0,0,0,0,0.0
00-0037323,2026_01_NE_SEA,1,SEA,NE,0,0,0,0,0,0,,0,0,0,0,,0,0,0,0,0,0.0,3,1,0,0.0,0,0,1,0,0,0,0,,0,0,0,0,0.0
00-0037380,2026_01_CHI_CAR,1,CHI,CAR,0,0,0,0,0,0,,0,0,0,0,,0,0,0,0,0,0.0,0,0,0,0.0,0,0,0,0,0,0,0,,0,0,0,0,0.0
00-0037384,2026_01_DEN_KC,1,DEN,KC,0,0,0,0,0,0,,0,0,0,0,,0,0,0,0,0,0.0,1,0,0,0.0,0,0,1,0,0,0,0,,0,0,0,0,0.0
00-0037428,2026_01_BUF_HOU,1,BUF,HOU,0,0,0,0,0,0,,0,0,0,0,,0,0,0,0,0,0.0,0,0,0,0.0,0,0,0,0,0,0,0,,0,0,1,10,0.0
00-0037457,2026_01_BUF_HOU,1,HOU,BUF,0,0,0,0,0,0,,0,0,0,0,,0,0,0,0,0,0.0,0,2,0,0.0,0,0,0,0,0,0,0,,0,0,0,0,0.0
00-0037480,2026_01_ATL_PIT,1,PIT,ATL,0,0,0,0,0,0,,0,0,0,0,,0,0,0,0,0,0.0,0,0,0,0.0,0,0,0,0,0,0,0,,0,0,1,8,0.0
00-0037500,2026_01_NO_DET,1,NO,DET,0,0,0,0,0,0,,0,0,0,0,,0,0,0,0,0,0.0,0,0,0,0.0,0,0,0,0,0,0,0,,0,0,0,0,0.0
00-0037512,2026_01_MIA_LV,1,LV,MIA,0,0,0,0,0,0,,0,0,0,0,,0,0,0,0,0,0.0,0,1,0,0.0,0,0,0,0,0,0,0,,0,0,0,0,0.0
00-0037524,2026_01_NO_DET,1,DET,NO,0,0,0,0,0,0,,0,0,0,0,,0,0,0,0,0,0.0,3,0,0,0.0,0,0,0,0,0,0,0,,0,0,0,0,0.0
00-0037525,2026_01_GB_MIN,1,MIN,GB,0,0,0,0,0,0,,15,59,1,0,-2.96508915317827,0,0,0,0,0,0.0,0,0,0,0.0,0,0,0,0,0,0,0,,0,0,0,0,11.9
00-0037526,2026_01_NYJ_TEN,1,NYJ,TEN,0,0,0,0,0,0,,0,0,0,0,,0,0,0,0,0,0.0,1,0,0,0.0,0,0,0,1,0,0,0,,0,0,0,0,0.0
00-0037527,2026_01_MIA_LV,1,LV,MIA,0,0,0,0,0,0,,0,0,0,0,,0,0,0,0,0,0.0,0,3,0,0.0,0,0,0,0,0,0,0,,0,0,0,0,0.0
00-0037545,2026_01_NE_SEA,1,SEA,NE,0,0,0,0,0,0,,0,0,0,0,,3,1,4,0,2,0.125,0,0,0,0.0,0,0,0,0,0,0,0,,0,0,0,0,1.4
00-0037547,2026_01_GB_MIN,1,GB,MIN,0,0,0,0,0,0,,0,0,0,0,,0,0,0,0,0,0.0,0,0,0,0.0,0,0,0,0,0,0,0,,0,0,0,0,0.0
00-0037557,2026_01_SF_LA,1,LA,SF,0,0,0,0,0,0,,5,19,0,0,-2.73792025452713,1,1,5,0,3,0.037037037037037,0,0,0,0.0,0,0,0,0,0,0,0,,0,0,0,0,3.4
00-0037561,2026_01_DAL_NYG,1,DAL,NYG,0,0,0,0,0,0,,0,0,0,0,,0,0,0,0,0,0.0,1,0,0,0.0,0,0,0,0,0,0,0,,0,0,0,0,0.0
00-0037587,2026_01_SF_LA,1,LA,SF,0,0,0,0,0,0,,0,0,0,0,,0,0,0,0,0,0.0,5,3,0,0.0,1,0,1,0,0,0,0,,0,0,0,0,0.0
00-0037596,2026_01_ARI_LAC,1,ARI,LAC,0,0,0,0,0,0,,0,0,0,0,,0,0,0,0,0,0.0,5,2,0,0.5,1,0,0,0,0,0,0,,0,0,0,0,0.0
00-0037611,2026_01_DAL_NYG,1,NYG,DAL,0,0,0,0,0,0,,0,0,0,0,,0,0,0,0,0,0.0,1,1,0,0.0,1,0,0,0,0,0,0,,0,0,0,0,0.0
00-0037615,2026_01_MIA_LV,1,LV,MIA,0,0,0,0,0,0,,0,0,0,0,,0,0,0,0,0,0.0,4,1,2,1.0,1,0,0,1,0,0,0,,0,0,0,0,0.0
00-0037616,2026_01_WAS_PHI,1,WAS,PHI,0,0,0,0,0,0,,0,0,0,0,,0,0,0,0,0,0.0,5,3,2,0.0,0,0,0,0,0,0,0,,0,0,0,0,0.0
00-0037663,2026_01_NYJ_TEN,1,TEN,NYJ,0,0,0,0,0,0,,0,0,0,0,,0,0,0,0,0,0.0,1,1,0,0.0,0,0,0,0,0,0,0,,0,0,0,0,0.0
00-0037664,2026_01_BAL_IND,1,IND,BAL,0,0,0,0,0,0,,0,0,0,0,,6,4,61,0,9,0.206896551724138,0,0,0,0.0,0,0,0,0,0,0,0,,0,0,0,0,10.1
00-0037665,2026_01_CLE_JAX,1,CLE,JAX,0,0,0,0,0,0,,0,0,0,0,,0,0,0,0,0,0.0,1,3,0,0.0,0,0,0,0,0,0,0,,0,0,1,5,0.0
00-0037686,2026_01_MIA_LV,1,MIA,LV,0,0,0,0,0,0,,0,0,0,0,,0,0,0,0,0,0.0,2,0,0,0.0,0,0,0,0,0,0,0,,0,0,0,0,0.0
00-0037692,2026_01_DAL_NYG,1,DAL,NYG,0,0,0,0,0,0,,0,0,0,0,,0,0,0,0,0,0.0,0,0,0,0.0,0,0,0,0,0,0,0,,2,3,0,0,0.0
00-0037740,2026_01_NYJ_TEN,1,NYJ,TEN,0,0,0,0,0,0,,0,0,0,0,,7,6,79,0,18,0.304347826086957,0,0,0,0.0,0,0,0,0,0,0,0,,0,0,1,5,13.9
00-0037741,2026_01_ATL_PIT,1,ATL,PIT,0,0,0,0,0,0,,0,0,0,0,,3,1,19,0,1,0.157894736842105,0,0,0,0.0,0,0,0,0,0,0,0,,0,0,0,0,2.9
00-0037743,2026_01_TB_CIN,1,CIN,TB,0,0,0,0,0,0,,0,0,0,0,,0,0,0,0,0,0.0,7,0,0,0.0,0,0,0,0,0,0,0,,0,0,0,0,0.0
00-0037744,2026_01_ARI_LAC,1,ARI,LAC,0,0,0,0,0,0,,0,0,0,0,,13,9,95,1,36,0.351351351351351,0,0,0,0.0,0,0,0,0,0,0,0,,0,0,0,0,24.5
00-0037746,2026_01_ATL_PIT,1,ATL,PIT,0,0,0,0,0,0,,9,31,0,0,-1.05737868789583,0,0,0,0,0,0.0,0,0,0,0.0,0,0,0,0,0,0,0,,0,0,0,0,3.1
00-0037752,2026_01_DEN_KC,1,DEN,KC,0,0,0,0,0,0,,0,0,0,0,,0,0,0,0,0,0.0,0,1,0,0.0,0,0,0,0,0,0,0,,0,0,1,10,0.0
00-0037756,2026_01_BAL_IND,1,BAL,IND,0,0,0,0,0,0,,0,0,0,0,,0,0,0,0,0,0.0,3,1,2,0.0,0,0,0,0,0,0,0,,0,0,0,0,0.0
00-0037758,2026_01_NYJ_TEN,1,TEN,NYJ,0,0,0,0,0,0,,0,0,0,0,,0,0,0,0,0,0.0,3,0,0,0.0,0,0,0,0,0,0,0,,0,0,0,0,0.0
00-0037799,2026_01_DEN_KC,1,DEN,KC,0,0,0,0,0,0,,0,0,0,0,,0,0,0,0,0,0.0,4,1,1,0.0,0,0,0,0,0,0,0,,0,0,0,0,0.0
00-0037801,2026_01_DAL_NYG,1,DAL,NYG,0,0,0,0,0,0,,0,0,0,0,,1,1,8,0,7,0.0333333333333333,0,0,0,0.0,0,0,0,0,0,0,0,,0,0,0,0,1.8
00-0037805,2026_01_NYJ_TEN,1,NYJ,TEN,0,0,0,0,0,0,,0,0,0,0,,1,1,4,0,3,0.0434782608695652,0,0,0,0.0,0,0,0,0,0,0,0,,0,0,0,0,1.4
00-0037809,2026_01_WAS_PHI,1,WAS,PHI,0,0,0,0,0,0,,0,0,0,0,,3,2,16,0,2,0.103448275862069,0,0,0,0.0,0,0,0,0,0,0,0,,0,0,0,0,3.6
00-0037812,2026_01_NE_SEA,1,SEA,NE,0,0,0,0,0,0,,0,0,0,0,,0,0,0,0,0,0.0,0,0,0,0.0,0,0,0,0,0,0,0,,0,0,1,5,0.0
00-0037815,2026_01_ATL_PIT,1,ATL,PIT,0,0,0,0,0,0,,0,0,0,0,,0,0,0,0,0,0.0,0,1,0,0.0,1,0,0,1,0,0,0,,0,0,0,0,0.0
00-0037816,2026_01_NE_SEA,1,NE,SEA,0,0,0,0,0,0,,0,0,0,0,,3,0,0,0,0,0.0967741935483871,0,0,0,0.0,0,0,0,0,0,0,0,,0,0,0,0,0.0
00-0037817,2026_01_GB_MIN,1,GB,MIN,0,0,0,0,0,0,,0,0,0,0,,0,0,0,0,0,0.0,1,0,0,0.0,0,0,0,0,0,0,0,,0,0,0,0,0.0
00-0037818,2026_01_CLE_JAX,1,CLE,JAX,0,0,0,0,0,0,,0,0,0,0,,0,0,0,0,0,0.0,0,0,0,0.0,0,0,0,0,0,0,0,,0,0,2,20,0.0
00-0037819,2026_01_WAS_PHI,1,WAS,PHI,0,0,0,0,0,0,,0,0,0,0,,0,0,0,0,0,0.0,1,2,0,0.0,0,0,0,0,0,0,0,,0,0,0,0,0.0
00-0037834,2026_01_SF_LA,1,SF,LA,25,34,205,3,1,0,4.82562753588093,5,29,0,0,3.22245055087842,0,0,0,0,0,0.0,0,0,0,0.0,0,0,0,0,0,0,0,,0,0,0,0,21.1
00-0037838,2026_01_DAL_NYG,1,NYG,DAL,0,0,0,0,0,0,,0,0,0,0,,8,8,78,2,14,0.275862068965517,0,0,0,0.0,0,0,0,0,0,0,0,,0,0,0,0,27.8
00-0037839,2026_01_DAL_NYG,1,DAL,NYG,0,0,0,0,0,0,,0,0,0,0,,0,0,0,0,0,0.0,1,1,0,0.0,0,0,1,1,0,0,0,,0,0,0,0,0.0
00-0037840,2026_01_SF_LA,1,LA,SF,0,0,0,0,0,0,,11,41,1,0,1.14232724759495,3,3,24,0,17,0.111111111111111,0,0,0,0.0,0,0,0,0,0,0,0,,0,0,0,0,15.5
00-0037841,2026_01_SF_LA,1,LA,SF,0,0,0,0,0,0,,0,0,0,0,,0,0,0,0,0,0.0,7,3,0,0.0,0,1,3,0,0,0,0,,0,0,0,0,0.0
00-0037843,2026_01_CHI_CAR,1,CHI,CAR,0,0,0,0,0,0,,0,0,0,0,,0,0,0,0,0,0.0,0,1,0,0.0,0,0,0,0,0,0,0,,0,0,0,0,0.0
00-0038038,2026_01_BAL_IND,1,BAL,IND,0,0,0,0,0,0,,0,0,0,0,,0,0,0,0,0,0.0,3,2,0,0.0,1,0,0,0,0,0,0,,0,0,0,0,0.0
00-0038039,2026_01_SF_LA,1,SF,LA,0,0,0,0,0,0,,0,0,0,0,,0,0,0,0,0,0.0,0,0,0,0.0,0,0,2,0,0,0,0,,0,0,0,0,0.0
00-0038041,2026_01_DAL_NYG,1,DAL,NYG,0,0,0,0,0,0,,0,0,0,0,,2,2,6,0,0,0.0666666666666667,0,0,0,0.0,0,0,0,0,0,0,0,,0,0,0,0,2.6
00-0038046,2026_01_ARI_LAC,1,LAC,ARI,0,0,0,0,0,0,,0,0,0,0,,0,0,0,0,0,0.0,0,0,0,0.0,0,0,0,0,0,0,0,,0,0,1,5,0.0
00-0038090,2026_01_GB_MIN,1,GB,MIN,0,0,0,0,0,0,,0,0,0,0,,1,0,0,0,0,0.025,0,0,0,0.0,0,0,0,0,0,0,0,,0,0,0,0,0.0
00-0038094,2026_01_DAL_NYG,1,NYG,DAL,0,0,0,0,0,0,,0,0,0,0,,0,0,0,0,0,0.0,0,0,0,0.0,0,0,0,0,0,0,0,,0,0,0,0,0.0
00-0038102,2026_01_CHI_CAR,1,CAR,CHI,0,1,0,0,0,0,-0.381134943338111,1,24,0,0,1.67775175964925,0,0,0,0,0,0.0,0,0,0,0.0,0,0,0,0,0,0,0,,0,0,0,0,2.4
00-0038104,2026_01_DEN_KC,1,KC,DEN,0,0,0,0,0,0,,0,0,0,0,,1,0,0,0,0,0.04,0,0,0,0.0,0,0,0,0,0,0,0,,0,0,0,0,0.0
00-0038106,2026_01_DEN_KC,1,DEN,KC,0,0,0,0,0,0,,0,0,0,0,,0,0,0,0,0,0.0,1,2,0,0.0,0,0,0,0,0,0,0,,0,0,0,0,0.0
00-0038112,2026_01_WAS_PHI,1,PHI,WAS,0,0,0,0,0,0,,0,0,0,0,,0,0,0,0,0,0.0,0,0,0,0.0,0,0,0,0,0,0,0,,0,0,2,20,0.0
00-0038115,2026_01_NYJ_TEN,1,TEN,NYJ,0,0,0,0,0,0,,0,0,0,0,,1,1,7,0,6,0.0357142857142857,0,0,0,0.0,0,0,0,0,0,0,0,,0,0,0,0,1.7
00-0038116,2026_01_WAS_PHI,1,PHI,WAS,0,0,0,0,0,0,,0,0,0,0,,0,0,0,0,0,0.0,1,0,0,0.0,0,0,0,0,0,0,0,,0,0,0,0,0.0
00-0038117,2026_01_NYJ_TEN,1,TEN,NYJ,0,0,0,0,0,0,,0,0,0,0,,6,5,38,0,13,0.214285714285714,0,0,0,0.0,0,0,0,0,0,0,0,,0,0,0,0,8.8
00-0038120,2026_01_NYJ_TEN,1,NYJ,TEN,0,0,0,0,0,0,,22,102,1,0,2.34956525173038,2,2,16,0,13,0.0869565217391304,0,0,0,0.0,0,0,0,0,0,0,0,,0,0,0,0,19.8
00-0038121,2026_01_NYJ_TEN,1,TEN,NYJ,0,0,0,0,0,0,,0,0,0,0,,0,0,0,0,0,0.0,3,3,0,0.0,0,0,0,0,0,0,0,,0,0,1,10,0.0
00-0038123,2026_01_NYJ_TEN,1,NYJ,TEN,0,0,0,0,0,0,,0,0,0,0,,0,0,0,0,0,0.0,1,1,0,0.0,0,0,0,0,0,0,0,,0,0,0,0,0.0
00-0038124,2026_01_GB_MIN,1,GB,MIN,0,0,0,0,0,0,,0,0,0,0,,8,6,147,2,72,0.2,0,0,0,0.0,0,0,0,0,0,0,0,,0,0,0,0,32.7
00-0038125,2026_01_NO_DET,1,DET,NO,0,0,0,0,0,0,,0,0,0,0,,0,0,0,0,0,0.0,4,0,1,1.0,1,0,0,1,0,0,0,,0,0,0,0,0.0
00-0038128,2026_01_MIA_LV,1,MIA,LV,15,27,220,0,1,5,-5.48974969708947,6,39,1,0,1.04589421552373,0,0,0,0,0,0.0,0,0,0,0.0,0,0,0,0,0,0,0,,0,0,0,0,16.7
00-0038129,2026_01_TB_CIN,1,TB,CIN,0,0,0,0,0,0,,0,0,0,0,,5,3,26,0,27,0.185185185185185,0,0,0,0.0,0,0,0,0,0,0,0,,0,0,1,5,5.6
00-0038133,2026_01_TB_CIN,1,CIN,TB,0,0,0,0,0,0,,0,0,0,0,,0,0,0,0,0,0.0,1,0,1,1.0,1,0,0,1,0,0,0,,0,0,0,0,0.0
00-0038134,2026_01_DEN_KC,1,KC,DEN,0,0,0,0,0,0,,23,173,1,0,10.1025641742744,6,3,18,1,18,0.24,0,0,0,0.0,0,0,0,0,0,0,0,,0,0,0,0,34.1
00-0038135,2026_01_ATL_PIT,1,PIT,ATL,0,0,0,0,0,0,,0,0,0,0,,0,0,0,0,0,0.0,4,2,0,0.0,0,1,1,0,0,0,0,,0,0,0,0,0.0
00-0038359,2026_01_SF_LA,1,LA,SF,0,0,0,0,0,0,,0,0,0,0,,0,0,0,0,0,0.0,0,0,0,0.0,0,0,0,0,0,0,0,,0,0,0,0,0.0
00-0038360,2026_01_MIA_LV,1,LV,MIA,0,0,0,0,0,0,,0,0,0,0,,0,0,0,0,0,0.0,0,0,0,0.0,0,0,0,0,0,0,0,,0,0,1,5,0.0
00-0038386,2026_01_WAS_PHI,1,PHI,WAS,0,0,0,0,0,0,,0,0,0,0,,0,0,0,0,0,0.0,1,2,0,0.0,0,0,0,1,0,0,0,,0,0,0,0,0.0
00-0038387,2026_01_NO_DET,1,NO,DET,0,0,0,0,0,0,,0,0,0,0,,0,0,0,0,0,0.0,1,1,0,0.0,0,0,0,0,0,0,0,,0,0,0,0,0.0
00-0038393,2026_01_WAS_PHI,1,PHI,WAS,0,0,0,0,0,0,,0,0,0,0,,4,2,73,1,21,0.181818181818182,0,0,0,0.0,0,0,0,0,0,0,0,,0,0,0,0,15.3
00-0038398,2026_01_GB_MIN,1,GB,MIN,0,0,0,0,0,0,,0,0,0,0,,0,0,0,0,0,0.0,0,2,0,0.0,0,0,0,0,0,0,0,,0,0,0,0,0.0
00-0038399,2026_01_DAL_NYG,1,NYG,DAL,0,0,0,0,0,0,,0,0,0,0,,0,0,0,0,0,0.0,1,0,0,0.0,0,0,0,0,0,0,0,,0,0,0,0,0.0
00-0038412,2026_01_WAS_PHI,1,PHI,WAS,0,0,0,0,0,0,,0,0,0,0,,0,0,0,0,0,0.0,2,1,0,0.0,0,0,0,0,0,0,0,,0,0,0,0,0.0
00-0038428,2026_01_CLE_JAX,1,CLE,JAX,0,0,0,0,0,0,,0,0,0,0,,0,0,0,0,0,0.0,0,0,0,0.0,0,0,0,0,0,1,1,26.0,1,1,0,0,0.0
00-0038454,2026_01_ARI_LAC,1,LAC,ARI,0,0,0,0,0,0,,4,9,0,0,-1.147076887195,0,0,0,0,0,0.0,0,0,0,0.0,0,0,0,0,0,0,0,,0,0,0,0,0.9
00-0038463,2026_01_GB_MIN,1,GB,MIN,0,0,0,0,0,0,,0,0,0,0,,0,0,0,0,0,0.0,4,0,0,0.0,0,0,0,0,0,0,0,,0,0,1,5,0.0
00-0038488,2026_01_NE_SEA,1,SEA,NE,0,0,0,0,0,0,,0,0,0,0,,2,2,20,0,14,0.0833333333333333,0,1,0,0.0,0,0,0,0,0,0,0,,0,0,0,0,4.0
00-0038489,2026_01_DEN_KC,1,KC,DEN,0,0,0,0,0,0,,0,0,0,0,,0,0,0,0,0,0.0,1,1,0,0.0,0,0,0,0,0,0,0,,0,0,0,0,0.0
00-0038493,2026_01_CHI_CAR,1,CAR,CHI,0,0,0,0,0,0,,0,0,0,0,,0,0,0,0,0,0.0,0,1,0,0.0,0,0,0,0,0,0,0,,0,0,0,0,0.0
00-0038504,2026_01_BAL_IND,1,BAL,IND,0,0,0,0,0,0,,0,0,0,0,,0,0,0,0,0,0.0,2,1,2,0.0,0,0,0,0,0,0,0,,0,0,0,0,0.0
00-0038505,2026_01_BAL_IND,1,BAL,IND,0,0,0,0,0,0,,0,0,0,0,,0,0,0,0,0,0.0,1,2,1,1.0,4,0,0,0,0,0,0,,0,0,0,0,0.0
00-0038519,2026_01_DEN_KC,1,KC,DEN,0,0,0,0,0,0,,0,0,0,0,,0,0,0,0,0,0.0,0,0,0,0.0,0,0,0,0,0,0,0,,0,0,0,0,0.0
00-0038540,2026_01_ARI_LAC,1,ARI,LAC,0,0,0,0,0,0,,0,0,0,0,,0,0,0,0,0,0.0,0,0,0,0.0,0,0,0,0,0,0,0,,0,0,2,20,0.0
00-0038541,2026_01_NO_DET,1,NO,DET,0,0,0,0,0,0,,0,0,0,0,,0,0,0,0,0,0.0,0,2,0,0.0,0,0,0,0,0,0,0,,0,0,1,15,0.0
00-0038542,2026_01_ATL_PIT,1,ATL,PIT,0,0,0,0,0,0,,21,83,0,0,-2.06107826887382,10,8,90,1,110,0.526315789473684,0,0,0,0.0,0,0,0,0,0,0,0,,0,0,0,0,31.3
00-0038543,2026_01_NE_SEA,1,SEA,NE,0,0,0,0,0,0,,0,0,0,0,,11,8,122,1,62,0.458333333333333,0,0,0,0.0,0,0,0,0,0,0,0,,0,0,0,0,26.2
00-0038544,2026_01_ARI_LAC,1,LAC,ARI,0,0,0,0,0,0,,0,0,0,0,,6,2,17,0,5,0.222222222222222,0,0,0,0.0,0,0,0,0,0,0,0,,0,0,1,5,3.7
00-0038546,2026_01_TB_CIN,1,CIN,TB,0,0,0,0,0,0,,0,0,0,0,,0,0,0,0,0,0.0,1,1,0,0.5,1,0,0,1,0,0,0,,0,0,0,0,0.0
00-0038547,2026_01_DAL_NYG,1,DAL,NYG,0,0,0,0,0,0,,0,0,0,0,,1,1,12,0,0,0.0333333333333333,0,0,0,0.0,0,0,0,0,0,0,0,,0,0,1,10,2.2
00-0038548,2026_01_BUF_HOU,1,BUF,HOU,0,0,0,0,0,0,,0,0,0,0,,0,0,0,0,0,0.0,0,0,0,0.0,0,0,0,0,0,0,0,,0,0,1,5,0.0
00-0038549,2026_01_TB_CIN,1,CIN,TB,0,0,0,0,0,0,,0,0,0,0,,0,0,0,0,0,0.0,3,1,0,0.0,0,0,0,0,0,0,0,,0,0,0,0,0.0
00-0038551,2026_01_NO_DET,1,NO,DET,0,0,0,0,0,0,,9,30,1,0,0.716897957259789,0,0,0,0,0,0.0,0,0,0,0.0,0,0,0,0,0,0,0,,0,0,0,0,9.0
00-0038552,2026_01_DEN_KC,1,DEN,KC,0,0,0,0,0,0,,0,0,0,0,,0,0,0,0,0,0.0,3,2,0,0.0,0,0,1,0,0,0,0,,0,0,0,0,0.0
00-0038553,2026_01_ARI_LAC,1,LAC,ARI,0,0,0,0,0,0,,0,0,0,0,,0,0,0,0,0,0.0,2,6,0,0.5,1,0,0,0,0,0,0,,0,0,0,0,0.0
00-0038554,2026_01_SF_LA,1,SF,LA,0,0,0,0,0,0,,0,0,0,0,,0,0,0,0,0,0.0,2,2,0,0.0,0,0,0,0,0,0,0,,0,0,0,0,0.0
00-0038555,2026_01_WAS_PHI,1,PHI,WAS,0,0,0,0,0,0,,1,3,0,0,-0.317280971154105,0,0,0,0,0,0.0,0,0,0,0.0,0,0,0,0,0,0,0,,0,0,0,0,0.3
00-0038556,2026_01_DAL_NYG,1,DAL,NYG,0,0,0,0,0,0,,0,0,0,0,,0,0,0,0,0,0.0,1,6,0,0.0,0,0,0,0,0,0,0,,0,0,1,15,0.0
00-0038557,2026_01_BUF_HOU,1,BUF,HOU,0,0,0,0,0,0,,0,0,0,0,,0,0,0,0,0,0.0,3,5,1,0.0,0,0,0,0,0,0,0,,0,0,0,0,0.0
00-0038558,2026_01_ATL_PIT,1,PIT,ATL,0,0,0,0,0,0,,0,0,0,0,,2,2,18,0,12,0.0540540540540541,0,0,0,0.0,0,0,0,0,0,0,0,,0,0,0,0,3.8
00-0038559,2026_01_ARI_LAC,1,ARI,LAC,0,0,0,0,0,0,,0,0,0,0,,7,5,56,0,3,0.189189189189189,0,0,0,0.0,0,0,0,0,0,0,0,,0,0,0,0,10.6
00-0038560,2026_01_TB_CIN,1,CIN,TB,0,0,0,0,0,0,,0,0,0,0,,0,0,0,0,0,0.0,6,3,0,0.0,0,0,0,0,0,0,0,,0,0,0,0,0.0
00-0038563,2026_01_MIA_LV,1,LV,MIA,0,0,0,0,0,0,,0,0,0,0,,4,2,27,0,1,0.137931034482759,0,0,0,0.0,0,0,0,0,0,0,0,,0,0,0,0,4.7
00-0038567,2026_01_ARI_LAC,1,ARI,LAC,0,0,0,0,0,0,,0,0,0,0,,0,0,0,0,0,0.0,0,0,0,0.0,0,0,0,0,0,4,5,49.0,2,2,1,0,0.0
00-0038570,2026_01_CLE_JAX,1,JAX,CLE,0,0,0,0,0,0,,0,0,0,0,,0,0,0,0,0,0.0,7,3,2,1.0,1,0,0,1,0,0,0,,0,0,0,0,0.0
00-0038573,2026_01_ARI_LAC,1,LAC,ARI,0,0,0,0,0,0,,0,0,0,0,,1,0,0,0,0,0.037037037037037,1,0,0,0.0,0,0,0,0,0,0,0,,0,0,0,0,0.0
00-0038574,2026_01_CLE_JAX,1,CLE,JAX,0,0,0,0,0,0,,0,0,0,0,,0,0,0,0,0,0.0,0,2,0,0.0,0,0,0,0,0,0,0,,0,0,0,0,0.0
00-0038577,2026_01_ATL_PIT,1,PIT,ATL,0,0,0,0,0,0,,0,0,0,0,,0,0,0,0,0,0.0,1,1,0,0.0,1,0,0,0,0,0,0,,0,0,0,0,0.0
00-0038588,2026_01_NO_DET,1,NO,DET,0,0,0,0,0,0,,0,0,0,0,,0,0,0,0,0,0.0,1,1,0,0.0,0,0,0,0,0,0,0,,0,0,0,0,0.0
00-0038596,2026_01_CLE_JAX,1,JAX,CLE,0,0,0,0,0,0,,0,0,0,0,,0,0,0,0,0,0.0,3,1,0,0.0,0,0,0,0,0,0,0,,0,0,0,0,0.0
00-0038597,2026_01_TB_CIN,1,CIN,TB,0,0,0,0,0,0,,16,56,1,0,-1.0608258471475,6,5,22,0,32,0.176470588235294,0,0,0,0.0,0,0,0,0,0,0,0,,0,0,0,0,18.8
00-0038599,2026_01_BUF_HOU,1,HOU,BUF,0,0,0,0,0,0,,0,0,0,0,,0,0,0,0,0,0.0,1,1,0,0.0,0,0,0,0,0,0,0,,0,0,0,0,0.0
00-0038603,2026_01_MIA_LV,1,MIA,LV,0,0,0,0,0,0,,0,0,0,0,,0,0,0,0,0,0.0,1,0,0,0.0,0,0,0,0,0,0,0,,0,0,0,0,0.0
00-0038605,2026_01_DEN_KC,1,DEN,KC,0,0,0,0,0,0,,0,0,0,0,,0,0,0,0,0,0.0,0,1,0,0.0,0,0,0,0,0,0,0,,0,0,0,0,0.0
00-0038606,2026_01_CLE_JAX,1,JAX,CLE,0,0,0,0,0,0,,0,0,0,0,,6,5,83,1,4,0.285714285714286,0,0,0,0.0,0,0,0,0,0,0,0,,0,0,0,0,19.3
00-0038608,2026_01_BUF_HOU,1,HOU,BUF,0,0,0,0,0,0,,0,0,0,0,,2,1,21,0,7,0.0540540540540541,0,0,0,0.0,0,0,0,0,0,0,0,,0,0,0,0,3.1
00-0038611,2026_01_CLE_JAX,1,JAX,CLE,0,0,0,0,0,0,,6,23,0,0,-0.764428105069338,0,0,0,0,0,0.0,0,0,0,0.0,0,0,0,0,0,0,0,,0,0,0,0,2.3
00-0038618,2026_01_BUF_HOU,1,HOU,BUF,0,0,0,0,0,0,,0,0,0,0,,6,3,32,0,21,0.162162162162162,0,0,0,0.0,0,0,0,0,0,0,0,,0,0,0,0,6.2
00-0038619,2026_01_TB_CIN,1,CIN,TB,0,0,0,0,0,0,,0,0,0,0,,3,2,12,0,1,0.0882352941176471,0,0,0,0.0,0,0,0,0,0,0,0,,0,0,0,0,3.2
00-0038621,2026_01_NE_SEA,1,NE,SEA,0,0,0,0,0,0,,0,0,0,0,,7,5,20,0,21,0.225806451612903,1,0,0,0.0,0,0,0,0,0,0,0,,0,0,0,0,7.0
00-0038623,2026_01_ARI_LAC,1,ARI,LAC,0,0,0,0,0,0,,0,0,0,0,,0,0,0,0,0,0.0,1,0,1,1.0,1,0,1,0,0,0,0,,0,0,0,0,0.0
00-0038625,2026_01_DAL_NYG,1,DAL,NYG,0,0,0,0,0,0,,0,0,0,0,,0,0,0,0,0,0.0,4,0,1,0.0,0,0,0,0,0,0,0,,0,0,0,0,0.0
00-0038628,2026_01_ATL_PIT,1,ATL,PIT,0,0,0,0,0,0,,0,0,0,0,,0,0,0,0,0,0.0,1,0,0,0.0,0,0,0,0,0,0,0,,0,0,0,0,0.0
00-0038629,2026_01_BAL_IND,1,BAL,IND,0,0,0,0,0,0,,0,0,0,0,,0,0,0,0,0,0.0,0,0,0,0.0,0,0,0,0,0,0,0,,0,0,1,10,0.0
00-0038653,2026_01_NE_SEA,1,NE,SEA,0,0,0,0,0,0,,0,0,0,0,,0,0,0,0,0,0.0,0,2,0,0.0,0,0,0,0,0,0,0,,0,0,0,0,0.0
00-0038660,2026_01_NO_DET,1,DET,NO,0,0,0,0,0,0,,0,0,0,0,,0,0,0,0,0,0.0,0,1,0,0.0,0,0,0,0,0,0,0,,0,0,0,0,0.0
00-0038685,2026_01_GB_MIN,1,GB,MIN,0,0,0,0,0,0,,7,29,0,0,-0.816976866364712,1,0,0,0,0,0.025,0,0,0,0.0,0,0,0,0,0,0,0,,0,0,0,0,2.9
00-0038705,2026_01_DAL_NYG,1,DAL,NYG,0,0,0,0,0,0,,2,7,0,0,-0.320344359904993,0,0,0,0,0,0.0,0,0,0,0.0,0,0,0,0,0,0,0,,0,0,0,0,0.7
00-0038710,2026_01_CLE_JAX,1,CLE,JAX,0,0,0,0,0,0,,0,0,0,0,,1,1,14,0,8,0.0454545454545455,0,0,0,0.0,0,0,0,0,0,0,0,,0,0,1,5,2.4
00-0038711,2026_01_NYJ_TEN,1,TEN,NYJ,0,0,0,0,0,0,,0,0,0,0,,0,0,0,0,0,0.0,0,1,0,0.0,0,0,0,0,0,0,0,,0,0,0,0,0.0
00-0038715,2026_01_CLE_JAX,1,CLE,JAX,0,0,0,0,0,0,,0,0,0,0,,0,0,0,0,0,0.0,3,5,0,0.0,0,0,0,0,0,0,0,,0,0,0,0,0.0
00-0038728,2026_01_BUF_HOU,1,HOU,BUF,0,0,0,0,0,0,,0,0,0,0,,1,1,12,0,0,0.027027027027027,0,0,0,0.0,0,0,0,0,0,0,0,,0,0,0,0,2.2
00-0038738,2026_01_DAL_NYG,1,DAL,NYG,0,0,0,0,0,0,,1,7,0,0,-0.0715115060447715,0,0,0,0,0,0.0,0,0,0,0.0,0,0,0,0,0,0,0,,0,0,0,0,0.7
00-0038764,2026_01_NE_SEA,1,SEA,NE,0,0,0,0,0,0,,0,0,0,0,,0,0,0,0,0,0.0,0,1,0,0.0,0,0,0,0,0,0,0,,0,0,0,0,0.0
00-0038778,2026_01_GB_MIN,1,MIN,GB,0,0,0,0,0,0,,0,0,0,0,,0,0,0,0,0,0.0,3,1,0,0.0,0,0,0,0,0,0,0,,0,0,0,0,0.0
00-0038782,2026_01_ARI_LAC,1,ARI,LAC,0,0,0,0,0,0,,0,0,0,0,,0,0,0,0,0,0.0,0,0,0,0.0,1,0,0,0,0,0,0,,0,0,0,0,0.0
00-0038783,2026_01_DEN_KC,1,DEN,KC,0,0,0,0,0,0,,0,0,0,0,,0,0,0,0,0,0.0,1,0,0,0.0,0,0,0,0,0,0,0,,0,0,0,0,0.0
00-0038791,2026_01_CHI_CAR,1,CAR,CHI,0,0,0,0,0,0,,0,0,0,0,,0,0,0,0,0,0.0,1,1,0,0.0,0,0,0,0,0,0,0,,0,0,0,0,0.0
00-0038797,2026_01_NE_SEA,1,SEA,NE,0,0,0,0,0,0,,2,3,0,0,-1.8990639874246,0,0,0,0,0,0.0,0,0,0,0.0,0,0,0,0,0,0,0,,0,0,0,0,0.3
00-0038807,2026_01_GB_MIN,1,MIN,GB,0,0,0,0,0,0,,0,0,0,0,,0,0,0,0,0,0.0,3,0,1,0.0,0,0,0,0,0,0,0,,0,0,0,0,0.0
00-0038840,2026_01_CHI_CAR,1,CAR,CHI,0,0,0,0,0,0,,0,0,0,0,,0,0,0,0,0,0.0,1,0,0,0.0,0,0,0,0,0,0,0,,0,0,0,0,0.0
00-0038896,2026_01_NO_DET,1,DET,NO,0,0,0,0,0,0,,0,0,0,0,,0,0,0,0,0,0.0,0,1,0,0.0,0,0,0,0,0,0,0,,0,0,0,0,0.0
00-0038922,2026_01_NE_SEA,1,SEA,NE,0,0,0,0,0,0,,0,0,0,0,,0,0,0,0,0,0.0,3,6,1,1.0,1,0,0,0,0,0,0,,0,0,0,0,0.0
00-0038933,2026_01_BUF_HOU,1,BUF,HOU,0,0,0,0,0,0,,0,0,0,0,,6,5,130,0,38,0.214285714285714,0,0,0,0.0,0,0,0,0,0,0,0,,0,0,0,0,18.0
00-0038935,2026_01_CLE_JAX,1,JAX,CLE,0,0,0,0,0,0,,0,0,0,0,,3,2,23,1,0,0.142857142857143,0,0,0,0.0,0,0,0,0,0,0,0,,0,0,1,5,10.3
00-0038940,2026_01_NO_DET,1,DET,NO,0,0,0,0,0,0,,0,0,0,0,,0,0,0,0,0,0.0,0,1,0,0.0,0,0,0,0,0,0,0,,0,0,0,0,0.0
00-0038976,2026_01_DEN_KC,1,DEN,KC,0,0,0,0,0,0,,0,0,0,0,,0,0,0,0,0,0.0,0,0,0,0.0,0,0,0,0,0,0,0,,0,0,0,0,0.0
00-0038978,2026_01_WAS_PHI,1,PHI,WAS,0,0,0,0,0,0,,0,0,0,0,,0,0,0,0,0,0.0,0,1,0,0.0,0,0,0,0,0,0,0,,0,0,0,0,0.0
00-0038984,2026_01_ARI_LAC,1,ARI,LAC,0,0,0,0,0,0,,0,0,0,0,,0,0,0,0,0,0.0,0,0,0,0.0,0,0,1,0,0,0,0,,0,0,0,0,0.0
00-0038994,2026_01_GB_MIN,1,MIN,GB,0,0,0,0,0,0,,0,0,0,0,,2,0,0,0,0,0.0869565217391304,0,0,0,0.0,0,0,0,0,0,0,0,,0,0,0,0,0.0
00-0038996,2026_01_GB_MIN,1,GB,MIN,0,0,0,0,0,0,,0,0,0,0,,6,3,65,0,20,0.15,0,0,0,0.0,0,0,0,0,0,0,0,,0,0,0,0,9.5
00-0038997,2026_01_BAL_IND,1,IND,BAL,0,0,0,0,0,0,,0,0,0,0,,4,2,37,0,22,0.137931034482759,1,0,0,0.0,0,0,0,0,0,0,0,,0,0,0,0,5.7
00-0039000,2026_01_DAL_NYG,1,NYG,DAL,0,0,0,0,0,0,,0,0,0,0,,0,0,0,0,0,0.0,4,0,0,0.0,0,0,2,0,0,0,0,,0,0,0,0,0.0
00-0039002,2026_01_ATL_PIT,1,ATL,PIT,0,0,0,0,0,0,,0,0,0,0,,0,0,0,0,0,0.0,4,3,0,0.0,0,0,0,0,0,0,0,,0,0,1,9,0.0
00-0039006,2026_01_DEN_KC,1,KC,DEN,0,0,0,0,0,0,,0,0,0,0,,0,0,0,0,0,0.0,1,0,1,1.0,0,0,0,1,0,0,0,,0,0,0,0,0.0
00-0039013,2026_01_WAS_PHI,1,PHI,WAS,0,0,0,0,0,0,,0,0,0,0,,0,0,0,0,0,0.0,1,1,0,0.0,0,0,0,0,0,0,0,,0,0,0,0,0.0
00-0039018,2026_01_NO_DET,1,DET,NO,0,0,0,0,0,0,,0,0,0,0,,0,0,0,0,0,0.0,5,2,1,0.0,0,0,0,0,0,0,0,,0,0,0,0,0.0
00-0039020,2026_01_NE_SEA,1,SEA,NE,0,0,0,0,0,0,,0,0,0,0,,0,0,0,0,0,0.0,0,0,0,0.0,0,0,0,0,0,0,0,,0,0,2,9,0.0
00-0039021,2026_01_CHI_CAR,1,CHI,CAR,0,0,0,0,0,0,,0,0,0,0,,0,0,0,0,0,0.0,0,4,0,0.0,0,0,0,0,0,0,0,,0,0,0,0,0.0
00-0039031,2026_01_BAL_IND,1,IND,BAL,0,0,0,0,0,0,,0,0,0,0,,0,0,0,0,0,0.0,1,3,0,0.0,0,0,0,0,0,0,0,,0,0,1,10,0.0
00-0039032,2026_01_NYJ_TEN,1,TEN,NYJ,0,0,0,0,0,0,,3,12,0,0,-0.472741314297309,4,2,12,0,23,0.142857142857143,0,0,0,0.0,0,0,0,0,0,0,0,,0,0,0,0,4.4
00-0039040,2026_01_MIA_LV,1,MIA,LV,0,0,0,0,0,0,,11,36,0,0,-2.70958791230946,5,4,30,0,19,0.185185185185185,0,0,0,0.0,0,0,0,0,0,0,0,,0,0,0,0,10.6
00-0039047,2026_01_NE_SEA,1,SEA,NE,0,0,0,0,0,0,,0,0,0,0,,0,0,0,0,0,0.0,1,1,1,1.0,1,0,0,0,0,0,0,,0,0,1,15,0.0
00-0039048,2026_01_ATL_PIT,1,ATL,PIT,0,0,0,0,0,0,,0,0,0,0,,0,0,0,0,0,0.0,1,0,0,0.0,0,0,0,0,0,0,0,,0,0,1,10,0.0
00-0039049,2026_01_TB_CIN,1,TB,CIN,0,0,0,0,0,0,,0,0,0,0,,0,0,0,0,0,0.0,1,0,0,0.0,0,0,0,0,0,0,0,,0,0,0,0,0.0
00-0039059,2026_01_SF_LA,1,LA,SF,0,0,0,0,0,0,,0,0,0,0,,0,0,0,0,0,0.0,0,0,0,0.0,0,0,0,0,0,0,0,,0,0,0,0,0.0
00-0039061,2026_01_SF_LA,1,LA,SF,0,0,0,0,0,0,,0,0,0,0,,0,0,0,0,0,0.0,0,1,0,0.0,0,0,0,0,0,0,0,,0,0,0,0,0.0
00-0039062,2026_01_DAL_NYG,1,DAL,NYG,0,0,0,0,0,0,,0,0,0,0,,1,1,10,0,-1,0.0333333333333333,0,0,0,0.0,0,0,0,0,0,0,0,,0,0,1,11,2.0
00-0039063,2026_01_TB_CIN,1,TB,CIN,0,0,0,0,0,0,,0,0,0,0,,0,0,0,0,0,0.0,0,0,0,0.0,1,0,0,0,0,0,0,,0,0,0,0,0.0
00-0039064,2026_01_BAL_IND,1,BAL,IND,0,0,0,0,0,0,,0,0,0,0,,6,5,150,1,83,0.25,0,0,0,0.0,0,0,0,0,0,0,0,,0,0,0,0,26.0
00-0039065,2026_01_NO_DET,1,DET,NO,0,0,0,0,0,0,,0,0,0,0,,8,5,48,0,22,0.205128205128205,0,0,0,0.0,0,0,0,0,0,0,0,,0,0,0,0,9.8
00-0039066,2026_01_MIA_LV,1,LV,MIA,0,0,0,0,0,0,,0,0,0,0,,7,6,32,0,19,0.241379310344828,0,0,0,0.0,0,0,0,0,0,0,0,,0,0,0,0,9.2
00-0039067,2026_01_DEN_KC,1,KC,DEN,0,0,0,0,0,0,,0,0,0,0,,2,2,19,1,13,0.08,0,0,0,0.0,0,0,0,0,0,0,0,,0,0,0,0,9.9
00-0039068,2026_01_TB_CIN,1,TB,CIN,0,0,0,0,0,0,,0,0,0,0,,0,0,0,0,0,0.0,1,0,1,0.0,0,0,0,0,0,0,0,,0,0,0,0,0.0
00-0039070,2026_01_ATL_PIT,1,ATL,PIT,0,0,0,0,0,0,,0,0,0,0,,0,0,0,0,0,0.0,1,2,0,0.0,0,0,0,0,0,0,0,,0,0,0,0,0.0
00-0039071,2026_01_CHI_CAR,1,CHI,CAR,0,0,0,0,0,0,,0,0,0,0,,0,0,0,0,0,0.0,6,3,0,0.0,0,0,0,0,0,0,0,,0,0,0,0,0.0
00-0039074,2026_01_SF_LA,1,LA,SF,0,0,0,0,0,0,,0,0,0,0,,1,1,13,0,14,0.037037037037037,0,0,0,0.0,0,0,0,0,0,0,0,,0,0,0,0,2.3
00-0039075,2026_01_SF_LA,1,LA,SF,0,0,0,0,0,0,,0,0,0,0,,9,5,74,0,38,0.333333333333333,1,0,0,0.0,0,0,0,0,0,0,0,,0,0,0,0,12.4
00-0039077,2026_01_SF_LA,1,LA,SF,0,0,0,0,0,0,,0,0,0,0,,0,0,0,0,0,0.0,0,0,0,0.0,0,0,0,0,0,0,0,,0,0,1,10,0.0
00-0039107,2026_01_SF_LA,1,LA,SF,2,3,13,0,0,0,0.188870187092107,1,9,0,0,0.831906788866036,0,0,0,0,0,0.0,0,0,0,0.0,0,0,0,0,0,0,0,,0,0,0,0,1.42
00-0039108,2026_01_BUF_HOU,1,HOU,BUF,0,0,0,0,0,0,,0,0,0,0,,0,0,0,0,0,0.0,1,2,0,0.5,1,0,0,0,0,0,0,,0,0,0,0,0.0
00-0039110,2026_01_ATL_PIT,1,PIT,ATL,0,0,0,0,0,0,,0,0,0,0,,0,0,0,0,0,0.0,2,1,0,0.0,0,0,0,0,0,0,0,,0,0,0,0,0.0
00-0039111,2026_01_ARI_LAC,1,LAC,ARI,0,0,0,0,0,0,,0,0,0,0,,0,0,0,0,0,0.0,3,2,0,0.0,2,0,1,0,0,0,0,,0,0,0,0,0.0
00-0039112,2026_01_GB_MIN,1,GB,MIN,0,0,0,0,0,0,,0,0,0,0,,0,0,0,0,0,0.0,4,0,1,1.0,1,0,0,0,0,0,0,,0,0,0,0,0.0
00-0039137,2026_01_SF_LA,1,LA,SF,0,0,0,0,0,0,,0,0,0,0,,0,0,0,0,0,0.0,0,1,0,0.0,0,0,0,0,0,0,0,,0,0,0,0,0.0
00-0039138,2026_01_SF_LA,1,LA,SF,0,0,0,0,0,0,,0,0,0,0,,0,0,0,0,0,0.0,2,5,0,0.0,0,0,0,0,0,0,0,,0,0,0,0,0.0
00-0039139,2026_01_NO_DET,1,DET,NO,0,0,0,0,0,0,,29,156,2,0,1.43851342325797,5,5,30,0,34,0.128205128205128,0,0,0,0.0,0,0,0,0,0,0,0,,0,0,0,0,33.6
00-0039142,2026_01_NYJ_TEN,1,NYJ,TEN,0,0,0,0,0,0,,0,0,0,0,,0,0,0,0,0,0.0,1,0,1,1.0,1,0,0,0,0,0,0,,0,0,0,0,0.0
00-0039146,2026_01_GB_MIN,1,GB,MIN,0,0,0,0,0,0,,0,0,0,0,,7,3,20,0,3,0.175,0,0,0,0.0,0,0,0,0,0,0,0,,0,0,0,0,5.0
00-0039147,2026_01_NE_SEA,1,NE,SEA,0,0,0,0,0,0,,0,0,0,0,,0,0,0,0,0,0.0,2,0,0,0.0,0,0,2,0,0,0,0,,0,0,0,0,0.0
00-0039148,2026_01_SF_LA,1,SF,LA,0,0,0,0,0,0,,0,0,0,0,,0,0,0,0,0,0.0,0,0,0,0.0,0,0,0,0,0,0,0,,0,0,0,0,0.0
00-0039149,2026_01_WAS_PHI,1,WAS,PHI,0,0,0,0,0,0,,0,0,0,0,,0,0,0,0,0,0.0,3,0,1,0.0,0,0,0,0,0,0,0,,0,0,0,0,0.0
00-0039150,2026_01_CHI_CAR,1,CAR,CHI,23,37,361,3,1,2,15.5197632978258,2,10,1,0,1.68832572567044,0,0,0,0,0,0.0,0,0,0,0.0,0,0,0,0,0,0,0,,0,0,0,0,31.44
00-0039156,2026_01_MIA_LV,1,MIA,LV,0,0,0,0,0,0,,0,0,0,0,,0,0,0,0,0,0.0,3,1,1,0.0,0,0,0,0,0,0,0,,0,0,2,20,0.0
00-0039157,2026_01_TB_CIN,1,TB,CIN,0,0,0,0,0,0,,0,0,0,0,,0,0,0,0,0,0.0,0,0,0,0.0,0,0,0,0,0,0,0,,0,0,1,5,0.0
00-0039163,2026_01_BUF_HOU,1,HOU,BUF,26,38,274,2,0,3,1.49644281327999,2,15,0,0,1.46244827727787,0,0,0,0,0,0.0,0,0,0,0.0,0,0,0,0,0,0,0,,0,0,0,0,16.46
00-0039169,2026_01_NE_SEA,1,SEA,NE,0,0,0,0,0,0,,0,0,0,0,,0,0,0,0,0,0.0,0,5,0,0.0,1,0,0,0,0,0,0,,0,0,0,0,0.0
00-0039172,2026_01_NO_DET,1,DET,NO,0,0,0,0,0,0,,0,0,0,0,,0,0,0,0,0,0.0,0,0,0,0.0,0,0,0,0,0,1,1,23.0,4,4,1,0,0.0
00-0039176,2026_01_DAL_NYG,1,NYG,DAL,0,0,0,0,0,0,,0,0,0,0,,0,0,0,0,0,0.0,0,1,0,0.0,0,0,0,0,0,0,0,,0,0,0,0,0.0
00-0039232,2026_01_BAL_IND,1,BAL,IND,0,0,0,0,0,0,,0,0,0,0,,0,0,0,0,0,0.0,3,1,0,0.0,0,0,1,0,0,0,0,,0,0,0,0,0.0
00-0039234,2026_01_BAL_IND,1,BAL,IND,0,0,0,0,0,0,,0,0,0,0,,0,0,0,0,0,0.0,0,1,0,0.0,0,0,0,0,0,0,0,,0,0,0,0,0.0
00-0039272,2026_01_GB_MIN,1,GB,MIN,0,0,0,0,0,0,,0,0,0,0,,0,0,0,0,0,0.0,0,0,0,0.0,0,0,0,0,0,0,0,,0,0,1,5,0.0
00-0039284,2026_01_NYJ_TEN,1,NYJ,TEN,0,0,0,0,0,0,,0,0,0,0,,0,0,0,0,0,0.0,0,3,0,0.0,0,0,0,0,0,0,0,,0,0,0,0,0.0
00-0039299,2026_01_NE_SEA,1,SEA,NE,0,0,0,0,0,0,,8,29,0,0,-2.1458699531504,1,0,0,0,0,0.0416666666666667,0,0,0,0.0,0,0,0,0,0,0,0,,0,0,0,0,2.9
00-0039309,2026_01_NE_SEA,1,SEA,NE,0,0,0,0,0,0,,0,0,0,0,,0,0,0,0,0,0.0,2,0,1,0.0,0,0,0,0,0,0,0,,0,0,0,0,0.0
00-0039313,2026_01_TB_CIN,1,CIN,TB,0,0,0,0,0,0,,0,0,0,0,,0,0,0,0,0,0.0,1,1,0,0.0,0,0,0,0,0,0,0,,0,0,0,0,0.0
00-0039323,2026_01_TB_CIN,1,CIN,TB,0,0,0,0,0,0,,0,0,0,0,,0,0,0,0,0,0.0,0,0,0,0.0,0,0,0,0,0,0,0,,0,0,0,0,0.0
00-0039337,2026_01_DAL_NYG,1,NYG,DAL,0,0,0,0,0,0,,0,0,0,0,,9,6,69,0,10,0.310344827586207,0,0,0,0.0,0,0,0,0,0,0,0,,0,0,0,0,12.9
00-0039340,2026_01_BAL_IND,1,IND,BAL,0,0,0,0,0,0,,0,0,0,0,,0,0,0,0,0,0.0,4,2,0,0.5,0,0,0,0,0,0,0,,0,0,0,0,0.0
00-0039342,2026_01_CHI_CAR,1,CAR,CHI,0,0,0,0,0,0,,0,0,0,0,,2,0,0,0,0,0.0588235294117647,0,0,0,0.0,0,0,0,0,0,0,0,,0,0,0,0,0.0
00-0039343,2026_01_BUF_HOU,1,HOU,BUF,0,0,0,0,0,0,,0,0,0,0,,0,0,0,0,0,0.0,1,2,1,0.0,0,0,1,0,0,0,0,,0,0,1,46,0.0
00-0039344,2026_01_CHI_CAR,1,CAR,CHI,0,0,0,0,0,0,,4,14,0,0,-1.63801142212469,2,1,48,0,26,0.0588235294117647,0,0,0,0.0,0,0,0,0,0,0,0,,0,0,0,0,7.2
00-0039345,2026_01_SF_LA,1,SF,LA,0,0,0,0,0,0,,0,0,0,0,,0,0,0,0,0,0.0,2,1,0,0.0,0,1,1,0,0,0,0,,0,0,1,16,0.0
00-0039357,2026_01_NO_DET,1,NO,DET,0,0,0,0,0,0,,0,0,0,0,,0,0,0,0,0,0.0,0,1,0,0.0,0,0,0,0,0,0,0,,0,0,0,0,0.0
00-0039359,2026_01_BUF_HOU,1,HOU,BUF,0,0,0,0,0,0,,0,0,0,0,,1,1,-2,0,0,0.027027027027027,0,2,0,0.0,0,0,0,0,0,0,0,,0,0,0,0,0.8
00-0039360,2026_01_SF_LA,1,SF,LA,0,0,0,0,0,0,,0,0,0,0,,0,0,0,0,0,0.0,2,1,0,0.0,0,0,0,0,0,0,0,,0,0,0,0,0.0
00-0039361,2026_01_TB_CIN,1,TB,CIN,0,0,0,0,0,0,,8,45,1,0,3.55561617191415,7,7,48,0,73,0.259259259259259,0,0,0,0.0,0,0,0,0,0,0,0,,0,0,0,0,20.3
00-0039364,2026_01_NO_DET,1,DET,NO,0,0,0,0,0,0,,2,7,0,0,-0.643492672941648,1,1,11,0,9,0.0256410256410256,0,0,0,0.0,0,0,0,0,0,0,0,,0,0,0,0,2.8
00-0039365,2026_01_SF_LA,1,SF,LA,0,0,0,0,0,0,,0,0,0,0,,0,0,0,0,0,0.0,0,0,0,0.0,0,0,0,0,0,0,0,,0,0,0,0,0.0
00-0039366,2026_01_ARI_LAC,1,LAC,ARI,0,0,0,0,0,0,,0,0,0,0,,0,0,0,0,0,0.0,1,2,0,0.0,0,0,0,0,0,0,0,,0,0,0,0,0.0
00-0039368,2026_01_WAS_PHI,1,WAS,PHI,0,0,0,0,0,0,,0,0,0,0,,0,0,0,0,0,0.0,1,1,0,0.0,0,0,0,0,0,0,0,,0,0,0,0,0.0
00-0039369,2026_01_ARI_LAC,1,LAC,ARI,0,0,0,0,0,0,,0,0,0,0,,0,0,0,0,0,0.0,5,1,0,0.0,0,0,1,0,0,0,0,,0,0,0,0,0.0
00-0039371,2026_01_DEN_KC,1,DEN,KC,0,0,0,0,0,0,,0,0,0,0,,0,0,0,0,0,0.0,0,0,0,0.0,0,0,0,0,0,0,0,,0,0,0,0,0.0
00-0039372,2026_01_NYJ_TEN,1,NYJ,TEN,0,0,0,0,0,0,,0,0,0,0,,0,0,0,0,0,0.0,3,1,0,0.0,0,0,0,0,0,0,0,,0,0,0,0,0.0
00-0039380,2026_01_CHI_CAR,1,CAR,CHI,0,0,0,0,0,0,,0,0,0,0,,0,0,0,0,0,0.0,0,1,0,0.0,0,0,0,0,0,0,0,,0,0,0,0,0.0
00-0039384,2026_01_DAL_NYG,1,NYG,DAL,0,0,0,0,0,0,,2,14,0,1,-2.68944802333135,0,0,0,0,0,0.0,0,0,0,0.0,0,0,0,0,0,0,0,,0,0,0,0,-0.6
00-0039404,2026_01_GB_MIN,1,MIN,GB,0,0,0,0,0,0,,0,0,0,0,,0,0,0,0,0,0.0,0,0,0,0.0,0,0,0,0,0,1,1,38.0,4,4,0,0,0.0
00-0039406,2026_01_CLE_JAX,1,CLE,JAX,0,0,0,0,0,0,,0,0,0,0,,0,0,0,0,0,0.0,0,0,0,0.0,0,0,0,0,0,0,0,,0,0,1,10,0.0
00-0039407,2026_01_MIA_LV,1,LV,MIA,0,0,0,0,0,0,,0,0,0,0,,0,0,0,0,0,0.0,0,2,0,0.0,0,0,0,0,0,0,0,,0,0,0,0,0.0
00-0039409,2026_01_CLE_JAX,1,JAX,CLE,0,0,0,0,0,0,,0,0,0,0,,0,0,0,0,0,0.0,0,0,0,0.0,0,0,0,0,0,2,2,47.0,4,4,0,0,0.0
00-0039410,2026_01_DAL_NYG,1,DAL,NYG,0,0,0,0,0,0,,0,0,0,0,,4,2,22,0,11,0.133333333333333,0,0,0,0.0,0,0,0,0,0,0,0,,0,0,0,0,4.2
00-0039412,2026_01_WAS_PHI,1,WAS,PHI,0,0,0,0,0,0,,0,0,0,0,,0,0,0,0,0,0.0,0,1,0,0.0,0,0,0,0,0,0,0,,0,0,0,0,0.0
00-0039417,2026_01_CLE_JAX,1,CLE,JAX,0,0,0,0,0,0,,0,0,0,0,,0,0,0,0,0,0.0,1,1,0,0.0,0,0,0,0,0,0,0,,0,0,0,0,0.0
00-0039421,2026_01_GB_MIN,1,MIN,GB,0,0,0,0,0,0,,0,0,0,0,,0,0,0,0,0,0.0,2,1,1,1.0,2,0,0,0,0,0,0,,0,0,0,0,0.0
00-0039423,2026_01_MIA_LV,1,LV,MIA,0,0,0,0,0,0,,0,0,0,0,,0,0,0,0,0,0.0,0,0,0,0.0,1,0,0,0,0,0,0,,0,0,0,0,0.0
00-0039424,2026_01_NO_DET,1,NO,DET,0,0,0,0,0,0,,0,0,0,0,,9,7,69,1,18,0.173076923076923,0,0,0,0.0,0,0,0,0,0,0,0,,0,0,0,0,19.9
00-0039430,2026_01_NYJ_TEN,1,TEN,NYJ,0,0,0,0,0,0,,0,0,0,0,,0,0,0,0,0,0.0,0,1,0,0.0,0,0,0,0,0,0,0,,0,0,0,0,0.0
00-0039433,2026_01_DEN_KC,1,KC,DEN,0,0,0,0,0,0,,0,0,0,0,,0,0,0,0,0,0.0,0,1,0,0.0,0,0,0,0,0,0,0,,0,0,0,0,0.0
00-0039451,2026_01_NYJ_TEN,1,NYJ,TEN,0,0,0,0,0,0,,0,0,0,0,,1,1,7,0,0,0.0434782608695652,0,0,0,0.0,0,0,0,0,0,0,0,,0,0,0,0,1.7
00-0039460,2026_01_BAL_IND,1,BAL,IND,0,0,0,0,0,0,,0,0,0,0,,0,0,0,0,0,0.0,2,0,0,0.0,0,0,0,0,0,0,0,,0,0,0,0,0.0
00-0039471,2026_01_BUF_HOU,1,BUF,HOU,0,0,0,0,0,0,,1,3,0,0,-0.0592273413785733,0,0,0,0,0,0.0,0,0,0,0.0,0,0,0,0,0,0,0,,0,0,0,0,0.3
00-0039491,2026_01_CHI_CAR,1,CAR,CHI,0,0,0,0,0,0,,0,0,0,0,,9,8,138,2,36,0.264705882352941,0,0,0,0.0,0,0,0,0,0,0,0,,0,0,1,10,33.8
00-0039498,2026_01_SF_LA,1,LA,SF,0,0,0,0,0,0,,0,0,0,0,,0,0,0,0,0,0.0,0,0,0,0.0,0,0,0,0,0,0,0,,1,1,0,0,0.0
00-0039518,2026_01_NO_DET,1,NO,DET,0,0,0,0,0,0,,0,0,0,0,,0,0,0,0,0,0.0,1,0,0,0.0,0,0,0,0,0,0,0,,0,0,0,0,0.0
00-0039530,2026_01_DAL_NYG,1,DAL,NYG,0,0,0,0,0,0,,0,0,0,0,,2,2,14,0,8,0.0666666666666667,0,1,0,0.0,0,0,0,0,0,0,0,,0,0,0,0,3.4
00-0039576,2026_01_BAL_IND,1,IND,BAL,0,0,0,0,0,0,,0,0,0,0,,0,0,0,0,0,0.0,0,1,0,0.0,0,0,0,0,0,1,1,58.0,2,3,0,0,0.0
00-0039589,2026_01_TB_CIN,1,TB,CIN,0,0,0,0,0,0,,0,0,0,0,,0,0,0,0,0,0.0,0,0,0,0.0,0,0,0,0,0,0,0,,0,0,0,0,0.0
00-0039622,2026_01_NO_DET,1,NO,DET,0,0,0,0,0,0,,0,0,0,0,,0,0,0,0,0,0.0,2,1,0,0.0,0,0,0,0,0,0,0,,0,0,0,0,0.0
00-0039634,2026_01_NYJ_TEN,1,NYJ,TEN,0,0,0,0,0,0,,0,0,0,0,,0,0,0,0,0,0.0,0,0,0,0.0,0,0,0,0,0,0,0,,0,0,0,0,0.0
00-0039660,2026_01_NO_DET,1,DET,NO,0,0,0,0,0,0,,0,0,0,0,,0,0,0,0,0,0.0,3,0,0,0.0,0,0,1,0,0,0,0,,0,0,0,0,0.0
00-0039681,2026_01_WAS_PHI,1,WAS,PHI,0,0,0,0,0,0,,0,0,0,0,,0,0,0,0,0,0.0,2,0,0,0.0,0,0,0,0,0,0,0,,0,0,0,0,0.0
00-0039686,2026_01_WAS_PHI,1,WAS,PHI,0,0,0,0,0,0,,0,0,0,0,,0,0,0,0,0,0.0,0,1,0,0.0,0,0,0,0,0,0,0,,0,0,0,0,0.0
00-0039692,2026_01_NE_SEA,1,NE,SEA,0,0,0,0,0,0,,0,0,0,0,,0,0,0,0,0,0.0,2,0,0,0.0,0,0,0,0,0,0,0,,0,0,0,0,0.0
00-0039731,2026_01_NYJ_TEN,1,TEN,NYJ,0,0,0,0,0,0,,0,0,0,0,,0,0,0,0,0,0.0,0,0,0,0.0,0,0,0,0,0,0,0,,0,0,2,15,0.0
00-0039732,2026_01_DEN_KC,1,DEN,KC,17,28,131,1,1,4,-14.381391775154,3,2,0,0,-1.30865032331103,0,0,0,0,0,0.0,0,0,0,0.0,0,0,0,0,0,0,0,,0,0,0,0,5.44
00-0039733,2026_01_CLE_JAX,1,JAX,CLE,0,0,0,0,0,0,,0,0,0,0,,0,0,0,0,0,0.0,0,1,0,0.0,0,0,0,0,0,0,0,,0,0,0,0,0.0
00-0039734,2026_01_SF_LA,1,LA,SF,0,0,0,0,0,0,,0,0,0,0,,0,0,0,0,0,0.0,1,1,0,0.0,0,0,0,0,0,0,0,,0,0,0,0,0.0
00-0039735,2026_01_MIA_LV,1,LV,MIA,0,0,0,0,0,0,,0,0,0,0,,0,0,0,0,0,0.0,0,1,0,0.0,0,0,0,0,0,0,0,,0,0,0,0,0.0
00-0039738,2026_01_SF_LA,1,LA,SF,0,0,0,0,0,0,,10,54,0,0,0.78580237692222,0,0,0,0,0,0.0,0,0,0,0.0,0,0,0,0,0,0,0,,0,0,0,0,5.4
00-0039739,2026_01_ATL_PIT,1,PIT,ATL,0,0,0,0,0,0,,0,0,0,0,,6,3,26,0,6,0.162162162162162,0,0,0,0.0,0,0,0,0,0,0,0,,0,0,0,0,5.6
00-0039740,2026_01_WAS_PHI,1,PHI,WAS,0,0,0,0,0,0,,0,0,0,0,,0,0,0,0,0,0.0,1,2,0,0.0,0,0,0,0,0,0,0,,0,0,0,0,0.0
00-0039741,2026_01_ATL_PIT,1,PIT,ATL,0,0,0,0,0,0,,0,0,0,0,,0,0,0,0,0,0.0,5,8,2,0.0,0,0,0,0,0,0,0,,0,0,0,0,0.0
00-0039745,2026_01_CHI_CAR,1,CHI,CAR,0,0,0,0,0,0,,0,0,0,0,,0,0,0,0,0,0.0,0,0,0,0.0,0,0,0,0,0,0,0,,0,0,0,0,0.0
00-0039746,2026_01_WAS_PHI,1,PHI,WAS,0,0,0,0,0,0,,2,4,0,0,-0.868644726928324,1,1,8,0,2,0.0454545454545455,0,1,0,0.0,0,0,0,0,0,0,0,,0,0,0,0,2.2
00-0039749,2026_01_SF_LA,1,LA,SF,0,0,0,0,0,0,,0,0,0,0,,0,0,0,0,0,0.0,2,5,0,0.0,0,0,0,0,0,0,0,,0,0,1,15,0.0
00-0039751,2026_01_SF_LA,1,LA,SF,0,0,0,0,0,0,,0,0,0,0,,1,1,8,0,0,0.037037037037037,0,0,0,0.0,0,0,0,0,0,0,0,,0,0,0,0,1.8
00-0039752,2026_01_TB_CIN,1,CIN,TB,0,0,0,0,0,0,,0,0,0,0,,0,0,0,0,0,0.0,0,1,0,0.0,0,0,0,0,0,0,0,,0,0,0,0,0.0
00-0039763,2026_01_BUF_HOU,1,BUF,HOU,0,0,0,0,0,0,,0,0,0,0,,0,0,0,0,0,0.0,1,2,0,0.0,0,0,0,0,0,0,0,,0,0,1,10,0.0
00-0039770,2026_01_NE_SEA,1,NE,SEA,0,0,0,0,0,0,,0,0,0,0,,0,0,0,0,0,0.0,1,0,0,0.0,0,0,0,0,0,0,0,,0,0,0,0,0.0
00-0039774,2026_01_SF_LA,1,LA,SF,0,0,0,0,0,0,,0,0,0,0,,0,0,0,0,0,0.0,0,2,0,0.0,0,0,1,0,0,0,0,,0,0,0,0,0.0
00-0039776,2026_01_SF_LA,1,LA,SF,0,0,0,0,0,0,,0,0,0,0,,0,0,0,0,0,0.0,3,3,0,0.0,0,0,0,0,0,0,0,,0,0,0,0,0.0
00-0039789,2026_01_NYJ_TEN,1,NYJ,TEN,0,0,0,0,0,0,,0,0,0,0,,0,0,0,0,0,0.0,0,0,0,0.0,0,0,0,0,0,0,0,,0,0,0,0,0.0
00-0039790,2026_01_NYJ_TEN,1,NYJ,TEN,0,0,0,0,0,0,,0,0,0,0,,0,0,0,0,0,0.0,0,0,0,0.0,0,0,0,0,0,0,0,,0,0,1,5,0.0
00-0039793,2026_01_NE_SEA,1,SEA,NE,0,0,0,0,0,0,,0,0,0,0,,2,2,13,0,14,0.0833333333333333,0,0,0,0.0,0,0,0,0,0,0,0,,0,0,1,5,3.3
00-0039794,2026_01_NYJ_TEN,1,NYJ,TEN,0,0,0,0,0,0,,10,40,0,0,-0.566861051753554,1,0,0,0,0,0.0434782608695652,0,0,0,0.0,0,0,0,0,0,0,0,,0,0,0,0,4.0
00-0039795,2026_01_NE_SEA,1,SEA,NE,0,0,0,0,0,0,,0,0,0,0,,0,0,0,0,0,0.0,5,1,0,0.0,0,1,2,0,0,0,0,,0,0,0,0,0.0
00-0039796,2026_01_BAL_IND,1,BAL,IND,0,0,0,0,0,0,,0,0,0,0,,0,0,0,0,0,0.0,0,1,0,0.0,0,0,0,0,0,0,0,,0,0,0,0,0.0
00-0039807,2026_01_ARI_LAC,1,ARI,LAC,0,0,0,0,0,0,,0,0,0,0,,0,0,0,0,0,0.0,0,1,0,0.0,0,0,2,0,0,0,0,,0,0,1,48,0.0
00-0039809,2026_01_DEN_KC,1,DEN,KC,0,0,0,0,0,0,,0,0,0,0,,0,0,0,0,0,0.0,0,1,0,0.0,1,0,0,0,0,0,0,,0,0,0,0,0.0
00-0039811,2026_01_GB_MIN,1,GB,MIN,0,0,0,0,0,0,,13,37,0,0,-3.84089302585926,1,0,0,0,0,0.025,0,0,0,0.0,0,0,0,0,0,0,0,,0,0,0,0,3.7
00-0039813,2026_01_GB_MIN,1,GB,MIN,0,0,0,0,0,0,,0,0,0,0,,0,0,0,0,0,0.0,6,1,0,0.0,0,0,0,0,0,0,0,,0,0,1,15,0.0
00-0039821,2026_01_DAL_NYG,1,NYG,DAL,0,0,0,0,0,0,,0,0,0,0,,0,0,0,0,0,0.0,2,0,0,0.0,0,0,0,0,0,0,0,,0,0,3,31,0.0
00-0039825,2026_01_DEN_KC,1,KC,DEN,0,0,0,0,0,0,,0,0,0,0,,0,0,0,0,0,0.0,2,2,0,0.0,0,0,0,0,0,0,0,,0,0,0,0,0.0
00-0039826,2026_01_WAS_PHI,1,PHI,WAS,0,0,0,0,0,0,,0,0,0,0,,0,0,0,0,0,0.0,2,0,0,0.0,0,0,0,0,0,0,0,,0,0,0,0,0.0
00-0039831,2026_01_GB_MIN,1,GB,MIN,0,0,0,0,0,0,,0,0,0,0,,0,0,0,0,0,0.0,1,0,0,0.0,0,0,0,0,0,0,0,,0,0,0,0,0.0
00-0039834,2026_01_SF_LA,1,LA,SF,0,0,0,0,0,0,,0,0,0,0,,0,0,0,0,0,0.0,3,6,0,0.0,0,0,0,0,0,0,0,,0,0,0,0,0.0
00-0039835,2026_01_ARI_LAC,1,LAC,ARI,0,0,0,0,0,0,,0,0,0,0,,0,0,0,0,0,0.0,1,2,0,0.0,0,0,0,0,0,0,0,,0,0,0,0,0.0
00-0039837,2026_01_ATL_PIT,1,ATL,PIT,0,0,0,0,0,0,,0,0,0,0,,0,0,0,0,0,0.0,1,0,0,0.0,0,0,0,0,0,0,0,,0,0,0,0,0.0
00-0039838,2026_01_BUF_HOU,1,HOU,BUF,0,0,0,0,0,0,,0,0,0,0,,0,0,0,0,0,0.0,5,1,0,0.0,0,0,1,0,0,0,0,,0,0,0,0,0.0
00-0039840,2026_01_CHI_CAR,1,CHI,CAR,0,0,0,0,0,0,,0,0,0,0,,0,0,0,0,0,0.0,1,1,0,0.0,0,0,0,0,0,0,0,,0,0,0,0,0.0
00-0039841,2026_01_WAS_PHI,1,PHI,WAS,0,0,0,0,0,0,,0,0,0,0,,0,0,0,0,0,0.0,4,4,0,0.0,1,0,0,0,0,0,0,,0,0,1,5,0.0
00-0039846,2026_01_TB_CIN,1,TB,CIN,0,0,0,0,0,0,,0,0,0,0,,0,0,0,0,0,0.0,3,1,0,0.0,0,0,1,0,0,0,0,,0,0,1,4,0.0
00-0039847,2026_01_DAL_NYG,1,NYG,DAL,0,0,0,0,0,0,,0,0,0,0,,1,1,9,0,7,0.0344827586206897,0,0,0,0.0,0,0,0,0,0,0,0,,0,0,0,0,1.9
00-0039849,2026_01_ARI_LAC,1,ARI,LAC,0,0,0,0,0,0,,0,0,0,0,,3,1,33,0,5,0.0810810810810811,0,0,0,0.0,0,0,0,0,0,0,0,,0,0,0,0,4.3
00-0039850,2026_01_GB_MIN,1,GB,MIN,0,0,0,0,0,0,,0,0,0,0,,0,0,0,0,0,0.0,5,1,2,1.0,1,0,0,0,0,0,0,,0,0,0,0,0.0
00-0039851,2026_01_NE_SEA,1,NE,SEA,23,33,178,1,3,3,-4.62135415498598,7,47,0,0,7.31189035309944,0,0,0,0,0,0.0,0,0,0,0.0,0,0,0,0,0,0,0,,0,0,0,0,9.82
00-0039852,2026_01_CLE_JAX,1,CLE,JAX,0,0,0,0,0,0,,0,0,0,0,,0,0,0,0,0,0.0,3,1,1,0.0,0,0,0,0,0,0,0,,0,0,1,5,0.0
00-0039854,2026_01_ARI_LAC,1,ARI,LAC,0,0,0,0,0,0,,0,0,0,0,,0,0,0,0,0,0.0,0,1,0,0.0,0,0,0,0,0,0,0,,0,0,0,0,0.0
00-0039859,2026_01_ATL_PIT,1,ATL,PIT,0,0,0,0,0,0,,0,0,0,0,,0,0,0,0,0,0.0,3,0,0,0.0,0,0,0,0,0,0,0,,0,0,0,0,0.0
00-0039860,2026_01_NO_DET,1,NO,DET,0,0,0,0,0,0,,0,0,0,0,,0,0,0,0,0,0.0,4,3,0,0.0,0,0,1,0,0,0,0,,0,0,0,0,0.0
00-0039861,2026_01_DAL_NYG,1,NYG,DAL,0,0,0,0,0,0,,0,0,0,0,,0,0,0,0,0,0.0,3,0,0,0.0,0,0,0,0,0,0,0,,0,0,0,0,0.0
00-0039867,2026_01_GB_MIN,1,GB,MIN,0,0,0,0,0,0,,0,0,0,0,,0,0,0,0,0,0.0,1,0,0,0.0,0,0,0,0,0,0,0,,0,0,2,20,0.0
00-0039868,2026_01_DEN_KC,1,DEN,KC,0,0,0,0,0,0,,1,5,0,0,-0.158298062626272,1,0,0,0,0,0.037037037037037,0,0,0,0.0,0,0,0,0,0,0,0,,0,0,1,10,0.5
00-0039872,2026_01_BUF_HOU,1,BUF,HOU,0,0,0,0,0,0,,0,0,0,0,,0,0,0,0,0,0.0,2,5,0,0.0,0,0,0,0,0,0,0,,0,0,0,0,0.0
00-0039873,2026_01_BUF_HOU,1,BUF,HOU,0,0,0,0,0,0,,0,0,0,0,,0,0,0,0,0,0.0,1,1,1,0.0,0,0,0,0,0,0,0,,0,0,0,0,0.0
00-0039874,2026_01_MIA_LV,1,MIA,LV,0,0,0,0,0,0,,1,-1,0,0,-0.900913973804563,0,0,0,0,0,0.0,0,0,0,0.0,0,0,0,0,0,0,0,,0,0,0,0,-0.1
00-0039875,2026_01_BUF_HOU,1,BUF,HOU,0,0,0,0,0,0,,1,3,0,0,-0.150790573563427,0,0,0,0,0,0.0,0,0,0,0.0,0,0,0,0,0,0,0,,0,0,0,0,0.3
00-0039879,2026_01_BUF_HOU,1,BUF,HOU,0,0,0,0,0,0,,0,0,0,0,,0,0,0,0,0,0.0,1,2,0,0.0,0,0,0,0,0,0,0,,0,0,0,0,0.0
00-0039880,2026_01_MIA_LV,1,MIA,LV,0,0,0,0,0,0,,0,0,0,0,,8,3,53,0,22,0.296296296296296,0,0,0,0.0,0,0,0,0,0,0,0,,0,0,0,0,6.3
00-0039886,2026_01_NYJ_TEN,1,NYJ,TEN,0,0,0,0,0,0,,0,0,0,0,,0,0,0,0,0,0.0,0,1,0,0.0,0,0,0,0,0,0,0,,0,0,0,0,0.0
00-0039888,2026_01_WAS_PHI,1,PHI,WAS,0,0,0,0,0,0,,0,0,0,0,,0,0,0,0,0,0.0,2,0,0,0.0,0,0,0,0,0,0,0,,0,0,0,0,0.0
00-0039889,2026_01_ATL_PIT,1,ATL,PIT,0,0,0,0,0,0,,0,0,0,0,,0,0,0,0,0,0.0,0,0,0,0.0,0,0,1,0,0,0,0,,0,0,0,0,0.0
00-0039890,2026_01_NYJ_TEN,1,NYJ,TEN,0,0,0,0,0,0,,0,0,0,0,,3,3,60,0,1,0.130434782608696,0,0,0,0.0,0,0,0,0,0,0,0,,0,0,0,0,9.0
00-0039893,2026_01_CLE_JAX,1,JAX,CLE,0,0,0,0,0,0,,0,0,0,0,,3,3,40,0,-4,0.142857142857143,0,0,0,0.0,0,0,0,0,0,0,0,,0,0,0,0,7.0
00-0039894,2026_01_DEN_KC,1,KC,DEN,0,0,0,0,0,0,,0,0,0,0,,6,3,18,0,15,0.24,0,0,0,0.0,0,0,0,0,0,0,0,,0,0,0,0,4.8
00-0039897,2026_01_ARI_LAC,1,LAC,ARI,0,0,0,0,0,0,,0,0,0,0,,0,0,0,0,0,0.0,0,0,0,0.0,0,0,0,0,0,0,0,,0,0,1,5,0.0
00-0039898,2026_01_WAS_PHI,1,WAS,PHI,0,0,0,0,0,0,,0,0,0,0,,0,0,0,0,0,0.0,4,1,1,0.0,0,0,0,0,0,0,0,,0,0,0,0,0.0
00-0039899,2026_01_MIA_LV,1,MIA,LV,0,0,0,0,0,0,,0,0,0,0,,0,0,0,0,0,0.0,0,0,0,0.0,0,0,0,0,0,0,0,,0,0,1,10,0.0
00-0039901,2026_01_BUF_HOU,1,BUF,HOU,0,0,0,0,0,0,,0,0,0,0,,1,1,1,0,-3,0.0357142857142857,0,0,0,0.0,0,0,0,0,0,0,0,,0,0,0,0,1.1
00-0039904,2026_01_GB_MIN,1,GB,MIN,0,0,0,0,0,0,,0,0,0,0,,0,0,0,0,0,0.0,0,0,0,0.0,0,0,0,0,0,0,0,,0,0,1,5,0.0
00-0039908,2026_01_TB_CIN,1,CIN,TB,0,0,0,0,0,0,,0,0,0,0,,0,0,0,0,0,0.0,1,0,1,1.0,1,0,0,0,0,0,0,,0,0,0,0,0.0
00-0039910,2026_01_WAS_PHI,1,WAS,PHI,18,34,164,2,0,1,3.90583545517296,5,31,0,0,0.501124679401983,0,0,0,0,0,0.0,0,0,0,0.0,0,0,0,0,0,0,0,,0,0,0,0,17.66
00-0039911,2026_01_MIA_LV,1,MIA,LV,0,0,0,0,0,0,,0,0,0,0,,0,0,0,0,0,0.0,0,1,0,0.0,0,0,0,0,0,0,0,,0,0,0,0,0.0
00-0039913,2026_01_WAS_PHI,1,WAS,PHI,0,0,0,0,0,0,,0,0,0,0,,0,0,0,0,0,0.0,0,0,0,0.0,0,0,0,0,0,0,0,,0,0,1,5,0.0
00-0039915,2026_01_ARI_LAC,1,LAC,ARI,0,0,0,0,0,0,,0,0,0,0,,7,5,82,1,9,0.259259259259259,0,0,0,0.0,0,0,0,0,0,0,0,,0,0,0,0,19.2
00-0039918,2026_01_CHI_CAR,1,CHI,CAR,21,29,269,2,0,2,18.5652871718667,10,65,2,0,3.40844644146273,0,0,0,0,0,0.0,0,0,0,0.0,0,0,0,0,0,0,0,,0,0,0,0,37.26
00-0039919,2026_01_CHI_CAR,1,CHI,CAR,0,0,0,0,0,0,,0,0,0,0,,3,2,52,0,3,0.115384615384615,0,0,0,0.0,0,0,0,0,0,0,0,,0,0,1,10,7.2
00-0039920,2026_01_CLE_JAX,1,CLE,JAX,0,0,0,0,0,0,,0,0,0,0,,0,0,0,0,0,0.0,1,0,0,0.0,0,0,0,0,0,0,0,,0,0,0,0,0.0
00-0039924,2026_01_GB_MIN,1,MIN,GB,0,0,0,0,0,0,,0,0,0,0,,0,0,0,0,0,0.0,2,0,0,1.0,7,0,0,1,0,0,0,,0,0,1,5,0.0
00-0040008,2026_01_DAL_NYG,1,DAL,NYG,0,0,0,0,0,0,,0,0,0,0,,0,0,0,0,0,0.0,1,0,0,0.0,0,0,0,0,0,0,0,,0,0,0,0,0.0
00-0040010,2026_01_GB_MIN,1,GB,MIN,0,0,0,0,0,0,,0,0,0,0,,0,0,0,0,0,0.0,3,0,0,0.0,0,0,0,0,0,0,0,,0,0,0,0,0.0
00-0040013,2026_01_WAS_PHI,1,PHI,WAS,0,0,0,0,0,0,,0,0,0,0,,0,0,0,0,0,0.0,0,2,0,0.0,0,0,0,0,0,0,0,,0,0,0,0,0.0
00-0040020,2026_01_NYJ_TEN,1,TEN,NYJ,0,0,0,0,0,0,,0,0,0,0,,0,0,0,0,0,0.0,1,1,0,0.0,0,0,0,0,0,0,0,,0,0,0,0,0.0
00-0040024,2026_01_WAS_PHI,1,PHI,WAS,0,0,0,0,0,0,,0,0,0,0,,0,0,0,0,0,0.0,3,1,0,0.0,0,0,0,0,0,0,0,,0,0,0,0,0.0
00-0040041,2026_01_NYJ_TEN,1,TEN,NYJ,0,0,0,0,0,0,,0,0,0,0,,0,0,0,0,0,0.0,1,0,0,0.0,0,0,0,0,0,0,0,,0,0,0,0,0.0
00-0040045,2026_01_DAL_NYG,1,DAL,NYG,0,0,0,0,0,0,,0,0,0,0,,0,0,0,0,0,0.0,1,0,0,0.0,0,0,0,0,0,0,0,,0,0,0,0,0.0
00-0040056,2026_01_ATL_PIT,1,ATL,PIT,0,0,0,0,0,0,,0,0,0,0,,0,0,0,0,0,0.0,0,2,0,0.0,0,0,0,0,0,0,0,,0,0,0,0,0.0
00-0040061,2026_01_NE_SEA,1,SEA,NE,0,0,0,0,0,0,,0,0,0,0,,0,0,0,0,0,0.0,0,1,0,0.0,0,0,0,0,0,0,0,,0,0,0,0,0.0
00-0040072,2026_01_DEN_KC,1,KC,DEN,0,0,0,0,0,0,,0,0,0,0,,0,0,0,0,0,0.0,0,1,0,0.0,0,0,0,0,0,0,0,,0,0,0,0,0.0
00-0040074,2026_01_BAL_IND,1,BAL,IND,0,0,0,0,0,0,,0,0,0,0,,0,0,0,0,0,0.0,1,0,0,0.0,0,0,0,0,0,2,2,57.0,5,5,0,0,0.0
00-0040075,2026_01_BAL_IND,1,BAL,IND,0,0,0,0,0,0,,0,0,0,0,,2,2,15,0,4,0.0833333333333333,0,0,0,0.0,0,0,0,0,0,0,0,,0,0,0,0,3.5
00-0040076,2026_01_BAL_IND,1,BAL,IND,0,0,0,0,0,0,,0,0,0,0,,0,0,0,0,0,0.0,0,0,0,0.0,1,0,0,0,0,0,0,,0,0,0,0,0.0
00-0040081,2026_01_DEN_KC,1,KC,DEN,0,0,0,0,0,0,,0,0,0,0,,1,1,9,0,5,0.04,0,2,0,0.0,0,0,0,0,0,0,0,,0,0,0,0,1.9
00-0040089,2026_01_TB_CIN,1,TB,CIN,0,0,0,0,0,0,,0,0,0,0,,0,0,0,0,0,0.0,2,0,0,0.0,0,0,0,0,0,0,0,,0,0,0,0,0.0
00-0040100,2026_01_BAL_IND,1,BAL,IND,0,0,0,0,0,0,,0,0,0,0,,0,0,0,0,0,0.0,0,1,0,0.0,0,0,0,0,0,0,0,,0,0,0,0,0.0
00-0040118,2026_01_DEN_KC,1,KC,DEN,0,0,0,0,0,0,,0,0,0,0,,0,0,0,0,0,0.0,0,1,0,0.0,0,0,0,0,0,0,0,,0,0,0,0,0.0
00-0040122,2026_01_MIA_LV,1,LV,MIA,0,0,0,0,0,0,,23,102,0,0,-0.725173453218304,6,6,45,2,27,0.206896551724138,0,0,0,0.0,0,0,0,0,0,0,0,,0,0,0,0,32.7
00-0040124,2026_01_CHI_CAR,1,CAR,CHI,0,0,0,0,0,0,,0,0,0,0,,8,5,75,0,23,0.235294117647059,0,0,0,0.0,0,0,0,0,0,0,0,,0,0,0,0,10.5
00-0040126,2026_01_CHI_CAR,1,CHI,CAR,0,0,0,0,0,0,,0,0,0,0,,2,0,0,0,0,0.0769230769230769,0,0,0,0.0,0,0,0,0,0,0,0,,0,0,1,10,0.0
00-0040128,2026_01_BAL_IND,1,IND,BAL,0,0,0,0,0,0,,0,0,0,0,,5,3,13,1,7,0.172413793103448,0,0,0,0.0,0,0,0,0,0,0,0,,0,0,0,0,10.3
00-0040129,2026_01_TB_CIN,1,TB,CIN,0,0,0,0,0,0,,0,0,0,0,,6,5,63,0,20,0.222222222222222,0,0,0,0.0,0,0,0,0,0,0,0,,0,0,0,0,11.3
00-0040131,2026_01_NE_SEA,1,NE,SEA,0,0,0,0,0,0,,0,0,0,0,,0,0,0,0,0,0.0,0,0,0,0.0,0,0,0,0,0,0,0,,0,0,0,0,0.0
00-0040132,2026_01_BUF_HOU,1,BUF,HOU,0,0,0,0,0,0,,0,0,0,0,,0,0,0,0,0,0.0,1,0,0,0.0,0,0,0,0,0,0,0,,0,0,0,0,0.0
00-0040133,2026_01_NYJ_TEN,1,NYJ,TEN,0,0,0,0,0,0,,0,0,0,0,,0,0,0,0,0,0.0,4,1,1,0.0,0,0,0,0,0,0,0,,0,0,0,0,0.0
00-0040134,2026_01_DEN_KC,1,DEN,KC,0,0,0,0,0,0,,0,0,0,0,,6,4,42,0,18,0.222222222222222,0,0,0,0.0,0,0,0,0,0,0,0,,0,0,2,20,8.2
00-0040136,2026_01_CHI_CAR,1,CAR,CHI,0,0,0,0,0,0,,0,0,0,0,,0,0,0,0,0,0.0,2,1,1,1.0,1,0,0,0,0,0,0,,0,0,0,0,0.0
00-0040137,2026_01_ARI_LAC,1,ARI,LAC,0,0,0,0,0,0,,0,0,0,0,,0,0,0,0,0,0.0,3,0,1,1.0,1,0,0,0,0,0,0,,0,0,0,0,0.0
00-0040138,2026_01_BUF_HOU,1,HOU,BUF,0,0,0,0,0,0,,0,0,0,0,,2,2,53,0,27,0.0540540540540541,0,0,0,0.0,0,0,0,0,0,0,0,,0,0,0,0,7.3
00-0040139,2026_01_BAL_IND,1,IND,BAL,0,0,0,0,0,0,,0,0,0,0,,0,0,0,0,0,0.0,5,1,0,0.0,0,0,0,0,0,0,0,,0,0,0,0,0.0
00-0040141,2026_01_NYJ_TEN,1,TEN,NYJ,0,0,0,0,0,0,,0,0,0,0,,0,0,0,0,0,0.0,4,6,0,0.0,0,0,0,0,0,0,0,,0,0,0,0,0.0
00-0040142,2026_01_GB_MIN,1,GB,MIN,0,0,0,0,0,0,,0,0,0,0,,0,0,0,0,0,0.0,0,0,0,0.0,0,0,0,0,0,0,0,,0,0,0,0,0.0
00-0040143,2026_01_TB_CIN,1,TB,CIN,0,0,0,0,0,0,,0,0,0,0,,0,0,0,0,0,0.0,2,0,0,0.0,0,0,1,0,0,0,0,,0,0,0,0,0.0
00-0040144,2026_01_ARI_LAC,1,LAC,ARI,0,0,0,0,0,0,,0,0,0,0,,0,0,0,0,0,0.0,3,2,0,0.0,1,0,0,0,0,0,0,,0,0,0,0,0.0
00-0040145,2026_01_CLE_JAX,1,JAX,CLE,0,0,0,0,0,0,,0,0,0,0,,0,0,0,0,0,0.0,5,1,0,0.0,0,0,0,0,0,0,0,,0,0,0,0,0.0
00-0040147,2026_01_NE_SEA,1,NE,SEA,0,0,0,0,0,0,,0,0,0,0,,0,0,0,0,0,0.0,1,0,0,0.0,0,0,0,0,0,0,0,,0,0,0,0,0.0
00-0040148,2026_01_ATL_PIT,1,ATL,PIT,0,0,0,0,0,0,,0,0,0,0,,0,0,0,0,0,0.0,2,2,0,0.0,0,0,0,0,0,0,0,,0,0,0,0,0.0
00-0040149,2026_01_BUF_HOU,1,HOU,BUF,0,0,0,0,0,0,,0,0,0,0,,0,0,0,0,0,0.0,1,0,0,0.0,0,0,0,0,0,0,0,,0,0,0,0,0.0
00-0040150,2026_01_MIA_LV,1,LV,MIA,0,0,0,0,0,0,,0,0,0,0,,0,0,0,0,0,0.0,0,0,0,0.0,0,0,0,0,0,0,0,,0,0,1,5,0.0
00-0040152,2026_01_SF_LA,1,SF,LA,0,0,0,0,0,0,,0,0,0,0,,0,0,0,0,0,0.0,2,0,0,0.0,1,0,0,0,0,0,0,,0,0,0,0,0.0
00-0040155,2026_01_NO_DET,1,NO,DET,0,0,0,0,0,0,,0,0,0,0,,0,0,0,0,0,0.0,3,3,0,0.0,0,0,0,0,0,0,0,,0,0,0,0,0.0
00-0040157,2026_01_TB_CIN,1,CIN,TB,0,0,0,0,0,0,,0,0,0,0,,0,0,0,0,0,0.0,5,3,1,0.5,1,0,0,1,0,0,0,,0,0,0,0,0.0
00-0040158,2026_01_TB_CIN,1,TB,CIN,0,0,0,0,0,0,,0,0,0,0,,0,0,0,0,0,0.0,1,0,0,0.0,0,0,0,0,0,0,0,,0,0,0,0,0.0
00-0040159,2026_01_CHI_CAR,1,CAR,CHI,0,0,0,0,0,0,,0,0,0,0,,0,0,0,0,0,0.0,2,1,0,0.0,0,0,0,0,0,0,0,,0,0,0,0,0.0
00-0040160,2026_01_ATL_PIT,1,PIT,ATL,0,0,0,0,0,0,,0,0,0,0,,0,0,0,0,0,0.0,1,3,0,0.0,0,0,0,0,0,0,0,,0,0,0,0,0.0
00-0040162,2026_01_CLE_JAX,1,CLE,JAX,0,0,0,0,0,0,,0,0,0,0,,0,0,0,0,0,0.0,0,0,0,0.0,0,0,0,0,0,0,0,,0,0,0,0,0.0
00-0040164,2026_01_WAS_PHI,1,WAS,PHI,0,0,0,0,0,0,,0,0,0,0,,1,1,4,0,0,0.0344827586206897,0,0,0,0.0,0,0,0,0,0,0,0,,0,0,0,0,1.4
00-0040165,2026_01_NYJ_TEN,1,NYJ,TEN,0,0,0,0,0,0,,0,0,0,0,,0,0,0,0,0,0.0,1,0,0,0.0,0,0,0,0,0,0,0,,0,0,0,0,0.0
00-0040166,2026_01_NO_DET,1,NO,DET,0,0,0,0,0,0,,0,0,0,0,,0,0,0,0,0,0.0,2,1,0,0.0,0,0,1,0,0,0,0,,0,0,1,14,0.0
00-0040168,2026_01_DEN_KC,1,DEN,KC,0,0,0,0,0,0,,0,0,0,0,,0,0,0,0,0,0.0,1,3,0,0.0,1,0,0,0,0,0,0,,0,0,0,0,0.0
00-0040169,2026_01_MIA_LV,1,LV,MIA,0,0,0,0,0,0,,0,0,0,0,,0,0,0,0,0,0.0,1,3,0,0.0,0,0,1,0,0,0,0,,0,0,0,0,0.0
00-0040170,2026_01_NYJ_TEN,1,TEN,NYJ,0,0,0,0,0,0,,0,0,0,0,,3,1,11,1,0,0.107142857142857,0,0,0,0.0,0,0,0,0,0,0,0,,0,0,0,0,8.1
00-0040173,2026_01_GB_MIN,1,MIN,GB,0,0,0,0,0,0,,0,0,0,0,,0,0,0,0,0,0.0,0,1,1,0.0,0,0,0,0,0,0,0,,0,0,0,0,0.0
00-0040175,2026_01_MIA_LV,1,MIA,LV,0,0,0,0,0,0,,0,0,0,0,,0,0,0,0,0,0.0,0,4,0,0.0,1,0,0,0,0,0,0,,0,0,0,0,0.0
00-0040178,2026_01_MIA_LV,1,MIA,LV,0,0,0,0,0,0,,0,0,0,0,,0,0,0,0,0,0.0,2,2,1,0.0,0,0,0,0,0,0,0,,0,0,0,0,0.0
00-0040182,2026_01_MIA_LV,1,MIA,LV,0,0,0,0,0,0,,0,0,0,0,,0,0,0,0,0,0.0,1,2,0,0.0,0,1,1,0,0,0,0,,0,0,0,0,0.0
00-0040183,2026_01_TB_CIN,1,TB,CIN,0,0,0,0,0,0,,0,0,0,0,,0,0,0,0,0,0.0,0,0,0,0.0,0,0,0,0,0,0,0,,0,0,1,5,0.0
00-0040185,2026_01_SF_LA,1,SF,LA,0,0,0,0,0,0,,0,0,0,0,,0,0,0,0,0,0.0,4,5,0,0.0,0,0,0,0,0,0,0,,0,0,0,0,0.0
00-0040187,2026_01_CHI_CAR,1,CAR,CHI,0,0,0,0,0,0,,0,0,0,0,,2,1,9,0,4,0.0588235294117647,0,0,0,0.0,0,0,0,0,0,0,0,,0,0,1,15,1.9
00-0040188,2026_01_ATL_PIT,1,PIT,ATL,0,0,0,0,0,0,,0,0,0,0,,0,0,0,0,0,0.0,0,0,0,0.0,0,0,0,0,0,0,0,,0,0,1,5,0.0
00-0040189,2026_01_ARI_LAC,1,LAC,ARI,0,0,0,0,0,0,,0,0,0,0,,2,2,32,0,25,0.0740740740740741,0,0,0,0.0,0,0,0,0,0,0,0,,0,0,0,0,5.2
00-0040192,2026_01_BUF_HOU,1,BUF,HOU,0,0,0,0,0,0,,0,0,0,0,,0,0,0,0,0,0.0,0,1,0,0.0,0,0,0,0,0,0,0,,0,0,0,0,0.0
00-0040195,2026_01_ARI_LAC,1,ARI,LAC,0,0,0,0,0,0,,0,0,0,0,,0,0,0,0,0,0.0,4,0,0,0.0,0,0,0,0,0,0,0,,0,0,1,24,0.0
00-0040200,2026_01_NE_SEA,1,NE,SEA,0,0,0,0,0,0,,0,0,0,0,,0,0,0,0,0,0.0,0,0,0,0.0,0,0,0,0,0,1,1,50.0,1,1,0,0,0.0
00-0040201,2026_01_NYJ_TEN,1,TEN,NYJ,0,0,0,0,0,0,,0,0,0,0,,0,0,0,0,0,0.0,5,2,0,0.0,0,0,0,0,0,0,0,,0,0,0,0,0.0
00-0040207,2026_01_BAL_IND,1,IND,BAL,0,0,0,0,0,0,,0,0,0,0,,0,0,0,0,0,0.0,1,1,0,0.0,0,0,0,0,0,0,0,,0,0,0,0,0.0
00-0040208,2026_01_TB_CIN,1,CIN,TB,0,0,0,0,0,0,,0,0,0,0,,0,0,0,0,0,0.0,0,0,0,0.0,0,0,0,0,0,0,0,,0,0,0,0,0.0
00-0040216,2026_01_WAS_PHI,1,WAS,PHI,0,0,0,0,0,0,,0,0,0,0,,0,0,0,0,0,0.0,1,0,0,0.0,0,0,0,0,0,0,0,,0,0,0,0,0.0
00-0040218,2026_01_CHI_CAR,1,CAR,CHI,0,0,0,0,0,0,,0,0,0,0,,1,0,0,0,0,0.0294117647058824,0,0,0,0.0,0,0,0,0,0,0,0,,0,0,0,0,0.0
00-0040223,2026_01_DEN_KC,1,DEN,KC,0,0,0,0,0,0,,0,0,0,0,,0,0,0,0,0,0.0,0,0,0,0.0,0,0,0,0,0,0,0,,0,0,0,0,0.0
00-0040230,2026_01_ARI_LAC,1,ARI,LAC,0,0,0,0,0,0,,0,0,0,0,,0,0,0,0,0,0.0,2,1,0,0.0,0,0,0,0,0,0,0,,0,0,0,0,0.0
00-0040231,2026_01_ATL_PIT,1,PIT,ATL,0,0,0,0,0,0,,0,0,0,0,,0,0,0,0,0,0.0,1,1,0,0.0,0,0,0,0,0,0,0,,0,0,0,0,0.0
00-0040236,2026_01_CHI_CAR,1,CHI,CAR,0,0,0,0,0,0,,10,100,1,0,2.45976466534194,2,2,24,0,15,0.0769230769230769,0,0,0,0.0,0,0,0,0,0,0,0,,0,0,0,0,20.4
00-0040237,2026_01_TB_CIN,1,TB,CIN,0,0,0,0,0,0,,1,-4,0,0,-1.22356549976394,1,0,0,0,0,0.037037037037037,0,0,0,0.0,0,0,0,0,0,0,0,,0,0,0,0,-0.4
00-0040242,2026_01_WAS_PHI,1,WAS,PHI,0,0,0,0,0,0,,16,63,1,0,2.26378970494261,1,1,-7,0,0,0.0344827586206897,0,0,0,0.0,0,0,0,0,0,0,0,,0,0,1,10,12.6
00-0040248,2026_01_MIA_LV,1,MIA,LV,0,0,0,0,0,0,,0,0,0,0,,0,0,0,0,0,0.0,1,1,0,0.0,0,0,0,0,0,0,0,,0,0,0,0,0.0
00-0040255,2026_01_CLE_JAX,1,CLE,JAX,0,0,0,0,0,0,,0,0,0,0,,0,0,0,0,0,0.0,0,2,0,0.0,0,0,0,0,0,0,0,,0,0,0,0,0.0
00-0040261,2026_01_CLE_JAX,1,CLE,JAX,0,0,0,0,0,0,,0,0,0,0,,0,0,0,0,0,0.0,0,3,0,0.0,0,0,0,0,0,0,0,,0,0,0,0,0.0
00-0040263,2026_01_CLE_JAX,1,CLE,JAX,0,0,0,0,0,0,,0,0,0,0,,0,0,0,0,0,0.0,0,2,0,0.0,0,0,0,0,0,0,0,,0,0,0,0,0.0
00-0040277,2026_01_CHI_CAR,1,CHI,CAR,0,0,0,0,0,0,,0,0,0,0,,1,1,1,1,0,0.0384615384615385,0,2,0,0.0,0,0,0,0,0,0,0,,0,0,0,0,7.1
00-0040279,2026_01_CHI_CAR,1,CAR,CHI,0,0,0,0,0,0,,0,0,0,0,,0,0,0,0,0,0.0,0,0,0,0.0,0,0,0,0,0,1,1,44.0,4,5,0,0,0.0
00-0040326,2026_01_CLE_JAX,1,JAX,CLE,0,0,0,0,0,0,,0,0,0,0,,0,0,0,0,0,0.0,3,1,1,1.0,1,0,0,0,0,0,0,,0,0,0,0,0.0
00-0040342,2026_01_CLE_JAX,1,JAX,CLE,0,0,0,0,0,0,,0,0,0,0,,0,0,0,0,0,0.0,1,1,0,0.0,0,0,0,0,0,0,0,,0,0,0,0,0.0
00-0040363,2026_01_BUF_HOU,1,BUF,HOU,0,0,0,0,0,0,,0,0,0,0,,0,0,0,0,0,0.0,1,1,0,0.0,0,0,0,0,0,0,0,,0,0,0,0,0.0
00-0040429,2026_01_TB_CIN,1,TB,CIN,0,0,0,0,0,0,,0,0,0,0,,0,0,0,0,0,0.0,0,0,0,0.0,0,0,0,0,0,0,0,,0,0,0,0,0.0
00-0040449,2026_01_DEN_KC,1,DEN,KC,0,0,0,0,0,0,,0,0,0,0,,0,0,0,0,0,0.0,0,1,0,0.0,0,0,0,0,0,0,0,,0,0,0,0,0.0
00-0040458,2026_01_CHI_CAR,1,CAR,CHI,0,0,0,0,0,0,,0,0,0,0,,0,0,0,0,0,0.0,1,1,0,0.0,0,0,0,0,0,0,0,,0,0,0,0,0.0
00-0040466,2026_01_CLE_JAX,1,CLE,JAX,0,0,0,0,0,0,,1,1,0,0,-0.754164027050138,3,3,25,0,31,0.136363636363636,0,0,0,0.0,0,0,0,0,0,0,0,,0,0,0,0,5.6
00-0040506,2026_01_GB_MIN,1,MIN,GB,0,0,0,0,0,0,,0,0,0,0,,0,0,0,0,0,0.0,0,0,0,0.0,0,0,0,0,0,0,0,,0,0,0,0,0.0
00-0040556,2026_01_NE_SEA,1,NE,SEA,0,0,0,0,0,0,,6,11,0,0,-1.98528956004884,0,0,0,0,0,0.0,0,0,0,0.0,0,0,0,0,0,0,0,,0,0,0,0,1.1
00-0040568,2026_01_NE_SEA,1,NE,SEA,0,0,0,0,0,0,,0,0,0,0,,2,2,9,0,12,0.0645161290322581,0,0,0,0.0,0,0,0,0,0,0,0,,0,0,0,0,2.9
00-0040574,2026_01_NE_SEA,1,NE,SEA,0,0,0,0,0,0,,0,0,0,0,,0,0,0,0,0,0.0,0,2,0,0.0,0,0,0,0,0,0,0,,0,0,0,0,0.0
00-0040579,2026_01_CLE_JAX,1,CLE,JAX,0,0,0,0,0,0,,0,0,0,0,,0,0,0,0,0,0.0,2,7,1,0.0,1,0,0,0,0,0,0,,0,0,0,0,0.0
00-0040580,2026_01_SF_LA,1,LA,SF,0,0,0,0,0,0,,0,0,0,0,,0,0,0,0,0,0.0,2,4,0,0.0,1,0,0,0,0,0,0,,0,0,0,0,0.0
00-0040582,2026_01_NYJ_TEN,1,NYJ,TEN,0,0,0,0,0,0,,0,0,0,0,,1,0,0,0,0,0.0434782608695652,1,0,0,0.0,0,0,0,0,0,0,0,,0,0,0,0,0.0
00-0040583,2026_01_BUF_HOU,1,HOU,BUF,0,0,0,0,0,0,,9,42,0,0,1.47042560909176,1,1,-2,0,0,0.027027027027027,0,0,0,0.0,0,0,0,0,0,0,0,,0,0,0,0,5.0
00-0040584,2026_01_NYJ_TEN,1,TEN,NYJ,0,0,0,0,0,0,,0,0,0,0,,5,4,28,0,22,0.178571428571429,0,0,0,0.0,0,0,0,0,0,0,0,,0,0,0,0,6.8
00-0040585,2026_01_SF_LA,1,LA,SF,0,0,0,0,0,0,,0,0,0,0,,0,0,0,0,0,0.0,0,1,0,0.0,0,0,0,0,0,0,0,,0,0,0,0,0.0
00-0040590,2026_01_SF_LA,1,LA,SF,0,0,0,0,0,0,,0,0,0,0,,1,0,0,0,0,0.037037037037037,0,0,0,0.0,0,0,0,0,0,0,0,,0,0,0,0,0.0
00-0040613,2026_01_SF_LA,1,LA,SF,0,0,0,0,0,0,,0,0,0,0,,0,0,0,0,0,0.0,3,3,0,0.0,0,0,0,0,0,0,0,,0,0,0,0,0.0
00-0040621,2026_01_NE_SEA,1,SEA,NE,0,0,0,0,0,0,,0,0,0,0,,0,0,0,0,0,0.0,1,0,0,0.0,0,0,0,0,0,0,0,,0,0,0,0,0.0
00-0040634,2026_01_DEN_KC,1,DEN,KC,0,0,0,0,0,0,,0,0,0,0,,0,0,0,0,0,0.0,1,0,0,0.0,0,0,0,0,0,0,0,,0,0,0,0,0.0
00-0040636,2026_01_BAL_IND,1,BAL,IND,0,0,0,0,0,0,,0,0,0,0,,0,0,0,0,0,0.0,2,0,0,0.0,0,0,0,0,0,0,0,,0,0,0,0,0.0
00-0040640,2026_01_DEN_KC,1,KC,DEN,0,0,0,0,0,0,,0,0,0,0,,0,0,0,0,0,0.0,0,1,0,0.0,0,0,0,0,0,0,0,,0,0,0,0,0.0
00-0040641,2026_01_MIA_LV,1,LV,MIA,0,0,0,0,0,0,,0,0,0,0,,0,0,0,0,0,0.0,0,2,0,0.0,0,0,2,0,0,0,0,,0,0,0,0,0.0
00-0040642,2026_01_NO_DET,1,NO,DET,0,0,0,0,0,0,,0,0,0,0,,0,0,0,0,0,0.0,1,2,0,0.0,2,0,0,1,0,0,0,,0,0,0,0,0.0
00-0040643,2026_01_NO_DET,1,NO,DET,0,0,0,0,0,0,,0,0,0,0,,0,0,0,0,0,0.0,7,3,1,0.0,0,0,0,0,0,0,0,,0,0,0,0,0.0
00-0040646,2026_01_DEN_KC,1,KC,DEN,0,0,0,0,0,0,,0,0,0,0,,0,0,0,0,0,0.0,1,0,0,0.0,0,0,0,0,0,0,0,,0,0,1,5,0.0
00-0040647,2026_01_NE_SEA,1,SEA,NE,0,0,0,0,0,0,,0,0,0,0,,0,0,0,0,0,0.0,2,0,1,0.0,0,0,0,0,0,0,0,,0,0,0,0,0.0
00-0040654,2026_01_BUF_HOU,1,HOU,BUF,0,0,0,0,0,0,,0,0,0,0,,0,0,0,0,0,0.0,0,0,0,0.0,0,0,0,0,0,0,0,,0,0,0,0,0.0
00-0040663,2026_01_CLE_JAX,1,CLE,JAX,0,0,0,0,0,0,,0,0,0,0,,3,2,21,0,14,0.136363636363636,0,0,0,0.0,0,0,0,0,0,0,0,,0,0,0,0,4.1
00-0040666,2026_01_ARI_LAC,1,LAC,ARI,0,0,0,0,0,0,,12,43,1,1,-4.62002403568476,0,0,0,0,0,0.0,0,0,0,0.0,0,0,0,0,0,0,0,,0,0,0,0,8.3
00-0040667,2026_01_GB_MIN,1,GB,MIN,0,0,0,0,0,0,,0,0,0,0,,12,6,95,0,35,0.3,0,0,0,0.0,0,0,0,0,0,0,0,,0,0,0,0,15.5
00-0040669,2026_01_NO_DET,1,DET,NO,0,0,0,0,0,0,,0,0,0,0,,1,0,0,0,0,0.0256410256410256,0,0,0,0.0,0,0,0,0,0,0,0,,0,0,0,0,0.0
00-0040670,2026_01_DEN_KC,1,KC,DEN,0,0,0,0,0,0,,0,0,0,0,,0,0,0,0,0,0.0,2,1,1,1.0,1,0,1,0,0,0,0,,0,0,0,0,0.0
00-0040672,2026_01_NO_DET,1,DET,NO,0,0,0,0,0,0,,0,0,0,0,,0,0,0,0,0,0.0,1,2,0,0.0,0,0,0,0,0,0,0,,0,0,0,0,0.0
00-0040676,2026_01_NYJ_TEN,1,TEN,NYJ,19,32,140,1,0,3,-7.35125374553204,4,21,0,0,2.49897350056563,0,0,0,0,0,0.0,0,0,0,0.0,0,0,0,0,0,0,0,,0,0,0,0,11.7
00-0040677,2026_01_DAL_NYG,1,NYG,DAL,0,0,0,0,0,0,,0,0,0,0,,0,0,0,0,0,0.0,0,3,0,0.0,1,0,0,0,0,0,0,,0,0,0,0,0.0
00-0040678,2026_01_ATL_PIT,1,PIT,ATL,0,0,0,0,0,0,,0,0,0,0,,0,0,0,0,0,0.0,1,2,0,0.0,0,0,0,0,0,0,0,,0,0,1,5,0.0
00-0040685,2026_01_CLE_JAX,1,CLE,JAX,0,0,0,0,0,0,,0,0,0,0,,0,0,0,0,0,0.0,2,2,2,1.0,1,0,0,0,0,0,0,,0,0,1,5,0.0
00-0040686,2026_01_WAS_PHI,1,WAS,PHI,0,0,0,0,0,0,,0,0,0,0,,0,0,0,0,0,0.0,0,0,0,0.0,0,0,0,0,0,0,0,,0,0,1,5,0.0
00-0040688,2026_01_BAL_IND,1,BAL,IND,0,0,0,0,0,0,,0,0,0,0,,0,0,0,0,0,0.0,2,5,1,1.0,2,0,0,0,0,0,0,,0,0,1,11,0.0
00-0040691,2026_01_DAL_NYG,1,NYG,DAL,23,29,230,3,0,2,21.9124518483004,11,54,0,0,3.68802256340859,0,0,0,0,0,0.0,0,0,0,0.0,0,0,0,0,0,0,0,,0,0,0,0,26.6
00-0040699,2026_01_NE_SEA,1,NE,SEA,0,0,0,0,0,0,,0,0,0,0,,0,0,0,0,0,0.0,0,0,0,0.0,0,0,0,0,0,0,0,,0,0,2,20,0.0
00-0040705,2026_01_NYJ_TEN,1,TEN,NYJ,0,0,0,0,0,0,,0,0,0,0,,1,1,7,0,4,0.0357142857142857,0,0,0,0.0,0,0,0,0,0,0,0,,0,0,0,0,1.7
00-0040706,2026_01_ARI_LAC,1,ARI,LAC,0,0,0,0,0,0,,0,0,0,0,,0,0,0,0,0,0.0,0,1,0,0.0,0,0,0,0,0,0,0,,0,0,0,0,0.0
00-0040708,2026_01_WAS_PHI,1,PHI,WAS,0,0,0,0,0,0,,0,0,0,0,,0,0,0,0,0,0.0,5,4,1,1.0,1,0,0,0,0,0,0,,0,0,0,0,0.0
00-0040709,2026_01_BUF_HOU,1,BUF,HOU,0,0,0,0,0,0,,0,0,0,0,,0,0,0,0,0,0.0,2,1,0,0.0,0,0,0,0,0,0,0,,0,0,0,0,0.0
00-0040710,2026_01_BUF_HOU,1,BUF,HOU,0,0,0,0,0,0,,0,0,0,0,,0,0,0,0,0,0.0,3,3,2,1.0,1,0,0,0,0,0,0,,0,0,1,5,0.0
00-0040711,2026_01_SF_LA,1,SF,LA,0,0,0,0,0,0,,0,0,0,0,,0,0,0,0,0,0.0,1,1,0,0.0,1,0,0,0,0,0,0,,0,0,0,0,0.0
00-0040715,2026_01_DAL_NYG,1,NYG,DAL,0,0,0,0,0,0,,18,81,1,0,-0.645109943492571,0,0,0,0,0,0.0,0,0,0,0.0,0,0,0,0,0,0,0,,0,0,0,0,14.1
00-0040716,2026_01_NE_SEA,1,NE,SEA,0,0,0,0,0,0,,0,0,0,0,,0,0,0,0,0,0.0,5,0,0,0.0,0,0,0,0,0,0,0,,0,0,0,0,0.0
00-0040718,2026_01_CLE_JAX,1,JAX,CLE,0,0,0,0,0,0,,1,3,0,0,-0.270126612391323,1,1,8,0,11,0.0476190476190476,1,0,0,0.0,0,0,0,0,0,0,0,,0,0,0,0,2.1
00-0040719,2026_01_CLE_JAX,1,JAX,CLE,0,0,0,0,0,0,,15,66,0,0,-1.08882716146763,1,1,22,0,27,0.0476190476190476,0,0,0,0.0,0,0,0,0,0,0,0,,0,0,0,0,9.8
00-0040720,2026_01_DEN_KC,1,DEN,KC,0,0,0,0,0,0,,0,0,0,0,,0,0,0,0,0,0.0,4,0,0,0.0,0,0,0,0,0,0,0,,0,0,0,0,0.0
00-0040725,2026_01_DAL_NYG,1,DAL,NYG,0,0,0,0,0,0,,0,0,0,0,,0,0,0,0,0,0.0,4,6,1,0.5,2,0,0,1,0,0,0,,0,0,1,15,0.0
00-0040727,2026_01_ARI_LAC,1,LAC,ARI,0,0,0,0,0,0,,0,0,0,0,,6,3,20,0,9,0.222222222222222,0,0,0,0.0,0,0,0,0,0,0,0,,0,0,0,0,5.0
00-0040728,2026_01_NO_DET,1,DET,NO,0,0,0,0,0,0,,0,0,0,0,,0,0,0,0,0,0.0,0,0,0,0.0,0,0,0,0,0,0,0,,0,0,1,10,0.0
00-0040729,2026_01_MIA_LV,1,LV,MIA,0,0,0,0,0,0,,0,0,0,0,,4,3,23,1,7,0.137931034482759,1,0,0,0.0,0,0,0,0,0,0,0,,0,0,0,0,11.3
00-0040730,2026_01_DEN_KC,1,DEN,KC,0,0,0,0,0,0,,3,18,0,0,1.16021342179738,4,4,23,0,45,0.148148148148148,0,0,0,0.0,0,0,0,0,0,0,0,,0,0,0,0,8.1
00-0040735,2026_01_CHI_CAR,1,CHI,CAR,0,0,0,0,0,0,,1,2,0,0,-0.356950203422457,5,5,63,0,27,0.192307692307692,0,0,0,0.0,0,0,0,0,0,0,0,,0,0,0,0,9.5
00-0040736,2026_01_NYJ_TEN,1,NYJ,TEN,0,0,0,0,0,0,,0,0,0,0,,3,2,-2,0,0,0.130434782608696,0,0,0,0.0,0,0,0,0,0,0,0,,0,0,1,4,1.8
00-0040737,2026_01_SF_LA,1,LA,SF,0,0,0,0,0,0,,0,0,0,0,,1,0,0,0,0,0.037037037037037,0,0,0,0.0,0,0,0,0,0,0,0,,0,0,0,0,0.0
00-0040738,2026_01_TB_CIN,1,CIN,TB,0,0,0,0,0,0,,0,0,0,0,,0,0,0,0,0,0.0,5,2,0,0.0,0,0,0,0,0,0,0,,0,0,0,0,0.0
00-0040743,2026_01_NO_DET,1,NO,DET,35,56,410,3,2,5,-1.00732027256654,4,8,0,0,-1.1607644535834,0,0,0,0,0,0.0,0,0,0,0.0,0,0,0,0,0,0,0,,0,0,1,13,23.2
00-0040744,2026_01_BAL_IND,1,IND,BAL,0,0,0,0,0,0,,0,0,0,0,,0,0,0,0,0,0.0,1,0,0,0.0,1,0,0,0,0,0,0,,0,0,0,0,0.0
00-0040745,2026_01_BUF_HOU,1,HOU,BUF,0,0,0,0,0,0,,0,0,0,0,,0,0,0,0,0,0.0,0,0,0,0.0,0,0,0,0,0,0,0,,0,0,2,15,0.0
00-0040747,2026_01_TB_CIN,1,TB,CIN,0,0,0,0,0,0,,0,0,0,0,,0,0,0,0,0,0.0,4,0,1,0.0,0,0,1,0,0,0,0,,0,0,0,0,0.0
00-0040749,2026_01_WAS_PHI,1,PHI,WAS,0,0,0,0,0,0,,0,0,0,0,,0,0,0,0,0,0.0,1,0,0,0.0,0,0,0,0,0,0,0,,0,0,0,0,0.0
00-0040751,2026_01_ARI_LAC,1,ARI,LAC,0,0,0,0,0,0,,0,0,0,0,,0,0,0,0,0,0.0,2,2,0,0.0,0,0,0,0,0,0,0,,0,0,0,0,0.0
00-0040752,2026_01_NYJ_TEN,1,TEN,NYJ,0,0,0,0,0,0,,0,0,0,0,,0,0,0,0,0,0.0,1,2,1,0.0,0,0,0,0,0,0,0,,0,0,0,0,0.0
00-0040784,2026_01_CLE_JAX,1,CLE,JAX,0,0,0,0,0,0,,12,33,0,0,-2.72711864858866,2,2,17,0,16,0.0909090909090909,0,0,0,0.0,0,0,0,0,0,0,0,,0,0,0,0,7.0
00-0040785,2026_01_TB_CIN,1,CIN,TB,0,0,0,0,0,0,,1,10,0,0,0.480721483821981,1,1,18,0,16,0.0294117647058824,0,0,0,0.0,0,0,0,0,0,0,0,,0,0,0,0,3.8
00-0040865,2026_01_DAL_NYG,1,DAL,NYG,0,0,0,0,0,0,,0,0,0,0,,0,0,0,0,0,0.0,4,4,0,1.0,1,0,0,1,0,0,0,,0,0,0,0,0.0
00-0040866,2026_01_BAL_IND,1,BAL,IND,0,0,0,0,0,0,,0,0,0,0,,0,0,0,0,0,0.0,0,0,0,0.0,0,0,0,0,0,0,0,,0,0,2,20,0.0
00-0040867,2026_01_WAS_PHI,1,PHI,WAS,0,0,0,0,0,0,,0,0,0,0,,4,3,-5,0,3,0.181818181818182,0,0,0,0.0,0,0,0,0,0,0,0,,0,0,0,0,2.5
00-0040868,2026_01_MIA_LV,1,LV,MIA,0,0,0,0,0,0,,0,0,0,0,,0,0,0,0,0,0.0,4,2,0,0.0,0,1,1,0,0,0,0,,0,0,0,0,0.0
00-0040869,2026_01_GB_MIN,1,GB,MIN,0,0,0,0,0,0,,0,0,0,0,,0,0,0,0,0,0.0,0,1,0,0.0,0,0,0,0,0,0,0,,0,0,1,15,0.0
00-0040870,2026_01_BAL_IND,1,BAL,IND,0,0,0,0,0,0,,0,0,0,0,,3,1,11,0,4,0.125,0,0,0,0.0,0,0,0,0,0,0,0,,0,0,0,0,2.1
00-0040872,2026_01_DAL_NYG,1,DAL,NYG,0,0,0,0,0,0,,0,0,0,0,,0,0,0,0,0,0.0,3,3,1,0.0,0,0,0,0,0,0,0,,0,0,1,5,0.0
00-0040877,2026_01_GB_MIN,1,GB,MIN,0,0,0,0,0,0,,0,0,0,0,,0,0,0,0,0,0.0,0,1,0,0.0,0,0,0,0,0,0,0,,0,0,1,10,0.0
00-0040878,2026_01_MIA_LV,1,LV,MIA,0,0,0,0,0,0,,7,41,0,0,-0.930282209941652,0,0,0,0,0,0.0,0,0,0,0.0,0,0,0,0,0,0,0,,0,0,0,0,4.1
00-0040879,2026_01_BAL_IND,1,BAL,IND,0,0,0,0,0,0,,0,0,0,0,,1,1,13,0,12,0.0416666666666667,0,0,0,0.0,0,0,0,0,0,0,0,,0,0,0,0,2.3
00-0040880,2026_01_DAL_NYG,1,DAL,NYG,0,0,0,0,0,0,,0,0,0,0,,0,0,0,0,0,0.0,0,1,0,0.0,0,0,1,0,0,0,0,,0,0,0,0,0.0
00-0040889,2026_01_MIA_LV,1,LV,MIA,0,0,0,0,0,0,,0,0,0,0,,0,0,0,0,0,0.0,0,0,0,0.0,0,0,1,0,0,0,0,,0,0,1,5,0.0
00-0040890,2026_01_DEN_KC,1,KC,DEN,0,0,0,0,0,0,,0,0,0,0,,1,0,0,0,0,0.04,0,0,0,0.0,0,0,0,0,0,0,0,,0,0,1,6,0.0
00-0040894,2026_01_MIA_LV,1,LV,MIA,0,0,0,0,0,0,,1,-8,0,0,-1.40319908829406,2,1,6,0,7,0.0689655172413793,0,0,0,0.0,0,0,0,0,0,0,0,,0,0,0,0,0.8
00-0040898,2026_01_BAL_IND,1,BAL,IND,0,0,0,0,0,0,,0,0,0,0,,0,0,0,0,0,0.0,0,0,0,0.0,0,0,0,0,0,0,0,,0,0,0,0,0.0
00-0040899,2026_01_GB_MIN,1,GB,MIN,0,0,0,0,0,0,,0,0,0,0,,0,0,0,0,0,0.0,0,0,0,0.0,0,0,0,0,0,3,3,59.0,1,2,0,0,0.0
00-0040957,2026_01_DEN_KC,1,KC,DEN,0,0,0,0,0,0,,0,0,0,0,,0,0,0,0,0,0.0,1,1,0,0.0,0,0,0,0,0,0,0,,0,0,0,0,0.0
00-0040978,2026_01_BAL_IND,1,BAL,IND,0,0,0,0,0,0,,0,0,0,0,,0,0,0,0,0,0.0,0,0,0,0.0,0,0,0,0,0,0,0,,0,0,1,10,0.0
00-0041013,2026_01_DEN_KC,1,KC,DEN,0,0,0,0,0,0,,8,24,0,0,-0.448486649431288,2,2,44,0,52,0.08,0,1,0,0.0,0,0,0,0,0,0,0,,0,0,0,0,8.8
00-0041019,2026_01_DEN_KC,1,KC,DEN,0,0,0,0,0,0,,0,0,0,0,,0,0,0,0,0,0.0,0,0,0,0.0,0,0,0,0,0,0,0,,0,0,1,10,0.0
00-0041026,2026_01_NYJ_TEN,1,NYJ,TEN,0,0,0,0,0,0,,0,0,0,0,,0,0,0,0,0,0.0,4,0,1,1.0,1,0,0,0,0,0,0,,0,0,1,5,0.0
00-0041027,2026_01_ARI_LAC,1,ARI,LAC,0,0,0,0,0,0,,11,41,1,0,0.304496043827385,4,2,9,0,5,0.108108108108108,0,0,0,0.0,0,0,0,0,0,0,0,,0,0,0,0,13.0
00-0041028,2026_01_WAS_PHI,1,WAS,PHI,0,0,0,0,0,0,,0,0,0,0,,0,0,0,0,0,0.0,3,1,2,1.0,1,0,0,0,0,0,0,,0,0,0,0,0.0
00-0041031,2026_01_TB_CIN,1,TB,CIN,0,0,0,0,0,0,,0,0,0,0,,0,0,0,0,0,0.0,1,0,0,0.0,0,0,0,0,0,0,0,,0,0,0,0,0.0
00-0041032,2026_01_NYJ_TEN,1,NYJ,TEN,0,0,0,0,0,0,,1,3,1,0,1.23996148013975,3,3,21,0,21,0.130434782608696,0,0,0,0.0,0,0,0,0,0,0,0,,0,0,1,10,11.4
00-0041034,2026_01_CHI_CAR,1,CAR,CHI,0,0,0,0,0,0,,0,0,0,0,,0,0,0,0,0,0.0,0,0,0,0.0,0,0,0,0,0,0,0,,0,0,1,5,0.0
00-0041036,2026_01_BUF_HOU,1,BUF,HOU,0,0,0,0,0,0,,0,0,0,0,,0,0,0,0,0,0.0,0,2,0,0.0,0,0,0,0,0,0,0,,0,0,0,0,0.0
00-0041037,2026_01_CLE_JAX,1,CLE,JAX,0,0,0,0,0,0,,0,0,0,0,,4,2,59,1,2,0.181818181818182,0,0,0,0.0,0,0,0,0,0,0,0,,0,0,0,0,13.9
00-0041040,2026_01_WAS_PHI,1,WAS,PHI,0,0,0,0,0,0,,0,0,0,0,,4,4,64,1,9,0.137931034482759,0,0,0,0.0,0,0,0,0,0,0,0,,0,0,0,0,16.4
00-0041042,2026_01_DAL_NYG,1,NYG,DAL,0,0,0,0,0,0,,0,0,0,0,,4,2,25,0,15,0.137931034482759,0,0,0,0.0,0,0,0,0,0,0,0,,0,0,0,0,4.5
00-0041043,2026_01_BAL_IND,1,IND,BAL,0,0,0,0,0,0,,0,0,0,0,,0,0,0,0,0,0.0,4,3,0,0.0,0,0,0,0,0,0,0,,0,0,0,0,0.0
00-0041044,2026_01_ATL_PIT,1,ATL,PIT,0,0,0,0,0,0,,0,0,0,0,,0,0,0,0,0,0.0,0,0,0,0.0,0,0,0,0,0,0,0,,0,0,0,0,0.0
00-0041045,2026_01_CLE_JAX,1,JAX,CLE,0,0,0,0,0,0,,0,0,0,0,,0,0,0,0,0,0.0,0,1,0,0.0,0,0,0,0,0,0,0,,0,0,0,0,0.0
00-0041046,2026_01_GB_MIN,1,MIN,GB,0,0,0,0,0,0,,0,0,0,0,,0,0,0,0,0,0.0,2,0,1,0.0,0,0,0,0,0,0,0,,0,0,0,0,0.0
00-0041048,2026_01_TB_CIN,1,TB,CIN,0,0,0,0,0,0,,0,0,0,0,,3,3,36,0,2,0.111111111111111,0,0,0,0.0,0,0,0,0,0,0,0,,0,0,0,0,6.6
00-0041052,2026_01_SF_LA,1,SF,LA,0,0,0,0,0,0,,14,65,0,0,0.272510947077535,1,1,5,0,10,0.0294117647058824,0,0,0,0.0,0,0,0,0,0,0,0,,0,0,0,0,8.0
00-0041057,2026_01_TB_CIN,1,TB,CIN,0,0,0,0,0,0,,0,0,0,0,,0,0,0,0,0,0.0,4,0,0,0.0,0,0,0,0,0,0,0,,0,0,0,0,0.0
00-0041060,2026_01_CHI_CAR,1,CHI,CAR,0,0,0,0,0,0,,0,0,0,0,,0,0,0,0,0,0.0,2,1,0,0.0,0,1,2,0,0,0,0,,0,0,0,0,0.0
00-0041063,2026_01_CHI_CAR,1,CAR,CHI,0,0,0,0,0,0,,0,0,0,0,,0,0,0,0,0,0.0,5,0,0,0.0,0,0,1,0,0,0,0,,0,0,0,0,0.0
00-0041064,2026_01_ARI_LAC,1,LAC,ARI,0,0,0,0,0,0,,0,0,0,0,,0,0,0,0,0,0.0,4,1,0,0.0,0,0,0,0,0,0,0,,0,0,0,0,0.0
00-0041066,2026_01_ATL_PIT,1,ATL,PIT,0,0,0,0,0,0,,0,0,0,0,,0,0,0,0,0,0.0,1,3,0,0.0,0,0,0,0,0,0,0,,0,0,0,0,0.0
00-0041067,2026_01_NO_DET,1,NO,DET,0,0,0,0,0,0,,0,0,0,0,,4,3,42,0,7,0.0769230769230769,0,0,0,0.0,0,0,0,0,0,0,0,,0,0,0,0,7.2
00-0041078,2026_01_SF_LA,1,SF,LA,0,0,0,0,0,0,,0,0,0,0,,0,0,0,0,0,0.0,1,4,0,0.0,0,0,0,0,0,0,0,,0,0,0,0,0.0
00-0041093,2026_01_ARI_LAC,1,ARI,LAC,0,0,0,0,0,0,,0,0,0,0,,0,0,0,0,0,0.0,2,0,0,0.0,0,0,0,0,0,0,0,,0,0,0,0,0.0
00-0041094,2026_01_TB_CIN,1,TB,CIN,0,0,0,0,0,0,,0,0,0,0,,0,0,0,0,0,0.0,1,0,0,0.0,0,0,0,0,0,0,0,,0,0,0,0,0.0
00-0041096,2026_01_WAS_PHI,1,WAS,PHI,0,0,0,0,0,0,,4,16,0,0,0.169891955447383,0,0,0,0,0,0.0,0,0,0,0.0,0,0,0,0,0,0,0,,0,0,0,0,1.6
00-0041099,2026_01_NO_DET,1,NO,DET,0,0,0,0,0,0,,1,3,0,0,-0.296891707926989,0,0,0,0,0,0.0,0,0,0,0.0,0,0,0,0,0,0,0,,0,0,0,0,0.3
00-0041100,2026_01_CLE_JAX,1,JAX,CLE,0,0,0,0,0,0,,0,0,0,0,,2,2,20,1,2,0.0952380952380952,0,1,0,0.0,0,0,0,0,0,0,0,,0,0,0,0,10.0
00-0041109,2026_01_NE_SEA,1,NE,SEA,0,0,0,0,0,0,,0,0,0,0,,0,0,0,0,0,0.0,2,1,0,0.0,0,0,0,0,0,0,0,,0,0,0,0,0.0
00-0041111,2026_01_BAL_IND,1,IND,BAL,0,0,0,0,0,0,,0,0,0,0,,0,0,0,0,0,0.0,0,1,0,0.0,0,0,0,0,0,0,0,,0,0,0,0,0.0
00-0041112,2026_01_ATL_PIT,1,ATL,PIT,0,0,0,0,0,0,,0,0,0,0,,0,0,0,0,0,0.0,1,0,0,0.0,0,0,0,0,0,0,0,,0,0,0,0,0.0
00-0041125,2026_01_BAL_IND,1,IND,BAL,0,0,0,0,0,0,,0,0,0,0,,1,1,0,0,2,0.0344827586206897,0,0,0,0.0,0,0,0,0,0,0,0,,0,0,0,0,1.0
00-0041126,2026_01_BUF_HOU,1,BUF,HOU,0,0,0,0,0,0,,0,0,0,0,,0,0,0,0,0,0.0,0,0,0,0.0,0,0,0,0,0,0,0,,0,0,0,0,0.0
00-0041131,2026_01_CLE_JAX,1,CLE,JAX,0,0,0,0,0,0,,0,0,0,0,,0,0,0,0,0,0.0,0,1,0,0.0,0,0,0,0,0,0,0,,0,0,0,0,0.0
00-0041145,2026_01_DAL_NYG,1,NYG,DAL,0,0,0,0,0,0,,0,0,0,0,,0,0,0,0,0,0.0,0,0,0,0.0,0,0,0,0,0,0,0,,4,4,0,0,0.0
00-0041148,2026_01_CHI_CAR,1,CAR,CHI,0,0,0,0,0,0,,0,0,0,0,,0,0,0,0,0,0.0,0,1,0,0.0,0,0,0,0,0,0,0,,0,0,0,0,0.0
00-0041167,2026_01_CHI_CAR,1,CHI,CAR,0,0,0,0,0,0,,0,0,0,0,,0,0,0,0,0,0.0,0,1,0,0.0,0,0,0,0,0,0,0,,0,0,0,0,0.0
00-0041175,2026_01_CHI_CAR,1,CHI,CAR,0,0,0,0,0,0,,0,0,0,0,,0,0,0,0,0,0.0,0,1,0,0.0,0,0,0,0,0,0,0,,0,0,1,10,0.0
00-0041182,2026_01_WAS_PHI,1,WAS,PHI,0,0,0,0,0,0,,0,0,0,0,,0,0,0,0,0,0.0,0,0,0,0.0,0,0,0,0,0,1,2,55.0,1,2,0,0,0.0
00-0041227,2026_01_BAL_IND,1,IND,BAL,0,0,0,0,0,0,,0,0,0,0,,0,0,0,0,0,0.0,1,0,0,0.0,0,0,0,0,0,0,0,,0,0,0,0,0.0
00-0041305,2026_01_BUF_HOU,1,HOU,BUF,0,0,0,0,0,0,,0,0,0,0,,0,0,0,0,0,0.0,0,1,0,0.0,0,0,0,0,0,0,0,,0,0,0,0,0.0
00-0041320,2026_01_BAL_IND,1,IND,BAL,0,0,0,0,0,0,,0,0,0,0,,0,0,0,0,0,0.0,1,0,0,0.0,0,0,0,0,0,0,0,,0,0,1,4,0.0
00-0041326,2026_01_NO_DET,1,NO,DET,0,0,0,0,0,0,,2,4,0,0,0.91686132340692,2,1,-2,0,4,0.0384615384615385,0,0,0,0.0,0,0,0,0,0,0,0,,0,0,0,0,1.2
00-0041354,2026_01_GB_MIN,1,MIN,GB,0,0,0,0,0,0,,0,0,0,0,,0,0,0,0,0,0.0,2,1,0,0.0,0,0,0,0,0,0,0,,0,0,0,0,0.0
00-0041363,2026_01_SF_LA,1,SF,LA,0,0,0,0,0,0,,0,0,0,0,,0,0,0,0,0,0.0,0,2,0,0.0,0,0,0,0,0,0,0,,0,0,0,0,0.0
00-0041390,2026_01_NO_DET,1,NO,DET,0,0,0,0,0,0,,0,0,0,0,,0,0,0,0,0,0.0,0,0,0,0.0,0,0,0,0,0,0,0,,0,0,1,5,0.0
00-0041391,2026_01_BUF_HOU,1,BUF,HOU,0,0,0,0,0,0,,0,0,0,0,,0,0,0,0,0,0.0,1,1,0,0.0,0,0,1,0,0,0,0,,0,0,1,5,0.0
00-0041392,2026_01_ARI_LAC,1,LAC,ARI,0,0,0,0,0,0,,0,0,0,0,,0,0,0,0,0,0.0,0,0,0,0.0,0,0,0,0,0,0,0,,0,0,2,15,0.0
00-0041393,2026_01_ATL_PIT,1,PIT,ATL,0,0,0,0,0,0,,0,0,0,0,,0,0,0,0,0,0.0,1,0,0,0.0,0,0,0,0,0,0,0,,0,0,0,0,0.0
00-0041395,2026_01_NE_SEA,1,NE,SEA,0,0,0,0,0,0,,0,0,0,0,,1,1,2,1,0,0.032258064516129,0,0,0,0.0,0,0,0,0,0,0,0,,0,0,0,0,7.2
00-0041397,2026_01_ATL_PIT,1,PIT,ATL,0,0,0,0,0,0,,0,0,0,0,,0,0,0,0,0,0.0,0,0,0,0.0,0,0,0,0,0,0,0,,0,0,0,0,0.0
00-0041398,2026_01_ATL_PIT,1,PIT,ATL,0,0,0,0,0,0,,0,0,0,0,,0,0,0,0,0,0.0,1,1,0,0.0,0,0,0,0,0,0,0,,0,0,0,0,0.0
00-0041401,2026_01_ATL_PIT,1,PIT,ATL,0,0,0,0,0,0,,0,0,0,0,,0,0,0,0,0,0.0,1,2,0,0.0,0,0,0,0,0,0,0,,0,0,0,0,0.0
00-0041438,2026_01_NYJ_TEN,1,TEN,NYJ,0,0,0,0,0,0,,0,0,0,0,,6,4,38,0,9,0.214285714285714,0,0,0,0.0,0,0,0,0,0,0,0,,0,0,0,0,7.8
00-0041444,2026_01_BUF_HOU,1,BUF,HOU,0,0,0,0,0,0,,0,0,0,0,,0,0,0,0,0,0.0,0,2,0,0.0,0,0,0,0,0,0,0,,0,0,0,0,0.0
00-0041445,2026_01_NO_DET,1,DET,NO,0,0,0,0,0,0,,0,0,0,0,,0,0,0,0,0,0.0,2,0,1,0.0,0,0,0,0,0,0,0,,0,0,1,5,0.0
00-0041447,2026_01_NO_DET,1,DET,NO,0,0,0,0,0,0,,0,0,0,0,,0,0,0,0,0,0.0,1,2,0,0.0,0,0,0,0,0,0,0,,0,0,0,0,0.0
00-0041459,2026_01_NO_DET,1,DET,NO,0,0,0,0,0,0,,0,0,0,0,,0,0,0,0,0,0.0,2,1,0,0.0,0,0,0,0,0,0,0,,0,0,0,0,0.0
00-0041464,2026_01_TB_CIN,1,CIN,TB,0,0,0,0,0,0,,0,0,0,0,,0,0,0,0,0,0.0,0,1,0,0.0,0,0,0,0,0,0,0,,0,0,1,12,0.0
00-0041465,2026_01_BUF_HOU,1,HOU,BUF,0,0,0,0,0,0,,0,0,0,0,,0,0,0,0,0,0.0,0,1,0,0.0,0,0,0,0,0,0,0,,0,0,0,0,0.0
00-0041469,2026_01_ATL_PIT,1,ATL,PIT,0,0,0,0,0,0,,0,0,0,0,,0,0,0,0,0,0.0,1,0,0,0.0,0,0,0,0,0,0,0,,0,0,0,0,0.0
00-0041470,2026_01_GB_MIN,1,GB,MIN,0,0,0,0,0,0,,0,0,0,0,,0,0,0,0,0,0.0,1,0,0,0.0,0,0,1,0,0,0,0,,0,0,0,0,0.0
00-0041471,2026_01_CLE_JAX,1,CLE,JAX,0,0,0,0,0,0,,0,0,0,0,,0,0,0,0,0,0.0,1,2,0,0.0,0,0,0,0,0,0,0,,0,0,1,10,0.0
00-0041472,2026_01_BUF_HOU,1,HOU,BUF,0,0,0,0,0,0,,0,0,0,0,,1,1,16,0,2,0.027027027027027,0,0,0,0.0,0,0,0,0,0,0,0,,0,0,0,0,2.6
00-0041478,2026_01_CHI_CAR,1,CAR,CHI,0,0,0,0,0,0,,0,0,0,0,,0,0,0,0,0,0.0,4,2,0,0.0,0,0,0,0,0,0,0,,0,0,0,0,0.0
00-0041479,2026_01_NYJ_TEN,1,TEN,NYJ,0,0,0,0,0,0,,0,0,0,0,,0,0,0,0,0,0.0,2,14,0,0.0,0,0,2,0,0,0,0,,0,0,0,0,0.0
00-0041490,2026_01_ATL_PIT,1,PIT,ATL,0,0,0,0,0,0,,0,0,0,0,,0,0,0,0,0,0.0,0,0,0,0.0,0,0,0,0,0,0,0,,0,0,0,0,0.0
00-0041495,2026_01_GB_MIN,1,MIN,GB,0,0,0,0,0,0,,0,0,0,0,,0,0,0,0,0,0.0,1,0,0,0.0,0,0,0,0,0,0,0,,0,0,0,0,0.0
00-0041496,2026_01_DEN_KC,1,DEN,KC,0,0,0,0,0,0,,0,0,0,0,,0,0,0,0,0,0.0,0,0,0,0.0,0,0,0,0,0,0,0,,0,0,0,0,0.0
00-0041497,2026_01_DEN_KC,1,KC,DEN,0,0,0,0,0,0,,0,0,0,0,,0,0,0,0,0,0.0,0,0,0,0.0,0,0,0,0,0,0,0,,0,0,1,9,0.0
00-0041501,2026_01_DEN_KC,1,KC,DEN,0,0,0,0,0,0,,0,0,0,0,,0,0,0,0,0,0.0,1,1,1,1.0,1,0,0,0,0,0,0,,0,0,0,0,0.0
00-0041502,2026_01_TB_CIN,1,TB,CIN,0,0,0,0,0,0,,0,0,0,0,,0,0,0,0,0,0.0,4,7,2,1.0,1,1,1,0,1,0,0,,0,0,0,0,0.0
00-0041503,2026_01_CLE_JAX,1,JAX,CLE,0,0,0,0,0,0,,0,0,0,0,,1,1,9,0,7,0.0476190476190476,0,0,0,0.0,0,0,0,0,0,0,0,,0,0,1,10,1.9
00-0041508,2026_01_NYJ_TEN,1,TEN,NYJ,0,0,0,0,0,0,,0,0,0,0,,0,0,0,0,0,0.0,0,1,0,0.0,0,0,0,0,0,0,0,,0,0,0,0,0.0
00-0041509,2026_01_DAL_NYG,1,NYG,DAL,0,0,0,0,0,0,,0,0,0,0,,0,0,0,0,0,0.0,4,0,1,0.0,1,0,0,0,0,0,0,,0,0,0,0,0.0
00-0041511,2026_01_NYJ_TEN,1,NYJ,TEN,0,0,0,0,0,0,,0,0,0,0,,1,1,30,0,26,0.0434782608695652,0,0,0,0.0,0,0,0,0,0,0,0,,0,0,0,0,4.0
00-0041512,2026_01_NE_SEA,1,SEA,NE,0,0,0,0,0,0,,10,52,0,0,1.02588471770287,2,2,6,0,7,0.0833333333333333,0,0,0,0.0,0,0,0,0,0,0,0,,0,0,0,0,7.8
00-0041518,2026_01_BAL_IND,1,IND,BAL,0,0,0,0,0,0,,0,0,0,0,,0,0,0,0,0,0.0,2,5,0,0.0,0,0,0,0,0,0,0,,0,0,0,0,0.0
00-0041521,2026_01_MIA_LV,1,MIA,LV,0,0,0,0,0,0,,0,0,0,0,,0,0,0,0,0,0.0,0,0,0,0.0,0,0,0,0,0,0,0,,0,0,1,5,0.0
00-0041522,2026_01_MIA_LV,1,MIA,LV,0,0,0,0,0,0,,0,0,0,0,,0,0,0,0,0,0.0,5,9,0,0.0,0,0,0,0,0,0,0,,0,0,0,0,0.0
00-0041523,2026_01_MIA_LV,1,MIA,LV,0,0,0,0,0,0,,0,0,0,0,,7,5,94,0,35,0.259259259259259,1,0,0,0.0,0,0,0,0,0,0,0,,0,0,0,0,14.4
00-0041524,2026_01_MIA_LV,1,MIA,LV,0,0,0,0,0,0,,0,0,0,0,,1,0,0,0,0,0.037037037037037,0,0,0,0.0,0,0,0,0,0,0,0,,0,0,0,0,0.0
00-0041525,2026_01_MIA_LV,1,MIA,LV,0,0,0,0,0,0,,0,0,0,0,,2,1,25,0,3,0.0740740740740741,0,0,0,0.0,0,0,0,0,0,0,0,,0,0,0,0,3.5
00-0041528,2026_01_MIA_LV,1,MIA,LV,0,0,0,0,0,0,,0,0,0,0,,0,0,0,0,0,0.0,1,3,0,0.0,0,1,1,0,0,0,0,,0,0,0,0,0.0
00-0041529,2026_01_MIA_LV,1,MIA,LV,0,0,0,0,0,0,,0,0,0,0,,2,0,0,0,0,0.0740740740740741,0,0,0,0.0,0,0,0,0,0,0,0,,0,0,0,0,0.0
00-0041533,2026_01_MIA_LV,1,MIA,LV,0,0,0,0,0,0,,0,0,0,0,,0,0,0,0,0,0.0,5,6,1,0.0,0,0,2,0,0,0,0,,0,0,0,0,0.0
00-0041537,2026_01_DAL_NYG,1,DAL,NYG,0,0,0,0,0,0,,0,0,0,0,,0,0,0,0,0,0.0,2,3,0,0.0,0,0,0,0,0,0,0,,0,0,0,0,0.0
00-0041538,2026_01_CHI_CAR,1,CHI,CAR,0,0,0,0,0,0,,0,0,0,0,,0,0,0,0,0,0.0,8,2,0,0.0,1,0,1,0,0,0,0,,0,0,0,0,0.0
00-0041543,2026_01_DEN_KC,1,KC,DEN,0,0,0,0,0,0,,0,0,0,0,,0,0,0,0,0,0.0,0,0,0,0.0,0,1,1,0,0,0,0,,0,0,0,0,0.0
00-0041544,2026_01_ARI_LAC,1,LAC,ARI,0,0,0,0,0,0,,0,0,0,0,,0,0,0,0,0,0.0,1,1,0,0.0,0,0,0,0,0,0,0,,0,0,0,0,0.0
00-0041545,2026_01_DEN_KC,1,KC,DEN,0,0,0,0,0,0,,0,0,0,0,,0,0,0,0,0,0.0,1,1,0,0.0,0,0,1,0,0,0,0,,0,0,0,0,0.0
00-0041547,2026_01_CLE_JAX,1,CLE,JAX,0,0,0,0,0,0,,3,15,0,0,0.0786754116415978,5,4,43,0,15,0.227272727272727,0,0,0,0.0,0,0,0,0,0,0,0,,0,0,0,0,7.8
00-0041549,2026_01_NYJ_TEN,1,NYJ,TEN,0,0,0,0,0,0,,0,0,0,0,,0,0,0,0,0,0.0,0,1,0,0.0,0,0,0,0,0,0,0,,0,0,0,0,0.0
00-0041569,2026_01_NE_SEA,1,NE,SEA,0,0,0,0,0,0,,0,0,0,0,,0,0,0,0,0,0.0,3,0,2,1.0,1,0,0,0,0,0,0,,0,0,1,10,0.0
00-0041581,2026_01_GB_MIN,1,MIN,GB,0,0,0,0,0,0,,0,0,0,0,,0,0,0,0,0,0.0,0,0,0,0.0,0,0,0,0,0,0,0,,0,0,0,0,0.0
,2026_01_NE_SEA,1,SEA,NE,0,0,0,0,0,0,,0,0,0,0,,0,0,0,0,0,0.0,0,0,0,0.0,0,0,0,0,0,0,0,,0,0,28,138,0.0
00-0023459,2026_02_PIT_NE,2,PIT,NE,23,39,187,0,1,4,-21.4094302124879,1,5,0,0,0.23470135719981,0,0,0,0,0,0.0,1,0,0,0.0,0,0,0,0,0,0,0,,0,0,0,0,3.98
00-0025565,2026_02_CAR_ATL,2,ATL,CAR,0,0,0,0,0,0,,0,0,0,0,,0,0,0,0,0,0.0,0,0,0,0.0,0,0,0,0,0,1,2,41.0,0,0,0,0,0.0
00-0026190,2026_02_NO_BAL,2,BAL,NO,0,0,0,0,0,0,,0,0,0,0,,0,0,0,0,0,0.0,0,1,0,0.0,0,0,0,0,0,0,0,,0,0,0,0,0.0
00-0026498,2026_02_NYG_LA,2,LA,NYG,22,31,327,4,1,1,18.633953401768,4,-1,0,0,-5.06525587034412,0,0,0,0,0,0.0,0,0,0,0.0,0,0,0,0,0,0,0,,0,0,0,0,26.98
00-0027857,2026_02_MIA_SF,2,SF,MIA,0,0,0,0,0,0,,0,0,0,0,,0,0,0,0,0,0.0,0,0,0,0.0,0,0,0,0,0,0,0,,0,0,1,10,0.0
00-0027940,2026_02_WAS_DAL,2,DAL,WAS,0,0,0,0,0,0,,0,0,0,0,,0,0,0,0,0,0.0,0,1,0,0.0,0,0,0,0,0,0,0,,0,0,0,0,0.0
00-0027962,2026_02_NO_BAL,2,NO,BAL,0,0,0,0,0,0,,0,0,0,0,,0,0,0,0,0,0.0,1,1,0,0.0,0,0,0,0,0,0,0,,0,0,0,0,0.0
00-0027969,2026_02_PIT_NE,2,PIT,NE,0,0,0,0,0,0,,0,0,0,0,,0,0,0,0,0,0.0,0,3,0,0.0,1,0,1,0,0,0,0,,0,0,0,0,0.0
00-0029604,2026_02_LV_LAC,2,LV,LAC,19,29,253,3,1,2,5.97274090570863,4,1,0,0,-2.05798425327521,0,0,0,0,0,0.0,0,0,0,0.0,0,0,0,0,0,0,0,,0,0,0,0,20.22
00-0029606,2026_02_MIN_CHI,2,MIN,CHI,0,0,0,0,0,0,,0,0,0,0,,0,0,0,0,0,0.0,3,0,0,0.0,0,0,0,0,0,0,0,,0,0,0,0,0.0
00-0029607,2026_02_GB_NYJ,2,NYJ,GB,0,0,0,0,0,0,,0,0,0,0,,0,0,0,0,0,0.0,2,1,1,0.0,0,0,0,0,0,0,0,,0,0,0,0,0.0
00-0029692,2026_02_WAS_DAL,2,DAL,WAS,0,0,0,0,0,0,,0,0,0,0,,0,0,0,0,0,0.0,0,0,0,0.0,0,0,0,0,0,0,0,,0,0,0,0,0.0
00-0029714,2026_02_MIN_CHI,2,MIN,CHI,0,0,0,0,0,0,,0,0,0,0,,0,0,0,0,0,0.0,1,0,0,0.0,0,0,0,0,0,0,0,,0,0,0,0,0.0
00-0029892,2026_02_MIA_SF,2,SF,MIA,0,0,0,0,0,0,,0,0,0,0,,2,2,27,1,8,0.0952380952380952,0,0,0,0.0,0,0,0,0,0,0,0,,0,0,0,0,10.7
00-0030070,2026_02_NO_BAL,2,BAL,NO,0,0,0,0,0,0,,0,0,0,0,,0,0,0,0,0,0.0,1,1,0,0.0,0,0,0,0,0,0,0,,0,0,0,0,0.0
00-0030092,2026_02_CAR_ATL,2,CAR,ATL,0,0,0,0,0,0,,0,0,0,0,,0,0,0,0,0,0.0,0,0,0,0.0,0,0,0,0,0,0,0,,0,0,0,0,0.0
00-0030140,2026_02_WAS_DAL,2,WAS,DAL,0,0,0,0,0,0,,0,0,0,0,,0,0,0,0,0,0.0,0,0,0,0.0,0,0,0,0,0,0,0,,0,0,0,0,0.0
00-0030279,2026_02_IND_KC,2,IND,KC,0,0,0,0,0,0,,0,0,0,0,,5,1,5,0,0,0.166666666666667,0,0,0,0.0,0,0,0,0,0,0,0,,0,0,0,0,1.5
00-0030294,2026_02_LV_LAC,2,LAC,LV,0,0,0,0,0,0,,0,0,0,0,,0,0,0,0,0,0.0,3,3,0,0.0,0,0,0,0,0,0,0,,0,0,0,0,0.0
00-0030506,2026_02_IND_KC,2,KC,IND,0,0,0,0,0,0,,0,0,0,0,,11,9,101,1,66,0.255813953488372,0,0,0,0.0,0,0,0,0,0,0,0,,0,0,0,0,25.1
00-0030561,2026_02_PHI_TEN,2,PHI,TEN,0,0,0,0,0,0,,0,0,0,0,,0,0,0,0,0,0.0,0,0,0,0.0,0,0,0,0,0,0,0,,0,0,1,5,0.0
00-0030565,2026_02_GB_NYJ,2,NYJ,GB,27,41,247,1,0,4,4.28423701151041,5,17,0,0,-2.93676051928196,0,0,0,0,0,0.0,0,0,0,0.0,0,0,0,0,0,0,0,,0,0,1,15,15.58
00-0031040,2026_02_LV_LAC,2,LAC,LV,0,0,0,0,0,0,,0,0,0,0,,0,0,0,0,0,0.0,2,1,1,1.0,2,0,0,0,0,0,0,,0,0,0,0,0.0
00-0031054,2026_02_PIT_NE,2,NE,PIT,0,0,0,0,0,0,,0,0,0,0,,0,0,0,0,0,0.0,1,0,0,0.0,0,0,0,0,0,0,0,,0,0,0,0,0.0
00-0031136,2026_02_PIT_NE,2,PIT,NE,0,0,0,0,0,0,,0,0,0,0,,0,0,0,0,0,0.0,0,0,0,0.0,0,0,0,0,0,1,2,56.0,0,0,0,0,0.0
00-0031203,2026_02_MIN_CHI,2,CHI,MIN,0,0,0,0,0,0,,0,0,0,0,,0,0,0,0,0,0.0,0,0,0,0.0,0,0,0,0,0,1,2,50.0,0,0,0,0,0.0
00-0031270,2026_02_NYG_LA,2,NYG,LA,0,0,0,0,0,0,,0,0,0,0,,0,0,0,0,0,0.0,1,0,0,0.0,0,0,0,0,0,0,0,,0,0,0,0,0.0
00-0031279,2026_02_CAR_ATL,2,ATL,CAR,0,0,0,0,0,0,,0,0,0,0,,0,0,0,0,0,0.0,0,0,0,0.0,0,0,0,0,0,0,0,,0,0,1,6,0.0
00-0031330,2026_02_PIT_NE,2,NE,PIT,0,0,0,0,0,0,,0,0,0,0,,0,0,0,0,0,0.0,0,0,0,0.0,0,0,0,0,0,0,0,,0,0,1,5,0.0
00-0031360,2026_02_MIN_CHI,2,MIN,CHI,0,0,0,0,0,0,,0,0,0,0,,0,0,0,0,0,0.0,1,0,1,0.0,0,0,0,0,0,0,0,,0,0,0,0,0.0
00-0031381,2026_02_NYG_LA,2,LA,NYG,0,0,0,0,0,0,,0,0,0,0,,10,8,195,2,46,0.333333333333333,1,0,0,0.0,0,0,0,0,0,0,0,,0,0,0,0,39.5
00-0031388,2026_02_NYG_LA,2,LA,NYG,0,0,0,0,0,0,,0,0,0,0,,0,0,0,0,0,0.0,1,2,1,0.0,0,0,0,0,0,0,0,,0,0,0,0,0.0
00-0031408,2026_02_MIA_SF,2,SF,MIA,0,0,0,0,0,0,,0,0,0,0,,3,3,54,0,14,0.142857142857143,0,0,0,0.0,0,0,0,0,0,0,0,,0,0,0,0,8.4
00-0031411,2026_02_SEA_ARI,2,SEA,ARI,0,0,0,0,0,0,,0,0,0,0,,0,0,0,0,0,0.0,0,0,0,0.0,1,0,1,0,0,0,0,,0,0,0,0,0.0
00-0031492,2026_02_SEA_ARI,2,SEA,ARI,0,0,0,0,0,0,,0,0,0,0,,0,0,0,0,0,0.0,0,0,0,0.0,0,0,0,0,0,1,1,33.0,4,4,0,0,0.0
00-0031503,2026_02_NYG_LA,2,NYG,LA,11,27,111,0,1,2,-16.4904649579566,2,1,0,0,0.328010444180109,0,0,0,0,0,0.0,0,0,0,0.0,0,0,0,0,0,0,0,,0,0,0,0,2.54
00-0031565,2026_02_CIN_HOU,2,HOU,CIN,0,0,0,0,0,0,,0,0,0,0,,0,0,0,0,0,0.0,1,0,1,1.0,1,0,1,0,0,0,0,,0,0,0,0,0.0
00-0031576,2026_02_CAR_ATL,2,ATL,CAR,0,0,0,0,0,0,,0,0,0,0,,0,0,0,0,0,0.0,1,1,1,0.5,1,0,1,0,0,0,0,,0,0,0,0,0.0
00-0031583,2026_02_MIN_CHI,2,CHI,MIN,0,0,0,0,0,0,,0,0,0,0,,0,0,0,0,0,0.0,1,1,0,0.0,0,0,0,0,0,0,0,,0,0,0,0,0.0
00-0031588,2026_02_WAS_DAL,2,WAS,DAL,0,0,0,0,0,0,,0,0,0,0,,6,5,47,2,4,0.176470588235294,0,0,0,0.0,0,0,0,0,0,0,0,,0,0,0,0,21.7
00-0031610,2026_02_CAR_ATL,2,CAR,ATL,0,0,0,0,0,0,,0,0,0,0,,3,3,33,2,7,0.09375,0,0,0,0.0,0,0,0,0,0,0,0,,0,0,0,0,18.3
00-0031898,2026_02_JAX_DEN,2,DEN,JAX,0,0,0,0,0,0,,0,0,0,0,,0,0,0,0,0,0.0,5,4,0,0.0,0,0,1,0,0,0,0,,0,0,1,3,0.0
00-0031933,2026_02_SEA_ARI,2,SEA,ARI,0,0,0,0,0,0,,0,0,0,0,,0,0,0,0,0,0.0,3,2,2,1.0,1,0,0,0,0,0,0,,0,0,0,0,0.0
00-0031957,2026_02_CLE_TB,2,TB,CLE,0,0,0,0,0,0,,0,0,0,0,,0,0,0,0,0,0.0,0,1,0,0.0,0,0,0,0,0,0,0,,0,0,0,0,0.0
00-0032065,2026_02_MIA_SF,2,MIA,SF,0,0,0,0,0,0,,1,0,0,0,-3.22026351245586,0,0,0,0,0,0.0,1,0,0,0.0,0,0,0,0,0,0,0,,0,0,0,0,0.0
00-0032071,2026_02_CIN_HOU,2,HOU,CIN,0,0,0,0,0,0,,0,0,0,0,,0,0,0,0,0,0.0,0,0,0,0.0,0,0,0,0,0,0,0,,0,0,3,20,0.0
00-0032104,2026_02_JAX_DEN,2,JAX,DEN,0,0,0,0,0,0,,3,11,0,0,0.560814540600404,1,1,2,0,8,0.0357142857142857,0,0,0,0.0,0,0,0,0,0,0,0,,0,0,0,0,2.3
00-0032146,2026_02_LV_LAC,2,LAC,LV,0,0,0,0,0,0,,0,0,0,0,,0,0,0,0,0,0.0,0,1,0,0.0,1,0,0,0,0,0,0,,0,0,0,0,0.0
00-0032164,2026_02_JAX_DEN,2,JAX,DEN,0,0,0,0,0,0,,0,0,0,0,,0,0,0,0,0,0.0,1,0,1,0.0,0,0,0,0,0,0,0,,0,0,0,0,0.0
00-0032265,2026_02_CIN_HOU,2,HOU,CIN,0,0,0,0,0,0,,0,0,0,0,,0,0,0,0,0,0.0,0,4,0,0.5,1,0,0,0,0,0,0,,0,0,0,0,0.0
00-0032268,2026_02_WAS_DAL,2,WAS,DAL,11,16,111,1,0,0,6.73201822161098,1,3,0,0,-0.0667867003940046,0,0,0,0,0,0.0,0,0,0,0.0,0,0,0,0,0,0,0,,0,0,0,0,8.74
00-0032378,2026_02_IND_KC,2,IND,KC,0,0,0,0,0,0,,0,0,0,0,,0,0,0,0,0,0.0,1,4,1,1.0,1,0,1,0,0,0,0,,0,0,0,0,0.0
00-0032387,2026_02_SEA_ARI,2,SEA,ARI,0,0,0,0,0,0,,0,0,0,0,,0,0,0,0,0,0.0,1,0,1,1.0,2,0,0,0,0,0,0,,0,0,0,0,0.0
00-0032392,2026_02_CAR_ATL,2,ATL,CAR,0,0,0,0,0,0,,0,0,0,0,,4,2,20,0,15,0.129032258064516,0,0,0,0.0,0,0,0,0,0,0,0,,0,0,0,0,4.0
00-0032398,2026_02_NO_BAL,2,BAL,NO,0,0,0,0,0,0,,0,0,0,0,,3,1,6,0,0,0.103448275862069,0,0,0,0.0,0,0,0,0,0,0,0,,0,0,2,15,1.6
00-0032424,2026_02_NYG_LA,2,NYG,LA,0,0,0,0,0,0,,0,0,0,0,,0,0,0,0,0,0.0,3,0,0,0.0,0,0,0,0,0,0,0,,0,0,0,0,0.0
00-0032445,2026_02_CIN_HOU,2,CIN,HOU,0,0,0,0,0,0,,0,0,0,0,,0,0,0,0,0,0.0,0,0,0,0.0,0,0,0,0,0,0,0,,0,0,1,5,0.0
00-0032464,2026_02_MIN_CHI,2,CHI,MIN,0,0,0,0,0,0,,0,0,0,0,,5,5,40,0,33,0.166666666666667,0,0,0,0.0,0,0,0,0,0,0,0,,0,0,0,0,9.0
00-0032569,2026_02_JAX_DEN,2,DEN,JAX,0,0,0,0,0,0,,0,0,0,0,,0,0,0,0,0,0.0,0,0,0,0.0,0,0,0,0,0,2,2,45.0,2,2,0,0,0.0
00-0032726,2026_02_CIN_HOU,2,HOU,CIN,0,0,0,0,0,0,,0,0,0,0,,0,0,0,0,0,0.0,1,0,0,0.0,0,0,0,0,0,2,3,45.0,0,0,0,0,0.0
00-0032759,2026_02_CIN_HOU,2,HOU,CIN,0,0,0,0,0,0,,0,0,0,0,,0,0,0,0,0,0.0,1,1,2,1.0,2,0,0,0,0,0,0,,0,0,0,0,0.0
00-0032762,2026_02_IND_KC,2,KC,IND,0,0,0,0,0,0,,0,0,0,0,,0,0,0,0,0,0.0,3,3,0,0.0,1,0,0,0,0,0,0,,0,0,0,0,0.0
00-0032764,2026_02_NO_BAL,2,BAL,NO,0,0,0,0,0,0,,16,68,1,0,2.90964314161101,3,3,19,0,32,0.103448275862069,0,0,0,0.0,0,0,0,0,0,0,0,,0,0,0,0,17.7
00-0032775,2026_02_MIA_SF,2,SF,MIA,0,0,0,0,0,0,,0,0,0,0,,3,3,34,0,7,0.142857142857143,0,0,0,0.0,0,0,0,0,0,0,0,,0,0,0,0,6.4
00-0032889,2026_02_CLE_TB,2,TB,CLE,0,0,0,0,0,0,,0,0,0,0,,0,0,0,0,0,0.0,2,3,1,1.0,1,0,0,0,0,0,0,,0,0,0,0,0.0
00-0032943,2026_02_CLE_TB,2,TB,CLE,0,0,0,0,0,0,,0,0,0,0,,0,0,0,0,0,0.0,0,0,0,0.0,0,0,0,0,0,0,0,,0,0,0,0,0.0
00-0032950,2026_02_MIN_CHI,2,MIN,CHI,11,20,143,0,0,3,0.513303766384119,3,6,0,0,-2.15216757089365,0,0,0,0,0,0.0,0,0,0,0.0,0,0,0,0,0,0,0,,0,0,0,0,6.32
00-0032951,2026_02_IND_KC,2,IND,KC,0,0,0,0,0,0,,0,0,0,0,,3,3,61,0,7,0.1,0,1,0,0.0,0,0,0,0,0,0,0,,0,0,1,5,9.1
00-0033038,2026_02_JAX_DEN,2,JAX,DEN,0,0,0,0,0,0,,0,0,0,0,,0,0,0,0,0,0.0,2,0,0,0.0,0,0,0,0,0,0,0,,0,0,0,0,0.0
00-0033055,2026_02_PIT_NE,2,PIT,NE,0,0,0,0,0,0,,0,0,0,0,,0,0,0,0,0,0.0,2,3,0,0.0,0,0,0,0,0,0,0,,0,0,1,15,0.0
00-0033077,2026_02_WAS_DAL,2,DAL,WAS,26,31,279,4,0,2,15.1040259846231,4,26,0,0,1.89160879759584,0,0,0,0,0,0.0,0,0,0,0.0,0,0,0,0,0,0,0,,0,0,0,0,29.76
00-0033090,2026_02_PIT_NE,2,NE,PIT,0,0,0,0,0,0,,0,0,0,0,,5,3,40,0,18,0.238095238095238,1,0,0,0.0,0,0,0,0,0,0,0,,0,0,0,0,7.0
00-0033093,2026_02_WAS_DAL,2,DAL,WAS,0,0,0,0,0,0,,0,0,0,0,,0,0,0,0,0,0.0,0,0,0,0.0,1,0,0,0,0,0,0,,0,0,0,0,0.0
00-0033106,2026_02_DET_BUF,2,DET,BUF,26,38,327,4,0,4,18.5762867453741,3,7,0,0,-2.15346481953748,0,0,0,0,0,0.0,0,0,0,0.0,0,0,0,0,0,0,0,,0,0,0,0,29.78
00-0033119,2026_02_SEA_ARI,2,ARI,SEA,17,28,95,1,1,2,-8.08428018429549,1,7,0,0,-0.772654672968201,0,0,0,0,0,0.0,0,0,0,0.0,0,0,0,0,0,0,0,,0,0,0,0,6.5
00-0033120,2026_02_WAS_DAL,2,DAL,WAS,0,0,0,0,0,0,,0,0,0,0,,0,0,0,0,0,0.0,1,2,0,0.0,1,0,0,0,0,0,0,,0,0,0,0,0.0
00-0033131,2026_02_CLE_TB,2,CLE,TB,0,0,0,0,0,0,,0,0,0,0,,0,0,0,0,0,0.0,1,1,0,0.0,0,0,0,0,0,0,0,,0,0,1,5,0.0
00-0033132,2026_02_PIT_NE,2,NE,PIT,0,0,0,0,0,0,,0,0,0,0,,0,0,0,0,0,0.0,2,2,0,0.0,0,0,0,0,0,0,0,,0,0,1,5,0.0
00-0033246,2026_02_PHI_TEN,2,PHI,TEN,0,0,0,0,0,0,,0,0,0,0,,3,2,8,0,3,0.0882352941176471,0,0,0,0.0,0,0,0,0,0,0,0,,0,0,1,10,2.8
00-0033260,2026_02_GB_NYJ,2,NYJ,GB,0,0,0,0,0,0,,0,0,0,0,,0,0,0,0,0,0.0,0,1,0,0.0,0,0,0,0,0,0,0,,0,0,0,0,0.0
00-0033269,2026_02_IND_KC,2,IND,KC,0,0,0,0,0,0,,0,0,0,0,,0,0,0,0,0,0.0,0,0,0,0.0,0,0,0,0,0,0,0,,0,0,0,0,0.0
00-0033280,2026_02_MIA_SF,2,SF,MIA,0,0,0,0,0,0,,10,23,2,0,-0.563817018235568,4,4,43,0,32,0.19047619047619,0,0,0,0.0,0,0,0,0,0,0,0,,0,0,0,0,22.6
00-0033281,2026_02_NO_BAL,2,BAL,NO,0,0,0,0,0,0,,0,0,0,0,,0,0,0,0,0,0.0,4,0,0,0.0,0,0,1,0,0,0,0,,0,0,0,0,0.0
00-0033288,2026_02_MIA_SF,2,SF,MIA,0,0,0,0,0,0,,0,0,0,0,,4,4,80,1,30,0.19047619047619,0,0,0,0.0,0,0,0,0,0,0,0,,0,0,1,5,18.0
00-0033293,2026_02_MIN_CHI,2,MIN,CHI,0,0,0,0,0,0,,23,105,0,0,-2.35539375984808,0,0,0,0,0,0.0,0,0,0,0.0,0,0,0,0,0,0,0,,0,0,0,0,10.5
00-0033294,2026_02_DET_BUF,2,DET,BUF,0,0,0,0,0,0,,0,0,0,0,,0,0,0,0,0,0.0,4,7,0,0.0,0,0,0,0,0,0,0,,0,0,0,0,0.0
00-0033297,2026_02_JAX_DEN,2,DEN,JAX,0,0,0,0,0,0,,0,0,0,0,,0,0,0,0,0,0.0,1,0,0,0.0,0,0,0,0,0,0,0,,0,0,0,0,0.0
00-0033303,2026_02_IND_KC,2,KC,IND,0,0,0,0,0,0,,0,0,0,0,,0,0,0,0,0,0.0,0,1,0,0.0,0,0,0,0,0,4,5,46.0,3,3,0,0,0.0
00-0033307,2026_02_SEA_ARI,2,ARI,SEA,0,0,0,0,0,0,,0,0,0,0,,3,2,11,0,4,0.115384615384615,0,0,0,0.0,0,0,0,0,0,0,0,,0,0,0,0,3.1
00-0033336,2026_02_MIN_CHI,2,MIN,CHI,0,0,0,0,0,0,,0,0,0,0,,0,0,0,0,0,0.0,3,4,0,0.0,1,0,0,0,0,0,0,,0,0,0,0,0.0
00-0033381,2026_02_LV_LAC,2,LV,LAC,0,0,0,0,0,0,,0,0,0,0,,0,0,0,0,0,0.0,0,1,0,0.0,0,0,0,0,0,0,0,,0,0,0,0,0.0
00-0033523,2026_02_CIN_HOU,2,CIN,HOU,0,0,0,0,0,0,,0,0,0,0,,0,0,0,0,0,0.0,1,0,3,1.0,1,0,0,0,0,0,0,,0,0,0,0,0.0
00-0033526,2026_02_CIN_HOU,2,CIN,HOU,0,0,0,0,0,0,,2,6,0,0,-0.914070595288649,1,1,16,0,9,0.032258064516129,0,0,0,0.0,0,0,0,0,0,0,0,,0,0,0,0,3.2
00-0033537,2026_02_CLE_TB,2,CLE,TB,24,30,238,2,0,2,10.3738102972507,7,22,0,0,1.4642875273712,0,0,0,0,0,0.0,0,0,0,0.0,0,0,0,0,0,0,0,,0,0,0,0,19.72
00-0033546,2026_02_LV_LAC,2,LAC,LV,0,0,0,0,0,0,,0,0,0,0,,0,0,0,0,0,0.0,0,4,0,0.5,1,0,0,0,0,0,0,,0,0,0,0,0.0
00-0033551,2026_02_WAS_DAL,2,WAS,DAL,0,0,0,0,0,0,,0,0,0,0,,0,0,0,0,0,0.0,1,2,0,0.0,0,0,0,0,0,0,0,,0,0,0,0,0.0
00-0033555,2026_02_PIT_NE,2,NE,PIT,0,0,0,0,0,0,,0,0,0,0,,2,2,18,0,6,0.0952380952380952,0,0,0,0.0,0,0,0,0,0,0,0,,0,0,0,0,3.8
00-0033576,2026_02_SEA_ARI,2,SEA,ARI,0,0,0,0,0,0,,0,0,0,0,,1,1,-10,0,0,0.0384615384615385,0,0,0,0.0,0,0,0,0,0,0,0,,0,0,0,0,0.0
00-0033579,2026_02_MIN_CHI,2,CHI,MIN,0,0,0,0,0,0,,0,0,0,0,,0,0,0,0,0,0.0,0,2,0,0.0,0,0,0,0,0,0,0,,0,0,0,0,0.0
00-0033662,2026_02_CAR_ATL,2,ATL,CAR,10,17,86,0,2,1,-12.1910760655409,2,20,0,1,-2.98615755001083,0,0,0,0,0,0.0,0,0,0,0.0,0,0,0,0,0,0,0,,0,0,0,0,-0.56
00-0033729,2026_02_PIT_NE,2,PIT,NE,0,0,0,0,0,0,,0,0,0,0,,0,0,0,0,0,0.0,0,0,0,0.0,0,0,0,0,0,0,0,,0,0,0,0,0.0
00-0033787,2026_02_PHI_TEN,2,PHI,TEN,0,0,0,0,0,0,,0,0,0,0,,0,0,0,0,0,0.0,0,0,0,0.0,0,0,0,0,0,1,1,58.0,3,3,0,0,0.0
00-0033860,2026_02_NO_BAL,2,NO,BAL,0,0,0,0,0,0,,0,0,0,0,,0,0,0,0,0,0.0,0,1,0,0.0,0,0,0,0,0,0,0,,0,0,0,0,0.0
00-0033870,2026_02_PHI_TEN,2,TEN,PHI,0,0,0,0,0,0,,0,0,0,0,,0,0,0,0,0,0.0,1,2,0,0.0,0,0,0,0,0,0,0,,0,0,0,0,0.0
00-0033873,2026_02_IND_KC,2,KC,IND,32,47,382,3,0,2,13.4245551243568,2,17,0,0,0.492859988065902,0,0,0,0,0,0.0,0,0,0,0.0,0,0,0,0,0,0,0,,0,0,0,0,28.98
00-0033876,2026_02_CLE_TB,2,CLE,TB,0,0,0,0,0,0,,0,0,0,0,,0,0,0,0,0,0.0,1,0,1,0.0,0,0,0,0,0,0,0,,0,0,0,0,0.0
00-0033881,2026_02_JAX_DEN,2,DEN,JAX,0,0,0,0,0,0,,0,0,0,0,,1,1,17,0,0,0.0344827586206897,0,0,0,0.0,0,0,0,0,0,0,0,,0,0,0,0,2.7
00-0033885,2026_02_LV_LAC,2,LAC,LV,0,0,0,0,0,0,,0,0,0,0,,3,1,9,0,8,0.115384615384615,0,0,0,0.0,0,0,0,0,0,0,0,,0,0,0,0,1.9
00-0033886,2026_02_PIT_NE,2,PIT,NE,0,0,0,0,0,0,,0,0,0,0,,0,0,0,0,0,0.0,2,2,1,1.5,2,0,0,0,0,0,0,,0,0,0,0,0.0
00-0033890,2026_02_SEA_ARI,2,ARI,SEA,0,0,0,0,0,0,,0,0,0,0,,0,0,0,0,0,0.0,7,4,1,1.0,1,0,1,0,0,0,0,,0,0,0,0,0.0
00-0033906,2026_02_NO_BAL,2,NO,BAL,0,0,0,0,0,0,,9,15,0,0,-3.78834946046118,6,5,7,0,14,0.1875,0,0,0,0.0,0,0,0,0,0,0,0,,0,0,0,0,7.2
00-0033908,2026_02_SEA_ARI,2,SEA,ARI,0,0,0,0,0,0,,0,0,0,0,,2,2,20,0,6,0.0769230769230769,0,0,0,0.0,0,0,0,0,0,0,0,,0,0,0,0,4.0
00-0033914,2026_02_CLE_TB,2,TB,CLE,0,0,0,0,0,0,,0,0,0,0,,0,0,0,0,0,0.0,2,6,0,0.0,0,0,0,0,0,0,0,,0,0,1,12,0.0
00-0033918,2026_02_WAS_DAL,2,WAS,DAL,0,0,0,0,0,0,,0,0,0,0,,0,0,0,0,0,0.0,1,0,0,0.0,0,0,0,0,0,0,0,,0,0,0,0,0.0
00-0033921,2026_02_CLE_TB,2,TB,CLE,0,0,0,0,0,0,,1,12,0,0,0.47688365355134,3,3,46,0,13,0.0909090909090909,0,0,0,0.0,0,0,0,0,0,0,0,,0,0,0,0,8.8
00-0033928,2026_02_JAX_DEN,2,JAX,DEN,0,0,0,0,0,0,,0,0,0,0,,0,0,0,0,0,0.0,4,0,0,0.0,0,1,1,0,0,0,0,,0,0,0,0,0.0
00-0033935,2026_02_NO_BAL,2,BAL,NO,0,0,0,0,0,0,,0,0,0,0,,0,0,0,0,0,0.0,3,0,1,1.0,1,0,0,0,0,0,0,,0,0,1,3,0.0
00-0033941,2026_02_PIT_NE,2,PIT,NE,0,0,0,0,0,0,,0,0,0,0,,0,0,0,0,0,0.0,4,1,0,0.0,0,0,0,0,0,0,0,,0,0,0,0,0.0
00-0033945,2026_02_CAR_ATL,2,ATL,CAR,0,0,0,0,0,0,,0,0,0,0,,0,0,0,0,0,0.0,0,2,0,0.5,2,0,0,0,0,0,0,,0,0,0,0,0.0
00-0033952,2026_02_IND_KC,2,IND,KC,0,0,0,0,0,0,,0,0,0,0,,0,0,0,0,0,0.0,1,3,0,0.0,1,0,0,0,0,0,0,,0,0,0,0,0.0
00-0034112,2026_02_PHI_TEN,2,TEN,PHI,0,0,0,0,0,0,,0,0,0,0,,0,0,0,0,0,0.0,0,0,0,0.0,0,0,0,0,0,0,0,,0,0,1,10,0.0
00-0034160,2026_02_SEA_ARI,2,SEA,ARI,0,0,0,0,0,0,,0,0,0,0,,0,0,0,0,0,0.0,0,0,0,0.0,0,0,0,0,0,0,0,,0,0,0,0,0.0
00-0034161,2026_02_NO_BAL,2,NO,BAL,0,0,0,0,0,0,,0,0,0,0,,0,0,0,0,0,0.0,0,0,0,0.0,0,0,0,0,0,3,3,51.0,1,1,0,0,0.0
00-0034162,2026_02_LV_LAC,2,LAC,LV,0,0,0,0,0,0,,0,0,0,0,,0,0,0,0,0,0.0,0,0,0,0.0,0,0,0,0,0,0,0,,0,0,0,0,0.0
00-0034163,2026_02_PHI_TEN,2,TEN,PHI,0,0,0,0,0,0,,0,0,0,0,,0,0,0,0,0,0.0,1,0,1,1.0,2,0,0,0,0,0,0,,0,0,1,5,0.0
00-0034173,2026_02_MIA_SF,2,SF,MIA,0,0,0,0,0,0,,0,0,0,0,,0,0,0,0,0,0.0,0,0,0,0.0,0,0,0,0,0,0,0,,5,5,0,0,0.0
00-0034234,2026_02_NYG_LA,2,LA,NYG,0,0,0,0,0,0,,0,0,0,0,,0,0,0,0,0,0.0,1,3,0,0.0,0,0,0,0,0,0,0,,0,0,0,0,0.0
00-0034248,2026_02_NYG_LA,2,NYG,LA,0,0,0,0,0,0,,0,0,0,0,,0,0,0,0,0,0.0,1,2,0,0.0,0,0,0,0,0,0,0,,0,0,0,0,0.0
00-0034275,2026_02_LV_LAC,2,LV,LAC,0,0,0,0,0,0,,0,0,0,0,,0,0,0,0,0,0.0,0,2,0,0.0,0,0,0,0,0,0,0,,0,0,0,0,0.0
00-0034278,2026_02_CIN_HOU,2,HOU,CIN,0,0,0,0,0,0,,0,0,0,0,,0,0,0,0,0,0.0,0,0,0,0.0,0,0,0,0,0,0,0,,0,0,0,0,0.0
00-0034285,2026_02_MIA_SF,2,MIA,SF,0,0,0,0,0,0,,0,0,0,0,,0,0,0,0,0,0.0,0,1,0,0.0,0,0,0,0,0,0,0,,0,0,0,0,0.0
00-0034320,2026_02_MIN_CHI,2,CHI,MIN,0,0,0,0,0,0,,0,0,0,0,,0,0,0,0,0,0.0,1,1,0,0.0,0,0,0,0,0,0,0,,0,0,0,0,0.0
00-0034333,2026_02_WAS_DAL,2,WAS,DAL,0,0,0,0,0,0,,0,0,0,0,,0,0,0,0,0,0.0,1,1,0,0.0,1,0,0,0,0,0,0,,0,0,0,0,0.0
00-0034348,2026_02_JAX_DEN,2,DEN,JAX,0,0,0,0,0,0,,0,0,0,0,,4,3,25,0,2,0.137931034482759,0,0,0,0.0,0,0,0,0,0,0,0,,0,0,0,0,5.5
00-0034350,2026_02_SEA_ARI,2,SEA,ARI,0,0,0,0,0,0,,0,0,0,0,,0,0,0,0,0,0.0,0,1,0,0.0,0,0,0,0,0,0,0,,0,0,0,0,0.0
00-0034351,2026_02_PHI_TEN,2,PHI,TEN,0,0,0,0,0,0,,0,0,0,0,,2,1,4,0,0,0.0588235294117647,0,0,0,0.0,0,0,0,0,0,0,0,,0,0,0,0,1.4
00-0034356,2026_02_LV_LAC,2,LAC,LV,0,0,0,0,0,0,,0,0,0,0,,0,0,0,0,0,0.0,2,2,1,0.0,0,0,1,1,0,0,0,,0,0,0,0,0.0
00-0034361,2026_02_NO_BAL,2,NO,BAL,0,0,0,0,0,0,,0,0,0,0,,0,0,0,0,0,0.0,3,0,0,0.0,0,0,0,0,0,0,0,,0,0,0,0,0.0
00-0034365,2026_02_LV_LAC,2,LV,LAC,0,0,0,0,0,0,,0,0,0,0,,1,1,11,0,10,0.0344827586206897,0,0,0,0.0,0,0,0,0,0,0,0,,0,0,0,0,2.1
00-0034373,2026_02_WAS_DAL,2,WAS,DAL,0,0,0,0,0,0,,0,0,0,0,,0,0,0,0,0,0.0,3,2,0,0.0,1,0,0,0,0,0,0,,0,0,0,0,0.0
00-0034376,2026_02_LV_LAC,2,LV,LAC,0,0,0,0,0,0,,0,0,0,0,,0,0,0,0,0,0.0,3,0,0,0.0,1,0,0,1,0,0,0,,0,0,0,0,0.0
00-0034377,2026_02_DET_BUF,2,DET,BUF,0,0,0,0,0,0,,0,0,0,0,,0,0,0,0,0,0.0,1,2,0,0.0,0,0,0,0,0,0,0,,0,0,0,0,0.0
00-0034381,2026_02_SEA_ARI,2,ARI,SEA,0,0,0,0,0,0,,0,0,0,0,,0,0,0,0,0,0.0,1,0,0,0.0,0,0,0,0,0,0,0,,0,0,1,5,0.0
00-0034383,2026_02_CIN_HOU,2,HOU,CIN,0,0,0,0,0,0,,0,0,0,0,,14,12,140,0,63,0.28,0,0,0,0.0,0,0,0,0,0,0,0,,0,0,0,0,26.0
00-0034384,2026_02_DET_BUF,2,DET,BUF,0,0,0,0,0,0,,0,0,0,0,,0,0,0,0,0,0.0,2,4,0,0.0,0,0,0,0,0,0,0,,0,0,1,5,0.0
00-0034391,2026_02_MIA_SF,2,SF,MIA,0,0,0,0,0,0,,0,0,0,0,,0,0,0,0,0,0.0,0,0,0,0.0,0,0,0,0,0,0,0,,0,0,1,10,0.0
00-0034397,2026_02_WAS_DAL,2,WAS,DAL,0,0,0,0,0,0,,0,0,0,0,,0,0,0,0,0,0.0,2,0,0,0.0,0,0,0,0,0,0,0,,0,0,0,0,0.0
00-0034413,2026_02_JAX_DEN,2,JAX,DEN,0,0,0,0,0,0,,0,0,0,0,,0,0,0,0,0,0.0,5,2,0,0.0,0,0,0,0,0,0,0,,0,0,0,0,0.0
00-0034419,2026_02_NYG_LA,2,NYG,LA,0,0,0,0,0,0,,0,0,0,0,,0,0,0,0,0,0.0,0,0,0,0.0,0,0,0,0,0,0,0,,0,0,0,0,0.0
00-0034431,2026_02_GB_NYJ,2,GB,NYJ,0,0,0,0,0,0,,0,0,0,0,,0,0,0,0,0,0.0,2,5,0,0.0,0,0,0,0,0,0,0,,0,0,0,0,0.0
00-0034437,2026_02_JAX_DEN,2,JAX,DEN,0,0,0,0,0,0,,0,0,0,0,,0,0,0,0,0,0.0,0,0,0,0.0,0,0,0,0,0,0,0,,0,0,0,0,0.0
00-0034446,2026_02_CIN_HOU,2,CIN,HOU,0,0,0,0,0,0,,0,0,0,0,,0,0,0,0,0,0.0,2,1,0,0.0,0,0,1,0,0,0,0,,0,0,0,0,0.0
00-0034465,2026_02_WAS_DAL,2,WAS,DAL,0,0,0,0,0,0,,0,0,0,0,,0,0,0,0,0,0.0,4,3,0,0.0,0,0,0,0,0,0,0,,0,0,1,9,0.0
00-0034473,2026_02_JAX_DEN,2,JAX,DEN,0,0,0,0,0,0,,0,0,0,0,,0,0,0,0,0,0.0,4,0,1,0.0,2,0,0,0,0,0,0,,0,0,0,0,0.0
00-0034485,2026_02_IND_KC,2,IND,KC,0,0,0,0,0,0,,0,0,0,0,,0,0,0,0,0,0.0,1,0,0,0.0,0,0,0,0,0,0,0,,0,0,0,0,0.0
00-0034573,2026_02_IND_KC,2,IND,KC,0,0,0,0,0,0,,0,0,0,0,,0,0,0,0,0,0.0,1,1,0,0.0,0,0,0,0,0,0,0,,0,0,0,0,0.0
00-0034673,2026_02_NYG_LA,2,NYG,LA,0,0,0,0,0,0,,0,0,0,0,,0,0,0,0,0,0.0,0,5,0,0.0,0,0,1,0,0,0,0,,0,0,0,0,0.0
00-0034675,2026_02_CAR_ATL,2,ATL,CAR,0,0,0,0,0,0,,0,0,0,0,,0,0,0,0,0,0.0,4,2,0,0.0,0,0,0,0,0,0,0,,0,0,0,0,0.0
00-0034720,2026_02_PIT_NE,2,NE,PIT,0,0,0,0,0,0,,0,0,0,0,,0,0,0,0,0,0.0,3,3,0,0.0,1,0,0,0,0,0,0,,0,0,1,5,0.0
00-0034721,2026_02_CLE_TB,2,CLE,TB,0,0,0,0,0,0,,0,0,0,0,,0,0,0,0,0,0.0,0,0,0,0.0,0,0,0,0,0,0,0,,0,0,0,0,0.0
00-0034752,2026_02_CIN_HOU,2,CIN,HOU,0,0,0,0,0,0,,0,0,0,0,,0,0,0,0,0,0.0,0,0,0,0.0,0,0,0,0,0,0,0,,0,0,2,10,0.0
00-0034753,2026_02_NO_BAL,2,BAL,NO,0,0,0,0,0,0,,0,0,0,0,,7,6,49,0,9,0.241379310344828,0,0,0,0.0,0,0,0,0,0,0,0,,0,0,0,0,10.9
00-0034754,2026_02_CIN_HOU,2,CIN,HOU,0,0,0,0,0,0,,0,0,0,0,,0,0,0,0,0,0.0,1,0,0,0.0,0,0,0,0,0,0,0,,0,0,0,0,0.0
00-0034760,2026_02_NO_BAL,2,NO,BAL,0,0,0,0,0,0,,0,0,0,0,,0,0,0,0,0,0.0,1,3,0,0.5,1,0,0,0,0,0,0,,0,0,0,0,0.0
00-0034771,2026_02_PIT_NE,2,PIT,NE,0,1,0,0,0,0,-0.417870544595644,1,3,0,0,-0.696471540722996,0,0,0,0,0,0.0,0,0,0,0.0,0,0,0,0,0,0,0,,0,0,0,0,0.3
00-0034773,2026_02_CLE_TB,2,TB,CLE,0,0,0,0,0,0,,0,0,0,0,,0,0,0,0,0,0.0,0,2,0,0.0,0,0,0,0,0,0,0,,0,0,0,0,0.0
00-0034782,2026_02_GB_NYJ,2,NYJ,GB,0,0,0,0,0,0,,0,0,0,0,,0,0,0,0,0,0.0,0,0,0,0.0,0,0,0,0,0,0,0,,0,0,0,0,0.0
00-0034790,2026_02_LV_LAC,2,LAC,LV,0,0,0,0,0,0,,0,0,0,0,,0,0,0,0,0,0.0,2,5,0,0.0,0,0,0,0,0,0,0,,0,0,0,0,0.0
00-0034794,2026_02_GB_NYJ,2,NYJ,GB,0,0,0,0,0,0,,0,0,0,0,,0,0,0,0,0,0.0,0,1,0,0.0,0,0,0,0,0,1,1,32.0,2,2,0,0,0.0
00-0034796,2026_02_NO_BAL,2,BAL,NO,21,31,235,1,1,3,3.31739675468343,4,34,0,0,0.312908550084103,0,0,0,0,0,0.0,0,0,0,0.0,0,0,0,0,0,0,0,,0,0,0,0,14.8
00-0034798,2026_02_NO_BAL,2,BAL,NO,0,0,0,0,0,0,,0,0,0,0,,1,0,0,0,0,0.0344827586206897,0,0,0,0.0,0,0,0,0,0,0,0,,0,0,0,0,0.0
00-0034801,2026_02_CAR_ATL,2,ATL,CAR,0,0,0,0,0,0,,0,0,0,0,,0,0,0,0,0,0.0,0,1,0,0.0,0,0,0,0,0,0,0,,0,0,0,0,0.0
00-0034805,2026_02_PHI_TEN,2,TEN,PHI,0,0,0,0,0,0,,0,0,0,0,,0,0,0,0,0,0.0,1,1,0,1.0,1,0,0,0,0,0,0,,0,0,0,0,0.0
00-0034810,2026_02_PIT_NE,2,PIT,NE,0,0,0,0,0,0,,0,0,0,0,,0,0,0,0,0,0.0,1,0,1,0.0,0,0,0,0,0,0,0,,0,0,0,0,0.0
00-0034815,2026_02_MIA_SF,2,SF,MIA,0,0,0,0,0,0,,0,0,0,0,,0,0,0,0,0,0.0,1,4,0,0.5,1,0,0,1,0,0,0,,0,0,0,0,0.0
00-0034825,2026_02_IND_KC,2,IND,KC,0,0,0,0,0,0,,0,0,0,0,,0,0,0,0,0,0.0,0,1,0,0.0,1,0,0,0,0,0,0,,0,0,0,0,0.0
00-0034827,2026_02_DET_BUF,2,BUF,DET,0,0,0,0,0,0,,1,-1,0,0,-0.935742837842554,0,0,0,0,0,0.0,0,0,0,0.0,0,0,0,0,0,0,0,,0,0,0,0,-0.1
00-0034832,2026_02_DET_BUF,2,BUF,DET,0,0,0,0,0,0,,0,0,0,0,,0,0,0,0,0,0.0,2,2,1,1.5,2,0,0,0,0,0,0,,0,0,0,0,0.0
00-0034837,2026_02_PHI_TEN,2,TEN,PHI,0,0,0,0,0,0,,0,0,0,0,,2,2,35,0,8,0.117647058823529,0,0,0,0.0,0,0,0,0,0,0,0,,0,0,1,15,5.5
00-0034843,2026_02_CAR_ATL,2,ATL,CAR,0,0,0,0,0,0,,0,0,0,0,,0,0,0,0,0,0.0,2,3,0,0.0,0,0,0,0,0,0,0,,0,0,0,0,0.0
00-0034844,2026_02_PHI_TEN,2,PHI,TEN,0,0,0,0,0,0,,4,9,0,0,-1.4125095338095,2,1,11,0,7,0.0588235294117647,0,0,0,0.0,0,0,0,0,0,0,0,,0,0,0,0,3.0
00-0034847,2026_02_JAX_DEN,2,DEN,JAX,0,0,0,0,0,0,,0,0,0,0,,0,0,0,0,0,0.0,0,0,0,0.0,0,0,0,0,0,0,0,,0,0,1,5,0.0
00-0034854,2026_02_MIA_SF,2,SF,MIA,0,0,0,0,0,0,,0,0,0,0,,1,1,18,0,3,0.0476190476190476,0,1,0,0.0,0,0,0,0,0,0,0,,0,0,0,0,2.8
00-0034855,2026_02_CLE_TB,2,TB,CLE,21,34,182,1,1,3,-13.5605912591436,4,29,0,0,4.64024902199162,0,0,0,0,0,0.0,0,0,0,0.0,0,0,0,0,0,0,0,,0,0,0,0,12.18
00-0034856,2026_02_CLE_TB,2,CLE,TB,0,0,0,0,0,0,,0,0,0,0,,0,0,0,0,0,0.0,4,1,0,0.0,0,0,0,1,0,0,0,,0,0,1,5,0.0
00-0034857,2026_02_DET_BUF,2,BUF,DET,20,31,248,3,0,2,15.0488080361392,14,69,2,0,5.70216229438665,0,0,0,0,0,0.0,0,0,0,0.0,0,0,0,0,0,0,0,,0,0,0,0,40.82
00-0034874,2026_02_NO_BAL,2,BAL,NO,0,0,0,0,0,0,,0,0,0,0,,0,0,0,0,0,0.0,2,6,0,0.0,0,0,0,0,0,0,0,,0,0,0,0,0.0
00-0034941,2026_02_PIT_NE,2,NE,PIT,0,0,0,0,0,0,,0,0,0,0,,0,0,0,0,0,0.0,0,0,0,0.0,0,0,0,0,0,0,0,,0,0,0,0,0.0
00-0034959,2026_02_GB_NYJ,2,NYJ,GB,0,0,0,0,0,0,,0,0,0,0,,0,0,0,0,0,0.0,1,0,0,0.0,0,0,0,0,0,0,0,,0,0,0,0,0.0
00-0034960,2026_02_JAX_DEN,2,JAX,DEN,0,0,0,0,0,0,,0,0,0,0,,1,1,28,0,7,0.0357142857142857,0,0,0,0.0,0,0,0,0,0,0,0,,0,0,0,0,3.8
00-0034967,2026_02_WAS_DAL,2,DAL,WAS,0,0,0,0,0,0,,0,0,0,0,,0,0,0,0,0,0.0,2,1,0,0.0,0,0,0,0,0,0,0,,0,0,0,0,0.0
00-0034973,2026_02_LV_LAC,2,LV,LAC,0,0,0,0,0,0,,0,0,0,0,,0,0,0,0,0,0.0,1,0,0,0.0,1,0,0,0,0,0,0,,0,0,0,0,0.0
00-0034974,2026_02_SEA_ARI,2,SEA,ARI,0,0,0,0,0,0,,0,0,0,0,,0,0,0,0,0,0.0,3,0,0,0.0,0,1,2,0,0,0,0,,0,0,0,0,0.0
00-0034975,2026_02_NO_BAL,2,BAL,NO,0,0,0,0,0,0,,2,6,0,0,-0.227979526505806,2,2,12,0,21,0.0689655172413793,0,0,0,0.0,0,0,0,0,0,0,0,,0,0,0,0,3.8
00-0034981,2026_02_CIN_HOU,2,HOU,CIN,0,0,0,0,0,0,,0,0,0,0,,2,2,34,0,20,0.04,1,0,0,0.0,0,0,0,0,0,0,0,,0,0,1,15,5.4
00-0034982,2026_02_MIA_SF,2,SF,MIA,0,0,0,0,0,0,,0,0,0,0,,0,0,0,0,0,0.0,5,3,0,0.0,0,0,0,0,0,0,0,,0,0,0,0,0.0
00-0034993,2026_02_PHI_TEN,2,PHI,TEN,0,0,0,0,0,0,,0,0,0,0,,0,0,0,0,0,0.0,1,1,0,0.0,0,0,0,0,0,0,0,,0,0,0,0,0.0
00-0035125,2026_02_LV_LAC,2,LAC,LV,0,0,0,0,0,0,,0,0,0,0,,0,0,0,0,0,0.0,1,0,0,0.0,0,0,0,0,0,0,0,,0,0,0,0,0.0
00-0035133,2026_02_GB_NYJ,2,GB,NYJ,0,0,0,0,0,0,,0,0,0,0,,0,0,0,0,0,0.0,6,1,0,0.0,0,0,0,0,0,0,0,,0,0,1,34,0.0
00-0035144,2026_02_SEA_ARI,2,ARI,SEA,0,0,0,0,0,0,,0,0,0,0,,0,0,0,0,0,0.0,4,5,0,0.0,0,0,0,0,0,0,0,,0,0,0,0,0.0
00-0035156,2026_02_DET_BUF,2,DET,BUF,0,0,0,0,0,0,,0,0,0,0,,0,0,0,0,0,0.0,0,0,0,0.0,0,0,0,0,0,0,0,,0,0,0,0,0.0
00-0035166,2026_02_CIN_HOU,2,HOU,CIN,0,0,0,0,0,0,,0,0,0,0,,0,0,0,0,0,0.0,6,6,0,0.0,0,0,0,0,0,0,0,,0,0,0,0,0.0
00-0035190,2026_02_LV_LAC,2,LV,LAC,0,0,0,0,0,0,,0,0,0,0,,0,0,0,0,0,0.0,0,0,0,0.0,0,0,0,0,0,0,0,,0,0,0,0,0.0
00-0035192,2026_02_PHI_TEN,2,TEN,PHI,0,0,0,0,0,0,,0,0,0,0,,0,0,0,0,0,0.0,0,0,0,0.0,0,0,0,0,0,2,2,37.0,2,2,1,0,0.0
00-0035202,2026_02_LV_LAC,2,LAC,LV,0,0,0,0,0,0,,0,0,0,0,,0,0,0,0,0,0.0,4,3,0,0.0,0,0,0,0,0,0,0,,0,0,0,0,0.0
00-0035208,2026_02_CAR_ATL,2,ATL,CAR,0,0,0,0,0,0,,0,0,0,0,,3,1,3,0,1,0.0967741935483871,0,0,0,0.0,0,0,0,0,0,0,0,,0,0,0,0,1.3
00-0035227,2026_02_WAS_DAL,2,DAL,WAS,0,0,0,0,0,0,,0,0,0,0,,0,0,0,0,0,0.0,1,0,0,0.0,0,0,0,0,0,0,0,,0,0,0,0,0.0
00-0035229,2026_02_MIN_CHI,2,MIN,CHI,0,0,0,0,0,0,,0,0,0,0,,4,3,29,0,8,0.210526315789474,0,0,0,0.0,0,0,0,0,0,0,0,,0,0,0,0,5.9
00-0035234,2026_02_CLE_TB,2,CLE,TB,0,0,0,0,0,0,,0,0,0,0,,0,0,0,0,0,0.0,0,0,0,0.0,0,0,0,0,0,0,0,,0,0,1,5,0.0
00-0035236,2026_02_MIN_CHI,2,MIN,CHI,0,0,0,0,0,0,,0,0,0,0,,0,0,0,0,0,0.0,4,3,0,0.0,0,1,2,0,0,0,0,,0,0,0,0,0.0
00-0035240,2026_02_JAX_DEN,2,JAX,DEN,0,0,0,0,0,0,,0,0,0,0,,0,0,0,0,0,0.0,1,0,0,0.0,0,0,0,0,0,0,0,,0,0,0,0,0.0
00-0035248,2026_02_JAX_DEN,2,DEN,JAX,0,0,0,0,0,0,,0,0,0,0,,0,0,0,0,0,0.0,1,0,0,0.0,1,0,0,0,0,0,0,,0,0,0,0,0.0
00-0035249,2026_02_MIN_CHI,2,MIN,CHI,0,0,0,0,0,0,,0,0,0,0,,1,1,24,0,19,0.0526315789473684,0,0,0,0.0,0,0,0,0,0,0,0,,0,0,1,5,3.4
00-0035250,2026_02_NYG_LA,2,NYG,LA,0,0,0,0,0,0,,3,9,0,0,-1.39255813683849,1,0,0,0,0,0.03125,0,0,0,0.0,0,0,0,0,0,0,0,,0,0,0,0,0.9
00-0035253,2026_02_DET_BUF,2,BUF,DET,0,0,0,0,0,0,,0,0,0,0,,0,0,0,0,0,0.0,1,0,0,0.0,0,0,0,0,0,0,0,,0,0,0,0,0.0
00-0035254,2026_02_CLE_TB,2,TB,CLE,0,0,0,0,0,0,,0,0,0,0,,0,0,0,0,0,0.0,1,0,0,0.0,0,0,0,0,0,0,0,,0,0,0,0,0.0
00-0035261,2026_02_PHI_TEN,2,TEN,PHI,0,0,0,0,0,0,,14,64,0,0,-0.170748664642074,1,1,1,0,8,0.0588235294117647,0,0,0,0.0,0,0,0,0,0,0,0,,0,0,0,0,7.5
00-0035262,2026_02_IND_KC,2,KC,IND,0,0,0,0,0,0,,0,0,0,0,,0,0,0,0,0,0.0,4,4,2,0.0,0,0,1,0,0,0,0,,0,0,0,0,0.0
00-0035269,2026_02_LV_LAC,2,LV,LAC,0,0,0,0,0,0,,0,0,0,0,,0,0,0,0,0,0.0,0,0,0,0.0,0,0,0,0,0,1,1,59.0,3,3,0,0,0.0
00-0035272,2026_02_MIN_CHI,2,MIN,CHI,0,0,0,0,0,0,,0,0,0,0,,0,0,0,0,0,0.0,3,0,1,1.0,3,0,0,0,0,0,0,,0,0,1,5,0.0
00-0035276,2026_02_MIN_CHI,2,MIN,CHI,0,0,0,0,0,0,,0,0,0,0,,0,0,0,0,0,0.0,6,4,0,1.0,1,0,0,0,0,0,0,,0,0,0,0,0.0
00-0035277,2026_02_CAR_ATL,2,CAR,ATL,0,0,0,0,0,0,,0,0,0,0,,0,0,0,0,0,0.0,1,2,0,0.0,0,0,0,0,0,0,0,,0,0,0,0,0.0
00-0035279,2026_02_WAS_DAL,2,WAS,DAL,0,0,0,0,0,0,,0,0,0,0,,0,0,0,0,0,0.0,0,0,0,0.0,1,0,0,0,0,0,0,,0,0,1,5,0.0
00-0035280,2026_02_CAR_ATL,2,ATL,CAR,0,0,0,0,0,0,,0,0,0,0,,0,0,0,0,0,0.0,0,1,0,0.0,0,0,0,0,0,0,0,,0,0,0,0,0.0
00-0035286,2026_02_PIT_NE,2,PIT,NE,0,0,0,0,0,0,,0,0,0,0,,0,0,0,0,0,0.0,1,0,0,0.0,0,0,0,0,0,0,0,,0,0,0,0,0.0
00-0035316,2026_02_NO_BAL,2,NO,BAL,0,0,0,0,0,0,,0,0,0,0,,0,0,0,0,0,0.0,4,2,1,0.0,2,0,0,0,0,0,0,,0,0,0,0,0.0
00-0035357,2026_02_MIN_CHI,2,CHI,MIN,0,0,0,0,0,0,,0,0,0,0,,0,0,0,0,0,0.0,3,2,0,0.0,0,0,0,0,0,0,0,,0,0,0,0,0.0
00-0035358,2026_02_CLE_TB,2,TB,CLE,0,0,0,0,0,0,,0,0,0,0,,0,0,0,0,0,0.0,0,0,0,0.0,0,0,0,0,0,4,4,59.0,1,1,0,0,0.0
00-0035363,2026_02_CIN_HOU,2,CIN,HOU,0,0,0,0,0,0,,0,0,0,0,,0,0,0,0,0,0.0,0,1,0,0.0,0,0,0,0,0,0,0,,0,0,0,0,0.0
00-0035378,2026_02_SEA_ARI,2,ARI,SEA,0,0,0,0,0,0,,0,0,0,0,,0,0,0,0,0,0.0,5,3,1,0.0,0,0,0,0,0,0,0,,0,0,0,0,0.0
00-0035386,2026_02_MIN_CHI,2,CHI,MIN,0,0,0,0,0,0,,0,0,0,0,,0,0,0,0,0,0.0,2,2,0,0.0,0,0,0,0,0,0,0,,0,0,0,0,0.0
00-0035402,2026_02_NO_BAL,2,NO,BAL,0,0,0,0,0,0,,0,0,0,0,,0,0,0,0,0,0.0,2,3,1,0.0,0,0,0,0,0,0,0,,0,0,0,0,0.0
00-0035406,2026_02_JAX_DEN,2,DEN,JAX,0,0,0,0,0,0,,0,0,0,0,,1,0,0,0,0,0.0344827586206897,0,0,0,0.0,0,0,0,0,0,0,0,,0,0,0,0,0.0
00-0035413,2026_02_MIA_SF,2,SF,MIA,0,0,0,0,0,0,,0,0,0,0,,0,0,0,0,0,0.0,0,2,0,0.0,0,0,0,0,0,0,0,,0,0,0,0,0.0
00-0035500,2026_02_DET_BUF,2,BUF,DET,0,0,0,0,0,0,,0,0,0,0,,0,0,0,0,0,0.0,0,0,0,0.0,0,0,0,0,0,0,0,,0,0,0,0,0.0
00-0035525,2026_02_MIN_CHI,2,CHI,MIN,0,0,0,0,0,0,,0,0,0,0,,0,0,0,0,0,0.0,3,1,1,0.0,0,0,1,0,0,0,0,,0,0,0,0,0.0
00-0035544,2026_02_DET_BUF,2,DET,BUF,0,0,0,0,0,0,,0,0,0,0,,0,0,0,0,0,0.0,0,0,0,0.0,0,0,0,0,0,0,0,,0,0,0,0,0.0
00-0035588,2026_02_MIN_CHI,2,CHI,MIN,0,0,0,0,0,0,,0,0,0,0,,0,0,0,0,0,0.0,0,0,0,0.0,0,0,0,0,0,0,0,,0,0,3,20,0.0
00-0035594,2026_02_PIT_NE,2,PIT,NE,0,0,0,0,0,0,,2,16,0,0,0.923946629860438,0,0,0,0,0,0.0,0,0,0,0.0,0,0,0,0,0,0,0,,0,0,0,0,1.6
00-0035617,2026_02_GB_NYJ,2,NYJ,GB,0,0,0,0,0,0,,0,0,0,0,,0,0,0,0,0,0.0,1,2,0,0.0,0,0,0,0,0,0,0,,0,0,0,0,0.0
00-0035632,2026_02_PHI_TEN,2,TEN,PHI,0,0,0,0,0,0,,0,0,0,0,,0,0,0,0,0,0.0,3,3,0,0.0,0,1,1,0,0,0,0,,0,0,0,0,0.0
00-0035636,2026_02_SEA_ARI,2,ARI,SEA,0,0,0,0,0,0,,0,0,0,0,,0,0,0,0,0,0.0,1,1,0,0.0,0,0,0,0,0,0,0,,0,0,0,0,0.0
00-0035637,2026_02_DET_BUF,2,DET,BUF,0,0,0,0,0,0,,0,0,0,0,,0,0,0,0,0,0.0,5,1,0,0.0,0,0,0,0,0,0,0,,0,0,1,5,0.0
00-0035640,2026_02_PIT_NE,2,PIT,NE,0,0,0,0,0,0,,0,0,0,0,,9,4,27,0,15,0.243243243243243,0,0,0,0.0,0,0,0,0,0,0,0,,0,0,0,0,6.7
00-0035642,2026_02_JAX_DEN,2,JAX,DEN,0,0,0,0,0,0,,0,0,0,0,,0,0,0,0,0,0.0,0,3,0,0.0,0,0,0,0,0,0,0,,0,0,0,0,0.0
00-0035643,2026_02_PHI_TEN,2,TEN,PHI,0,0,0,0,0,0,,0,0,0,0,,0,0,0,0,0,0.0,3,3,1,1.0,3,0,0,0,0,0,0,,0,0,0,0,0.0
00-0035644,2026_02_NO_BAL,2,NO,BAL,0,0,0,0,0,0,,0,0,0,0,,0,0,0,0,0,0.0,0,0,0,0.0,0,0,0,0,0,0,0,,0,0,1,5,0.0
00-0035647,2026_02_MIN_CHI,2,CHI,MIN,0,0,0,0,0,0,,0,0,0,0,,0,0,0,0,0,0.0,0,3,0,0.0,0,0,0,0,0,0,0,,0,0,0,0,0.0
00-0035659,2026_02_WAS_DAL,2,WAS,DAL,0,0,0,0,0,0,,0,0,0,0,,9,2,50,0,24,0.264705882352941,0,0,0,0.0,0,0,0,0,0,0,0,,0,0,1,9,7.0
00-0035662,2026_02_PHI_TEN,2,PHI,TEN,0,0,0,0,0,0,,2,12,0,0,0.100091207074001,0,0,0,0,0,0.0,0,0,0,0.0,0,0,0,0,0,0,0,,0,0,0,0,1.2
00-0035667,2026_02_DET_BUF,2,BUF,DET,0,0,0,0,0,0,,0,0,0,0,,0,0,0,0,0,0.0,0,1,0,0.0,0,0,0,0,0,0,0,,0,0,0,0,0.0
00-0035669,2026_02_CAR_ATL,2,CAR,ATL,0,0,0,0,0,0,,0,0,0,0,,0,0,0,0,0,0.0,1,0,0,0.0,0,0,0,0,0,0,0,,0,0,0,0,0.0
00-0035672,2026_02_PHI_TEN,2,TEN,PHI,0,0,0,0,0,0,,0,0,0,0,,0,0,0,0,0,0.0,2,2,0,0.0,0,0,0,0,0,0,0,,0,0,0,0,0.0
00-0035674,2026_02_IND_KC,2,IND,KC,0,0,0,0,0,0,,0,0,0,0,,0,0,0,0,0,0.0,2,1,1,1.0,1,0,0,0,0,0,0,,0,0,0,0,0.0
00-0035678,2026_02_PIT_NE,2,NE,PIT,0,0,0,0,0,0,,0,0,0,0,,0,0,0,0,0,0.0,0,1,0,0.0,0,0,0,0,0,0,0,,0,0,0,0,0.0
00-0035680,2026_02_CLE_TB,2,CLE,TB,0,0,0,0,0,0,,0,0,0,0,,0,0,0,0,0,0.0,4,2,1,0.0,0,0,0,0,0,0,0,,0,0,0,0,0.0
00-0035683,2026_02_CIN_HOU,2,CIN,HOU,0,0,0,0,0,0,,0,0,0,0,,0,0,0,0,0,0.0,2,1,1,0.0,1,0,0,0,0,0,0,,0,0,0,0,0.0
00-0035685,2026_02_CIN_HOU,2,HOU,CIN,0,0,0,0,0,0,,6,10,0,0,-6.39366524945945,2,2,14,0,5,0.04,0,0,0,0.0,0,0,0,0,0,0,0,,0,0,0,0,4.4
00-0035687,2026_02_CAR_ATL,2,CAR,ATL,0,0,0,0,0,0,,0,0,0,0,,0,0,0,0,0,0.0,6,3,0,0.0,1,1,1,0,0,0,0,,0,0,0,0,0.0
00-0035689,2026_02_DET_BUF,2,BUF,DET,0,0,0,0,0,0,,0,0,0,0,,2,2,5,1,2,0.0714285714285714,0,0,0,0.0,0,0,0,0,0,0,0,,0,0,1,10,8.5
00-0035692,2026_02_MIA_SF,2,MIA,SF,0,0,0,0,0,0,,0,0,0,0,,0,0,0,0,0,0.0,1,1,0,0.0,0,0,0,0,0,0,0,,0,0,0,0,0.0
00-0035699,2026_02_PIT_NE,2,PIT,NE,0,0,0,0,0,0,,0,0,0,0,,0,0,0,0,0,0.0,2,1,0,0.0,0,0,0,1,0,0,0,,0,0,0,0,0.0
00-0035702,2026_02_CIN_HOU,2,CIN,HOU,0,0,0,0,0,0,,0,0,0,0,,0,0,0,0,0,0.0,0,0,0,0.0,0,0,0,0,0,0,0,,0,0,1,5,0.0
00-0035704,2026_02_SEA_ARI,2,SEA,ARI,19,26,235,3,0,1,16.0892754879684,0,0,0,0,,0,0,0,0,0,0.0,0,0,0,0.0,0,0,0,0,0,0,0,,0,0,0,0,21.4
00-0035705,2026_02_WAS_DAL,2,DAL,WAS,0,0,0,0,0,0,,0,0,0,0,,0,0,0,0,0,0.0,3,2,0,0.0,1,0,0,0,0,0,0,,0,0,1,7,0.0
00-0035707,2026_02_DET_BUF,2,DET,BUF,0,0,0,0,0,0,,0,0,0,0,,0,0,0,0,0,0.0,3,3,0,0.0,0,0,0,0,0,0,0,,0,0,1,2,0.0
00-0035710,2026_02_IND_KC,2,IND,KC,22,31,210,1,1,0,5.88635097563383,3,10,0,0,0.052381890185643,0,0,0,0,0,0.0,0,0,0,0.0,0,0,0,0,0,0,0,,0,0,0,0,11.4
00-0035713,2026_02_NYG_LA,2,NYG,LA,0,0,0,0,0,0,,0,0,0,0,,0,0,0,0,0,0.0,2,0,0,0.0,1,0,0,0,0,0,0,,0,0,0,0,0.0
00-0035717,2026_02_MIA_SF,2,SF,MIA,0,0,0,0,0,0,,0,0,0,0,,0,0,0,0,0,0.0,0,3,0,0.0,0,0,0,0,0,0,0,,0,0,0,0,0.0
00-0035718,2026_02_WAS_DAL,2,DAL,WAS,0,0,0,0,0,0,,0,0,0,0,,0,0,0,0,0,0.0,2,2,1,0.0,1,0,0,0,0,0,0,,0,0,0,0,0.0
00-0035719,2026_02_MIA_SF,2,SF,MIA,0,0,0,0,0,0,,1,4,0,0,-0.120405136607587,4,3,31,0,16,0.19047619047619,0,0,0,0.0,0,0,0,0,0,0,0,,0,0,0,0,6.5
00-0035763,2026_02_JAX_DEN,2,DEN,JAX,0,0,0,0,0,0,,0,0,0,0,,0,0,0,0,0,0.0,3,1,2,1.0,2,0,0,0,0,0,0,,0,0,0,0,0.0
00-0035795,2026_02_MIN_CHI,2,MIN,CHI,0,0,0,0,0,0,,0,0,0,0,,0,0,0,0,0,0.0,2,0,0,0.0,0,0,1,0,0,0,0,,0,0,0,0,0.0
00-0035821,2026_02_MIA_SF,2,SF,MIA,0,0,0,0,0,0,,0,0,0,0,,0,0,0,0,0,0.0,0,0,0,0.0,0,0,0,0,0,0,0,,0,0,0,0,0.0
00-0035827,2026_02_JAX_DEN,2,JAX,DEN,0,0,0,0,0,0,,0,0,0,0,,0,0,0,0,0,0.0,0,1,0,0.0,0,0,0,0,0,0,0,,0,0,0,0,0.0
00-0035859,2026_02_SEA_ARI,2,ARI,SEA,0,0,0,0,0,0,,0,0,0,0,,0,0,0,0,0,0.0,0,0,0,0.0,0,0,0,0,0,0,0,,0,0,0,0,0.0
00-0035889,2026_02_PHI_TEN,2,TEN,PHI,0,0,0,0,0,0,,0,0,0,0,,0,0,0,0,0,0.0,0,0,0,0.0,0,0,0,0,0,0,0,,0,0,0,0,0.0
00-0035891,2026_02_LV_LAC,2,LV,LAC,0,0,0,0,0,0,,0,0,0,0,,2,2,24,2,0,0.0689655172413793,0,0,0,0.0,0,0,0,0,0,0,0,,0,0,0,0,16.4
00-0035900,2026_02_IND_KC,2,KC,IND,0,0,0,0,0,0,,0,0,0,0,,0,0,0,0,0,0.0,2,0,0,0.0,0,0,0,0,0,0,0,,0,0,0,0,0.0
00-0035933,2026_02_DET_BUF,2,BUF,DET,0,0,0,0,0,0,,0,0,0,0,,0,0,0,0,0,0.0,0,1,0,0.5,1,0,0,0,0,0,0,,0,0,0,0,0.0
00-0036037,2026_02_DET_BUF,2,BUF,DET,0,0,0,0,0,0,,0,0,0,0,,0,0,0,0,0,0.0,1,0,0,0.0,0,0,0,0,0,0,0,,0,0,1,10,0.0
00-0036040,2026_02_NO_BAL,2,NO,BAL,0,0,0,0,0,0,,0,0,0,0,,4,4,66,0,55,0.125,0,0,0,0.0,0,0,0,0,0,0,0,,0,0,0,0,10.6
00-0036081,2026_02_NO_BAL,2,BAL,NO,0,0,0,0,0,0,,0,0,0,0,,0,0,0,0,0,0.0,1,2,0,0.0,0,0,0,0,0,0,0,,0,0,0,0,0.0
00-0036124,2026_02_DET_BUF,2,DET,BUF,0,0,0,0,0,0,,0,0,0,0,,0,0,0,0,0,0.0,1,0,1,0.0,0,0,0,0,0,0,0,,0,0,0,0,0.0
00-0036132,2026_02_CLE_TB,2,TB,CLE,0,0,0,0,0,0,,0,0,0,0,,0,0,0,0,0,0.0,0,0,0,0.0,0,0,0,0,0,0,0,,0,0,1,10,0.0
00-0036139,2026_02_PIT_NE,2,PIT,NE,0,0,0,0,0,0,,7,22,0,0,-2.36328254942782,2,2,22,0,20,0.0540540540540541,0,0,0,0.0,0,0,0,0,0,0,0,,0,0,0,0,6.4
00-0036158,2026_02_JAX_DEN,2,DEN,JAX,0,0,0,0,0,0,,10,36,0,0,-3.24188372376834,0,0,0,0,0,0.0,0,0,0,0.0,0,0,0,0,0,0,0,,0,0,0,0,3.6
00-0036159,2026_02_MIA_SF,2,MIA,SF,0,0,0,0,0,0,,0,0,0,0,,0,0,0,0,0,0.0,3,3,1,0.0,1,0,0,0,0,0,0,,0,0,0,0,0.0
00-0036162,2026_02_DET_BUF,2,BUF,DET,0,0,0,0,0,0,,0,0,0,0,,0,0,0,0,0,0.0,0,0,0,0.0,0,0,0,0,0,0,0,,5,6,0,0,0.0
00-0036171,2026_02_MIA_SF,2,MIA,SF,0,0,0,0,0,0,,0,0,0,0,,0,0,0,0,0,0.0,0,0,0,0.0,0,0,0,0,0,0,0,,0,0,1,10,0.0
00-0036181,2026_02_LV_LAC,2,LAC,LV,0,0,0,0,0,0,,0,0,0,0,,0,0,0,0,0,0.0,1,1,1,0.0,2,0,0,0,0,0,0,,0,0,0,0,0.0
00-0036187,2026_02_PIT_NE,2,NE,PIT,0,0,0,0,0,0,,0,0,0,0,,2,1,4,0,4,0.0952380952380952,1,0,0,0.0,0,0,0,0,0,0,0,,0,0,0,0,1.4
00-0036193,2026_02_NO_BAL,2,NO,BAL,0,0,0,0,0,0,,0,0,0,0,,0,0,0,0,0,0.0,1,2,0,0.0,0,0,0,0,0,0,0,,0,0,0,0,0.0
00-0036204,2026_02_CAR_ATL,2,ATL,CAR,0,0,0,0,0,0,,0,0,0,0,,0,0,0,0,0,0.0,2,2,0,0.0,0,0,0,0,0,0,0,,0,0,0,0,0.0
00-0036220,2026_02_CAR_ATL,2,CAR,ATL,0,0,0,0,0,0,,0,0,0,0,,0,0,0,0,0,0.0,0,2,0,0.0,0,0,0,0,0,0,0,,0,0,0,0,0.0
00-0036221,2026_02_JAX_DEN,2,DEN,JAX,0,0,0,0,0,0,,0,0,0,0,,0,0,0,0,0,0.0,4,1,0,0.0,0,0,0,0,0,0,0,,0,0,0,0,0.0
00-0036222,2026_02_MIN_CHI,2,MIN,CHI,0,0,0,0,0,0,,0,0,0,0,,0,0,0,0,0,0.0,2,2,0,0.0,0,0,1,0,0,0,0,,0,0,0,0,0.0
00-0036223,2026_02_IND_KC,2,IND,KC,0,0,0,0,0,0,,24,92,2,0,3.82668391929474,4,4,40,0,41,0.133333333333333,0,0,0,0.0,0,0,0,0,0,0,0,,0,0,1,5,29.2
00-0036231,2026_02_CIN_HOU,2,CIN,HOU,0,0,0,0,0,0,,0,0,0,0,,0,0,0,0,0,0.0,1,1,0,0.0,0,0,0,0,0,0,0,,0,0,0,0,0.0
00-0036244,2026_02_NYG_LA,2,LA,NYG,0,0,0,0,0,0,,0,0,0,0,,2,2,15,0,18,0.0666666666666667,0,0,0,0.0,0,0,0,0,0,0,0,,0,0,1,10,3.5
00-0036246,2026_02_NYG_LA,2,NYG,LA,0,0,0,0,0,0,,0,0,0,0,,0,0,0,0,0,0.0,0,0,0,0.0,0,0,0,0,0,0,0,,0,0,1,10,0.0
00-0036248,2026_02_MIA_SF,2,MIA,SF,0,0,0,0,0,0,,0,0,0,0,,0,0,0,0,0,0.0,0,0,0,0.0,0,0,0,0,0,0,0,,0,0,2,15,0.0
00-0036253,2026_02_NO_BAL,2,NO,BAL,0,0,0,0,0,0,,0,0,0,0,,0,0,0,0,0,0.0,2,0,0,0.0,0,1,1,0,0,0,0,,0,0,0,0,0.0
00-0036260,2026_02_WAS_DAL,2,WAS,DAL,0,0,0,0,0,0,,0,0,0,0,,0,0,0,0,0,0.0,2,0,1,1.0,1,0,0,0,0,0,0,,0,0,0,0,0.0
00-0036262,2026_02_JAX_DEN,2,JAX,DEN,0,0,0,0,0,0,,0,0,0,0,,0,0,0,0,0,0.0,2,3,0,0.0,0,0,0,0,0,0,0,,0,0,0,0,0.0
00-0036264,2026_02_GB_NYJ,2,GB,NYJ,16,29,145,2,0,3,-3.16850428629777,0,0,0,0,,0,0,0,0,0,0.0,0,0,0,0.0,0,0,0,0,0,0,0,,0,0,0,0,13.8
00-0036265,2026_02_CAR_ATL,2,CAR,ATL,0,0,0,0,0,0,,3,-3,0,0,-3.10489704762585,0,0,0,0,0,0.0,1,0,0,0.0,0,0,0,0,0,0,0,,0,0,0,0,-0.3
00-0036266,2026_02_PHI_TEN,2,TEN,PHI,0,0,0,0,0,0,,0,0,0,0,,0,0,0,0,0,0.0,0,1,0,0.0,0,0,0,0,0,0,0,,0,0,0,0,0.0
00-0036275,2026_02_MIN_CHI,2,CHI,MIN,0,0,0,0,0,0,,16,45,0,1,-8.87366569109145,5,5,54,0,69,0.166666666666667,0,0,0,0.0,0,0,0,0,0,0,0,,0,0,0,0,12.9
00-0036281,2026_02_CAR_ATL,2,ATL,CAR,0,0,0,0,0,0,,0,0,0,0,,0,0,0,0,0,0.0,4,0,1,0.0,0,0,1,0,0,0,0,,0,0,0,0,0.0
00-0036282,2026_02_CLE_TB,2,CLE,TB,0,0,0,0,0,0,,0,0,0,0,,0,0,0,0,0,0.0,5,0,0,1.0,1,0,0,0,0,0,0,,0,0,0,0,0.0
00-0036285,2026_02_CAR_ATL,2,ATL,CAR,0,0,0,0,0,0,,0,0,0,0,,0,0,0,0,0,0.0,1,0,0,0.0,0,0,1,0,0,0,0,,0,0,0,0,0.0
00-0036286,2026_02_WAS_DAL,2,WAS,DAL,0,0,0,0,0,0,,0,0,0,0,,0,0,0,0,0,0.0,2,1,1,1.0,1,0,0,0,0,0,0,,0,0,0,0,0.0
00-0036287,2026_02_CLE_TB,2,CLE,TB,0,0,0,0,0,0,,0,0,0,0,,0,0,0,0,0,0.0,2,0,0,0.0,0,0,0,0,0,0,0,,0,0,0,0,0.0
00-0036290,2026_02_MIN_CHI,2,CHI,MIN,0,0,0,0,0,0,,0,0,0,0,,1,0,0,0,0,0.0333333333333333,0,0,0,0.0,0,0,0,0,0,0,0,,0,0,0,0,0.0
00-0036292,2026_02_MIN_CHI,2,CHI,MIN,0,0,0,0,0,0,,0,0,0,0,,0,0,0,0,0,0.0,4,0,0,0.0,0,0,0,0,0,0,0,,0,0,0,0,0.0
00-0036293,2026_02_LV_LAC,2,LV,LAC,0,0,0,0,0,0,,0,0,0,0,,0,0,0,0,0,0.0,2,2,0,0.0,0,0,0,0,0,0,0,,0,0,0,0,0.0
00-0036298,2026_02_IND_KC,2,IND,KC,0,0,0,0,0,0,,0,0,0,0,,0,0,0,0,0,0.0,7,7,1,0.0,0,0,0,0,0,0,0,,0,0,0,0,0.0
00-0036302,2026_02_NO_BAL,2,BAL,NO,0,0,0,0,0,0,,0,0,0,0,,0,0,0,0,0,0.0,3,2,0,0.0,0,0,0,0,0,0,0,,0,0,1,1,0.0
00-0036305,2026_02_CAR_ATL,2,CAR,ATL,0,0,0,0,0,0,,0,0,0,0,,0,0,0,0,0,0.0,0,1,0,0.0,0,0,0,0,0,0,0,,0,0,0,0,0.0
00-0036309,2026_02_NYG_LA,2,NYG,LA,0,0,0,0,0,0,,0,0,0,0,,3,2,48,0,18,0.09375,0,0,0,0.0,0,0,0,0,0,0,0,,0,0,0,0,6.8
00-0036313,2026_02_PHI_TEN,2,PHI,TEN,0,0,0,0,0,0,,0,0,0,0,,0,0,0,0,0,0.0,0,0,0,0.0,0,0,0,0,0,0,0,,0,0,0,0,0.0
00-0036321,2026_02_NO_BAL,2,NO,BAL,0,0,0,0,0,0,,0,0,0,0,,0,0,0,0,0,0.0,1,1,1,1.5,2,0,0,0,0,0,0,,0,0,0,0,0.0
00-0036322,2026_02_MIN_CHI,2,MIN,CHI,0,0,0,0,0,0,,0,0,0,0,,6,3,55,0,10,0.315789473684211,0,0,0,0.0,0,0,0,0,0,0,0,,0,0,0,0,8.5
00-0036323,2026_02_PIT_NE,2,PIT,NE,0,0,0,0,0,0,,0,0,0,0,,0,0,0,0,0,0.0,0,2,0,0.0,0,1,1,0,0,0,0,,0,0,0,0,0.0
00-0036325,2026_02_CAR_ATL,2,CAR,ATL,0,0,0,0,0,0,,0,0,0,0,,0,0,0,0,0,0.0,0,0,0,0.0,0,0,0,0,0,0,0,,0,0,3,20,0.0
00-0036329,2026_02_MIA_SF,2,SF,MIA,0,0,0,0,0,0,,0,0,0,0,,0,0,0,0,0,0.0,0,2,0,0.0,0,0,0,0,0,0,0,,0,0,0,0,0.0
00-0036331,2026_02_SEA_ARI,2,ARI,SEA,0,0,0,0,0,0,,0,0,0,0,,0,0,0,0,0,0.0,0,0,0,0.0,0,0,0,0,0,0,0,,0,0,0,0,0.0
00-0036333,2026_02_PIT_NE,2,PIT,NE,0,0,0,0,0,0,,0,0,0,0,,0,0,0,0,0,0.0,2,1,2,1.0,3,0,1,0,0,0,0,,0,0,1,4,0.0
00-0036335,2026_02_DET_BUF,2,DET,BUF,0,0,0,0,0,0,,0,0,0,0,,0,0,0,0,0,0.0,1,1,0,0.0,0,0,0,0,0,0,0,,0,0,0,0,0.0
00-0036337,2026_02_MIN_CHI,2,CHI,MIN,0,0,0,0,0,0,,0,0,0,0,,0,0,0,0,0,0.0,2,5,0,0.0,0,0,0,0,0,0,0,,0,0,0,0,0.0
00-0036338,2026_02_LV_LAC,2,LAC,LV,0,0,0,0,0,0,,0,0,0,0,,0,0,0,0,0,0.0,3,2,1,0.0,0,0,0,0,0,0,0,,0,0,0,0,0.0
00-0036341,2026_02_MIA_SF,2,SF,MIA,0,0,0,0,0,0,,0,0,0,0,,0,0,0,0,0,0.0,1,1,0,0.0,0,0,0,0,0,0,0,,0,0,0,0,0.0
00-0036348,2026_02_MIN_CHI,2,MIN,CHI,0,0,0,0,0,0,,0,0,0,0,,0,0,0,0,0,0.0,4,3,0,0.0,0,0,1,0,0,0,0,,0,0,0,0,0.0
00-0036349,2026_02_NYG_LA,2,LA,NYG,0,0,0,0,0,0,,0,0,0,0,,0,0,0,0,0,0.0,4,0,0,0.0,0,0,1,0,0,0,0,,0,0,0,0,0.0
00-0036355,2026_02_LV_LAC,2,LAC,LV,15,27,192,1,2,3,-0.563133629146047,3,2,0,0,-4.11116544494871,0,0,0,0,0,0.0,1,0,0,0.0,0,0,0,0,0,0,0,,0,0,0,0,7.88
00-0036358,2026_02_WAS_DAL,2,DAL,WAS,0,0,0,0,0,0,,0,0,0,0,,9,8,153,2,28,0.290322580645161,0,0,0,0.0,0,0,0,0,0,0,0,,0,0,0,0,35.3
00-0036362,2026_02_MIA_SF,2,MIA,SF,0,0,0,0,0,0,,0,0,0,0,,0,0,0,0,0,0.0,1,2,0,0.0,0,0,0,0,0,0,0,,0,0,0,0,0.0
00-0036366,2026_02_MIN_CHI,2,CHI,MIN,0,0,0,0,0,0,,0,0,0,0,,0,0,0,0,0,0.0,2,0,0,0.0,0,0,0,0,0,0,0,,0,0,0,0,0.0
00-0036374,2026_02_IND_KC,2,KC,IND,0,0,0,0,0,0,,0,0,0,0,,0,0,0,0,0,0.0,4,3,0,0.0,0,0,1,0,0,0,0,,0,0,0,0,0.0
00-0036375,2026_02_WAS_DAL,2,WAS,DAL,0,0,0,0,0,0,,0,0,0,0,,0,0,0,0,0,0.0,5,0,0,0.0,0,0,2,0,0,0,0,,0,0,0,0,0.0
00-0036378,2026_02_DET_BUF,2,BUF,DET,0,0,0,0,0,0,,0,0,0,0,,0,0,0,0,0,0.0,0,0,0,0.0,1,0,0,0,0,0,0,,0,0,0,0,0.0
00-0036380,2026_02_IND_KC,2,KC,IND,0,0,0,0,0,0,,0,0,0,0,,0,0,0,0,0,0.0,1,4,0,0.0,0,0,1,0,0,0,0,,0,0,0,0,0.0
00-0036388,2026_02_GB_NYJ,2,GB,NYJ,0,0,0,0,0,0,,0,0,0,0,,0,0,0,0,0,0.0,2,2,0,0.0,0,0,0,0,0,0,0,,0,0,0,0,0.0
00-0036389,2026_02_PHI_TEN,2,PHI,TEN,26,37,264,2,2,3,8.76701317328149,5,16,0,0,-0.0865605510189198,0,0,0,0,0,0.0,0,0,0,0.0,0,0,0,0,0,0,0,,0,0,0,0,16.16
00-0036407,2026_02_CLE_TB,2,CLE,TB,0,0,0,0,0,0,,0,0,0,0,,1,0,0,0,0,0.0333333333333333,0,0,0,0.0,0,0,0,0,0,0,0,,0,0,0,0,0.0
00-0036409,2026_02_MIA_SF,2,MIA,SF,0,0,0,0,0,0,,0,0,0,0,,0,0,0,0,0,0.0,2,1,0,0.0,0,0,0,0,0,0,0,,0,0,0,0,0.0
00-0036410,2026_02_CIN_HOU,2,CIN,HOU,0,0,0,0,0,0,,0,0,0,0,,10,5,95,0,33,0.32258064516129,0,0,0,0.0,0,0,0,0,0,0,0,,0,0,0,0,14.5
00-0036411,2026_02_CLE_TB,2,TB,CLE,0,0,0,0,0,0,,0,0,0,0,,0,0,0,0,0,0.0,2,2,0,0.0,1,0,0,0,0,0,0,,0,0,0,0,0.0
00-0036416,2026_02_IND_KC,2,KC,IND,0,0,0,0,0,0,,0,0,0,0,,0,0,0,0,0,0.0,1,1,0,0.0,0,1,1,0,0,0,0,,0,0,2,49,0.0
00-0036418,2026_02_PHI_TEN,2,PHI,TEN,0,0,0,0,0,0,,0,0,0,0,,0,0,0,0,0,0.0,1,2,1,0.0,0,0,0,0,0,0,0,,0,0,0,0,0.0
00-0036421,2026_02_PHI_TEN,2,TEN,PHI,0,0,0,0,0,0,,0,0,0,0,,0,0,0,0,0,0.0,1,0,0,0.0,0,0,0,0,0,0,0,,0,0,0,0,0.0
00-0036425,2026_02_MIN_CHI,2,MIN,CHI,0,0,0,0,0,0,,2,8,0,0,0.0219555054791272,1,1,12,0,16,0.0526315789473684,0,0,0,0.0,0,0,0,0,0,0,0,,0,0,0,0,3.0
00-0036428,2026_02_JAX_DEN,2,DEN,JAX,0,0,0,0,0,0,,0,0,0,0,,0,0,0,0,0,0.0,2,4,1,0.0,0,0,0,0,0,0,0,,0,0,0,0,0.0
00-0036429,2026_02_CAR_ATL,2,ATL,CAR,0,0,0,0,0,0,,0,0,0,0,,1,0,0,0,0,0.032258064516129,0,1,0,0.0,0,0,0,0,0,0,0,,0,0,0,0,0.0
00-0036442,2026_02_CIN_HOU,2,CIN,HOU,20,31,207,2,0,5,-0.547725591643175,1,-1,0,0,0.0,0,0,0,0,0,0.0,0,0,0,0.0,0,0,0,0,0,0,0,,0,0,0,0,16.18
00-0036463,2026_02_CAR_ATL,2,ATL,CAR,0,0,0,0,0,0,,0,0,0,0,,3,1,6,0,1,0.0967741935483871,0,0,0,0.0,0,0,0,0,0,0,0,,0,0,0,0,1.6
00-0036479,2026_02_LV_LAC,2,LV,LAC,0,0,0,0,0,0,,0,0,0,0,,0,0,0,0,0,0.0,0,2,0,0.0,1,0,0,0,0,0,0,,0,0,0,0,0.0
00-0036480,2026_02_MIN_CHI,2,CHI,MIN,0,0,0,0,0,0,,0,0,0,0,,0,0,0,0,0,0.0,1,0,1,1.0,2,0,0,0,0,0,0,,0,0,0,0,0.0
00-0036500,2026_02_GB_NYJ,2,NYJ,GB,0,0,0,0,0,0,,0,0,0,0,,0,0,0,0,0,0.0,1,3,1,0.0,0,0,1,0,0,0,0,,0,0,0,0,0.0
00-0036550,2026_02_NO_BAL,2,BAL,NO,0,0,0,0,0,0,,0,0,0,0,,9,7,88,1,2,0.310344827586207,1,0,0,0.0,0,0,0,0,0,0,0,,0,0,0,0,21.8
00-0036555,2026_02_CAR_ATL,2,CAR,ATL,0,0,0,0,0,0,,12,53,0,0,0.169136296957731,2,2,11,1,15,0.0625,0,0,0,0.0,0,0,0,0,0,0,0,,0,0,0,0,14.4
00-0036557,2026_02_IND_KC,2,KC,IND,0,0,0,0,0,0,,0,0,0,0,,0,0,0,0,0,0.0,0,0,0,0.0,0,0,0,0,0,0,0,,0,0,1,5,0.0
00-0036563,2026_02_MIA_SF,2,SF,MIA,0,0,0,0,0,0,,0,0,0,0,,0,0,0,0,0,0.0,2,2,0,0.0,0,0,0,0,0,0,0,,0,0,0,0,0.0
00-0036564,2026_02_JAX_DEN,2,DEN,JAX,0,0,0,0,0,0,,0,0,0,0,,0,0,0,0,0,0.0,5,1,1,0.0,0,0,0,0,0,0,0,,0,0,1,5,0.0
00-0036568,2026_02_SEA_ARI,2,ARI,SEA,0,0,0,0,0,0,,0,0,0,0,,0,0,0,0,0,0.0,1,3,0,0.0,0,0,0,0,0,0,0,,0,0,0,0,0.0
00-0036587,2026_02_NYG_LA,2,NYG,LA,0,0,0,0,0,0,,0,0,0,0,,0,0,0,0,0,0.0,1,0,0,0.0,0,0,0,0,0,0,0,,0,0,0,0,0.0
00-0036590,2026_02_JAX_DEN,2,JAX,DEN,0,0,0,0,0,0,,0,0,0,0,,1,1,7,0,4,0.0357142857142857,0,0,0,0.0,0,0,0,0,0,0,0,,0,0,0,0,1.7
00-0036613,2026_02_JAX_DEN,2,DEN,JAX,0,0,0,0,0,0,,0,0,0,0,,10,8,138,0,35,0.344827586206897,0,0,0,0.0,0,0,0,0,0,0,0,,0,0,1,5,21.8
00-0036617,2026_02_PIT_NE,2,PIT,NE,0,0,0,0,0,0,,0,0,0,0,,0,0,0,0,0,0.0,3,2,0,0.0,0,0,1,0,0,0,0,,0,0,0,0,0.0
00-0036621,2026_02_IND_KC,2,KC,IND,0,0,0,0,0,0,,0,0,0,0,,0,0,0,0,0,0.0,6,7,1,0.0,0,0,0,0,0,0,0,,0,0,0,0,0.0
00-0036624,2026_02_DET_BUF,2,DET,BUF,0,0,0,0,0,0,,0,0,0,0,,0,0,0,0,0,0.0,1,1,0,0.0,1,0,0,0,0,0,0,,0,0,0,0,0.0
00-0036626,2026_02_WAS_DAL,2,WAS,DAL,1,1,0,0,0,0,-0.464697045225403,0,0,0,0,,6,4,21,0,3,0.176470588235294,0,0,0,0.0,0,0,0,0,0,0,0,,0,0,0,0,4.1
00-0036629,2026_02_IND_KC,2,IND,KC,0,0,0,0,0,0,,0,0,0,0,,0,0,0,0,0,0.0,5,4,0,0.0,0,0,0,0,0,0,0,,0,0,0,0,0.0
00-0036637,2026_02_IND_KC,2,KC,IND,0,0,0,0,0,0,,0,0,0,0,,1,0,0,0,0,0.0232558139534884,0,0,0,0.0,0,0,0,0,0,0,0,,0,0,0,0,0.0
00-0036642,2026_02_CIN_HOU,2,CIN,HOU,0,0,0,0,0,0,,0,0,0,0,,0,0,0,0,0,0.0,2,0,0,0.0,0,0,0,0,0,0,0,,0,0,0,0,0.0
00-0036648,2026_02_GB_NYJ,2,GB,NYJ,0,0,0,0,0,0,,0,0,0,0,,0,0,0,0,0,0.0,0,1,0,0.0,0,0,0,0,0,0,0,,0,0,0,0,0.0
00-0036658,2026_02_GB_NYJ,2,GB,NYJ,0,0,0,0,0,0,,0,0,0,0,,0,0,0,0,0,0.0,0,1,0,0.0,0,0,0,0,0,0,0,,0,0,0,0,0.0
00-0036677,2026_02_MIA_SF,2,MIA,SF,0,0,0,0,0,0,,0,0,0,0,,0,0,0,0,0,0.0,2,0,0,0.0,0,0,0,0,0,0,0,,0,0,0,0,0.0
00-0036682,2026_02_MIA_SF,2,MIA,SF,0,0,0,0,0,0,,0,0,0,0,,0,0,0,0,0,0.0,0,2,0,0.0,0,0,0,0,0,0,0,,0,0,0,0,0.0
00-0036683,2026_02_JAX_DEN,2,DEN,JAX,0,0,0,0,0,0,,0,0,0,0,,0,0,0,0,0,0.0,0,1,0,0.0,0,0,0,0,0,0,0,,0,0,0,0,0.0
00-0036727,2026_02_JAX_DEN,2,DEN,JAX,0,0,0,0,0,0,,0,0,0,0,,1,1,2,0,0,0.0344827586206897,1,0,0,0.0,0,0,0,0,0,0,0,,0,0,0,0,1.2
00-0036728,2026_02_WAS_DAL,2,DAL,WAS,0,0,0,0,0,0,,0,0,0,0,,0,0,0,0,0,0.0,0,0,0,0.0,0,0,0,0,0,0,0,,0,0,1,10,0.0
00-0036736,2026_02_LV_LAC,2,LAC,LV,0,0,0,0,0,0,,0,0,0,0,,0,0,0,0,0,0.0,0,0,0,0.0,0,0,0,0,0,0,0,,0,0,1,10,0.0
00-0036754,2026_02_DET_BUF,2,DET,BUF,0,0,0,0,0,0,,0,0,0,0,,0,0,0,0,0,0.0,0,0,0,0.0,0,0,0,0,0,0,0,,0,0,0,0,0.0
00-0036813,2026_02_PIT_NE,2,NE,PIT,0,0,0,0,0,0,,0,0,0,0,,0,0,0,0,0,0.0,6,5,1,1.0,1,0,0,1,0,0,0,,0,0,0,0,0.0
00-0036816,2026_02_MIA_SF,2,MIA,SF,0,0,0,0,0,0,,0,0,0,0,,0,0,0,0,0,0.0,0,0,0,0.0,0,0,0,0,0,2,3,28.0,1,1,0,0,0.0
00-0036825,2026_02_CAR_ATL,2,CAR,ATL,0,0,0,0,0,0,,0,0,0,0,,0,0,0,0,0,0.0,1,0,0,0.0,0,0,0,0,0,0,0,,0,0,0,0,0.0
00-0036844,2026_02_MIA_SF,2,SF,MIA,0,0,0,0,0,0,,0,0,0,0,,0,0,0,0,0,0.0,0,1,0,0.0,0,0,0,0,0,0,0,,0,0,0,0,0.0
00-0036849,2026_02_NYG_LA,2,LA,NYG,0,0,0,0,0,0,,0,0,0,0,,2,1,19,0,0,0.0666666666666667,0,0,0,0.0,0,0,0,0,0,0,0,,0,0,0,0,2.9
00-0036854,2026_02_CIN_HOU,2,CIN,HOU,0,0,0,0,0,0,,0,0,0,0,,0,0,0,0,0,0.0,0,0,0,0.0,0,0,0,0,0,2,2,57.0,2,2,0,0,0.0
00-0036862,2026_02_PIT_NE,2,PIT,NE,0,0,0,0,0,0,,0,0,0,0,,1,1,2,0,1,0.027027027027027,0,0,0,0.0,0,0,0,0,0,0,0,,0,0,0,0,1.2
00-0036867,2026_02_NO_BAL,2,NO,BAL,0,0,0,0,0,0,,0,0,0,0,,0,0,0,0,0,0.0,0,1,0,0.0,0,0,0,0,0,0,0,,0,0,0,0,0.0
00-0036874,2026_02_JAX_DEN,2,DEN,JAX,0,0,0,0,0,0,,0,0,0,0,,0,0,0,0,0,0.0,3,3,0,0.0,0,0,1,0,0,0,0,,0,0,1,5,0.0
00-0036875,2026_02_PIT_NE,2,NE,PIT,0,0,0,0,0,0,,6,43,0,0,1.8175322865136,2,1,3,0,5,0.0952380952380952,0,0,0,0.0,0,0,0,0,0,0,0,,0,0,0,0,3.6
00-0036883,2026_02_CIN_HOU,2,HOU,CIN,0,0,0,0,0,0,,0,0,0,0,,0,0,0,0,0,0.0,1,5,0,0.0,0,0,0,0,0,0,0,,0,0,0,0,0.0
00-0036887,2026_02_MIA_SF,2,SF,MIA,0,0,0,0,0,0,,0,0,0,0,,0,0,0,0,0,0.0,1,0,0,0.0,0,0,0,0,0,0,0,,0,0,1,10,0.0
00-0036888,2026_02_DET_BUF,2,BUF,DET,0,0,0,0,0,0,,0,0,0,0,,0,0,0,0,0,0.0,1,1,0,0.0,0,0,0,0,0,0,0,,0,0,0,0,0.0
00-0036893,2026_02_NYG_LA,2,NYG,LA,0,0,0,0,0,0,,4,6,0,0,-2.74711455798499,0,0,0,0,0,0.0,0,0,0,0.0,0,0,0,0,0,0,0,,0,0,0,0,0.6
00-0036894,2026_02_PIT_NE,2,PIT,NE,0,0,0,0,0,0,,1,2,0,0,2.12668753904291,5,4,32,0,14,0.135135135135135,0,0,0,0.0,0,0,0,0,0,0,0,,0,0,0,0,7.4
00-0036900,2026_02_CIN_HOU,2,CIN,HOU,0,0,0,0,0,0,,0,0,0,0,,9,7,75,2,15,0.290322580645161,0,0,0,0.0,0,0,0,0,0,0,0,,0,0,1,5,26.5
00-0036901,2026_02_LV_LAC,2,LV,LAC,0,0,0,0,0,0,,0,0,0,0,,0,0,0,0,0,0.0,2,2,1,1.0,0,0,0,1,0,0,0,,0,0,0,0,0.0
00-0036905,2026_02_DET_BUF,2,DET,BUF,0,0,0,0,0,0,,0,0,0,0,,0,0,0,0,0,0.0,0,0,0,0.0,0,0,0,0,0,0,0,,0,0,3,20,0.0
00-0036909,2026_02_IND_KC,2,KC,IND,0,0,0,0,0,0,,1,3,0,0,2.23905110405758,0,0,0,0,0,0.0,0,0,0,0.0,0,0,0,0,0,0,0,,0,0,0,0,0.3
00-0036912,2026_02_PHI_TEN,2,PHI,TEN,0,0,0,0,0,0,,0,0,0,0,,13,10,117,1,7,0.382352941176471,1,0,0,0.0,0,0,0,0,0,0,0,,0,0,0,0,27.7
00-0036914,2026_02_DET_BUF,2,BUF,DET,0,0,0,0,0,0,,0,0,0,0,,0,0,0,0,0,0.0,3,0,2,2.0,4,0,0,1,0,0,0,,0,0,0,0,0.0
00-0036916,2026_02_PIT_NE,2,NE,PIT,0,0,0,0,0,0,,0,0,0,0,,0,0,0,0,0,0.0,0,1,0,0.0,0,0,0,0,0,0,0,,0,0,0,0,0.0
00-0036919,2026_02_CLE_TB,2,TB,CLE,0,0,0,0,0,0,,2,10,0,0,1.15030691787251,4,3,5,0,25,0.121212121212121,0,0,0,0.0,0,0,0,0,0,0,0,,0,0,0,0,4.5
00-0036927,2026_02_NO_BAL,2,NO,BAL,0,0,0,0,0,0,,0,0,0,0,,0,0,0,0,0,0.0,8,3,1,1.0,1,0,0,0,0,0,0,,0,0,0,0,0.0
00-0036933,2026_02_SEA_ARI,2,ARI,SEA,0,0,0,0,0,0,,0,0,0,0,,0,0,0,0,0,0.0,2,3,1,0.0,0,0,0,1,0,0,0,,0,0,0,0,0.0
00-0036934,2026_02_CAR_ATL,2,CAR,ATL,0,0,0,0,0,0,,0,0,0,0,,0,0,0,0,0,0.0,1,1,1,1.0,2,0,0,0,0,0,0,,0,0,0,0,0.0
00-0036940,2026_02_WAS_DAL,2,WAS,DAL,0,0,0,0,0,0,,0,0,0,0,,0,0,0,0,0,0.0,2,0,0,0.0,1,0,0,0,0,0,0,,0,0,0,0,0.0
00-0036941,2026_02_GB_NYJ,2,NYJ,GB,0,0,0,0,0,0,,0,0,0,0,,0,0,0,0,0,0.0,4,1,1,0.0,1,0,1,1,0,0,0,,0,0,0,0,0.0
00-0036942,2026_02_MIA_SF,2,SF,MIA,0,0,0,0,0,0,,0,0,0,0,,0,0,0,0,0,0.0,0,2,0,0.0,1,0,0,0,0,0,0,,0,0,0,0,0.0
00-0036944,2026_02_CAR_ATL,2,CAR,ATL,0,0,0,0,0,0,,0,0,0,0,,0,0,0,0,0,0.0,1,0,0,0.0,0,0,2,0,0,0,0,,0,0,0,0,0.0
00-0036962,2026_02_CAR_ATL,2,CAR,ATL,0,0,0,0,0,0,,0,0,0,0,,0,0,0,0,0,0.0,3,2,0,0.0,0,0,0,0,0,0,0,,0,0,0,0,0.0
00-0036963,2026_02_DET_BUF,2,DET,BUF,0,0,0,0,0,0,,0,0,0,0,,13,9,142,2,43,0.342105263157895,0,0,0,0.0,0,0,0,0,0,0,0,,0,0,0,0,35.2
00-0036964,2026_02_DET_BUF,2,DET,BUF,0,0,0,0,0,0,,0,0,0,0,,0,0,0,0,0,0.0,5,2,1,1.0,1,0,0,0,0,0,0,,0,0,0,0,0.0
00-0036970,2026_02_CAR_ATL,2,ATL,CAR,0,0,0,0,0,0,,0,0,0,0,,3,1,15,0,4,0.0967741935483871,0,1,0,0.0,0,0,0,0,0,0,0,,0,0,1,5,2.5
00-0036971,2026_02_JAX_DEN,2,JAX,DEN,17,29,189,0,1,2,-4.11505365912874,2,6,0,0,0.387543015007395,0,0,0,0,0,0.0,0,0,0,0.0,0,0,0,0,0,0,0,,0,0,0,0,6.16
00-0036972,2026_02_MIA_SF,2,SF,MIA,0,0,0,0,0,0,,2,-2,0,0,0.0,0,0,0,0,0,0.0,0,0,0,0.0,0,0,0,0,0,0,0,,0,0,0,0,-0.2
00-0036973,2026_02_NO_BAL,2,NO,BAL,0,0,0,0,0,0,,8,25,0,0,0.380867370797321,2,2,6,0,13,0.0625,0,0,0,0.0,0,0,0,0,0,0,0,,0,0,0,0,7.1
00-0036974,2026_02_CLE_TB,2,CLE,TB,0,0,0,0,0,0,,0,0,0,0,,0,0,0,0,0,0.0,3,1,1,0.0,0,0,0,0,0,0,0,,0,0,0,0,0.0
00-0036976,2026_02_DET_BUF,2,BUF,DET,0,0,0,0,0,0,,0,0,0,0,,0,0,0,0,0,0.0,0,0,0,0.0,0,0,0,0,0,0,0,,0,0,0,0,0.0
00-0036981,2026_02_PIT_NE,2,NE,PIT,0,0,0,0,0,0,,0,0,0,0,,0,0,0,0,0,0.0,1,0,1,1.0,1,0,0,1,0,0,0,,0,0,0,0,0.0
00-0036982,2026_02_NYG_LA,2,NYG,LA,0,0,0,0,0,0,,0,0,0,0,,0,0,0,0,0,0.0,4,0,0,0.0,0,0,0,0,0,0,0,,0,0,0,0,0.0
00-0036985,2026_02_JAX_DEN,2,JAX,DEN,0,0,0,0,0,0,,0,0,0,0,,0,0,0,0,0,0.0,0,0,0,0.0,0,0,0,0,0,0,0,,0,0,1,10,0.0
00-0036987,2026_02_GB_NYJ,2,NYJ,GB,0,0,0,0,0,0,,0,0,0,0,,0,0,0,0,0,0.0,3,1,0,0.0,0,0,0,0,0,0,0,,0,0,1,23,0.0
00-0036988,2026_02_DET_BUF,2,BUF,DET,0,0,0,0,0,0,,0,0,0,0,,3,1,43,1,10,0.107142857142857,0,0,0,0.0,0,0,0,0,0,0,0,,0,0,0,0,11.3
00-0036989,2026_02_LV_LAC,2,LV,LAC,0,0,0,0,0,0,,0,0,0,0,,0,0,0,0,0,0.0,2,1,0,1.5,2,0,0,1,0,0,0,,0,0,0,0,0.0
00-0036990,2026_02_CAR_ATL,2,ATL,CAR,0,0,0,0,0,0,,0,0,0,0,,0,0,0,0,0,0.0,1,1,0,0.0,1,0,0,0,0,0,0,,0,0,0,0,0.0
00-0036994,2026_02_SEA_ARI,2,SEA,ARI,0,0,0,0,0,0,,0,0,0,0,,0,0,0,0,0,0.0,4,4,0,0.0,0,0,0,0,0,0,0,,0,0,0,0,0.0
00-0036995,2026_02_SEA_ARI,2,ARI,SEA,0,0,0,0,0,0,,0,0,0,0,,0,0,0,0,0,0.0,2,0,0,0.0,0,0,0,0,0,0,0,,0,0,0,0,0.0
00-0036996,2026_02_NYG_LA,2,NYG,LA,0,0,0,0,0,0,,0,0,0,0,,0,0,0,0,0,0.0,4,1,0,0.0,0,0,1,0,0,0,0,,0,0,0,0,0.0
00-0036997,2026_02_WAS_DAL,2,DAL,WAS,0,0,0,0,0,0,,12,30,0,0,-3.74253865104402,4,3,20,0,28,0.129032258064516,0,0,0,0.0,0,0,0,0,0,0,0,,0,0,0,0,8.0
00-0036998,2026_02_NYG_LA,2,NYG,LA,0,0,0,0,0,0,,0,0,0,0,,0,0,0,0,0,0.0,5,3,0,0.0,0,1,1,2,0,0,0,,0,0,0,0,0.0
00-0037003,2026_02_SEA_ARI,2,SEA,ARI,0,0,0,0,0,0,,0,0,0,0,,0,0,0,0,0,0.0,0,0,0,0.0,0,0,0,0,0,0,0,,0,0,0,0,0.0
00-0037004,2026_02_SEA_ARI,2,ARI,SEA,0,0,0,0,0,0,,0,0,0,0,,0,0,0,0,0,0.0,0,1,0,0.0,0,0,0,0,0,0,0,,0,0,0,0,0.0
00-0037005,2026_02_CAR_ATL,2,CAR,ATL,0,0,0,0,0,0,,0,0,0,0,,2,1,4,0,4,0.0625,0,0,0,0.0,0,0,0,0,0,0,0,,0,0,2,19,1.4
00-0037009,2026_02_LV_LAC,2,LAC,LV,0,0,0,0,0,0,,0,0,0,0,,0,0,0,0,0,0.0,0,0,0,0.0,0,0,0,0,0,0,0,,0,0,1,10,0.0
00-0037034,2026_02_DET_BUF,2,BUF,DET,0,0,0,0,0,0,,0,0,0,0,,0,0,0,0,0,0.0,2,2,0,0.0,0,0,0,0,0,0,0,,0,0,0,0,0.0
00-0037073,2026_02_PHI_TEN,2,PHI,TEN,0,0,0,0,0,0,,0,0,0,0,,0,0,0,0,0,0.0,1,0,0,0.0,0,0,0,0,0,0,0,,0,0,0,0,0.0
00-0037074,2026_02_LV_LAC,2,LV,LAC,0,0,0,0,0,0,,0,0,0,0,,0,0,0,0,0,0.0,5,5,0,0.0,0,0,0,0,0,0,0,,0,0,0,0,0.0
00-0037075,2026_02_GB_NYJ,2,GB,NYJ,0,0,0,0,0,0,,0,0,0,0,,0,0,0,0,0,0.0,0,1,0,0.0,0,0,0,0,0,0,0,,0,0,0,0,0.0
00-0037079,2026_02_PHI_TEN,2,PHI,TEN,0,0,0,0,0,0,,0,0,0,0,,0,0,0,0,0,0.0,3,0,0,0.0,0,0,1,0,0,0,0,,0,0,0,0,0.0
00-0037081,2026_02_MIN_CHI,2,CHI,MIN,0,0,0,0,0,0,,0,0,0,0,,0,0,0,0,0,0.0,0,0,0,0.0,0,0,0,0,0,0,0,,0,0,1,10,0.0
00-0037083,2026_02_GB_NYJ,2,NYJ,GB,0,0,0,0,0,0,,0,0,0,0,,0,0,0,0,0,0.0,2,1,1,1.0,1,0,0,1,0,0,0,,0,0,0,0,0.0
00-0037085,2026_02_JAX_DEN,2,DEN,JAX,0,0,0,0,0,0,,1,1,0,0,-0.56060580292251,3,2,28,0,32,0.103448275862069,1,0,0,0.0,0,0,0,0,0,0,0,,0,0,0,0,4.9
00-0037091,2026_02_GB_NYJ,2,GB,NYJ,0,0,0,0,0,0,,0,0,0,0,,1,0,0,0,0,0.0344827586206897,0,0,0,0.0,0,0,0,0,0,0,0,,0,0,0,0,0.0
00-0037093,2026_02_LV_LAC,2,LV,LAC,0,0,0,0,0,0,,0,0,0,0,,1,1,27,0,14,0.0344827586206897,0,0,0,0.0,0,0,0,0,0,0,0,,0,0,0,0,3.7
00-0037096,2026_02_MIN_CHI,2,CHI,MIN,0,0,0,0,0,0,,0,0,0,0,,0,0,0,0,0,0.0,1,0,0,0.0,0,0,0,0,0,0,0,,0,0,0,0,0.0
00-0037109,2026_02_MIN_CHI,2,CHI,MIN,0,0,0,0,0,0,,0,0,0,0,,0,0,0,0,0,0.0,1,1,0,0.0,0,0,0,0,0,0,0,,0,0,0,0,0.0
00-0037130,2026_02_CIN_HOU,2,HOU,CIN,0,0,0,0,0,0,,0,0,0,0,,0,0,0,0,0,0.0,3,2,0,0.0,1,0,0,0,0,0,0,,0,0,0,0,0.0
00-0037132,2026_02_PHI_TEN,2,PHI,TEN,0,0,0,0,0,0,,0,0,0,0,,0,0,0,0,0,0.0,0,0,0,0.0,0,0,0,0,0,0,0,,0,0,0,0,0.0
00-0037137,2026_02_SEA_ARI,2,SEA,ARI,0,0,0,0,0,0,,0,0,0,0,,0,0,0,0,0,0.0,1,0,0,0.0,0,0,0,0,0,0,0,,0,0,0,0,0.0
00-0037157,2026_02_SEA_ARI,2,ARI,SEA,0,0,0,0,0,0,,2,24,0,0,-1.12571102147922,0,0,0,0,0,0.0,0,0,0,0.0,0,0,0,0,0,0,0,,0,0,0,0,2.4
00-0037179,2026_02_CAR_ATL,2,CAR,ATL,0,0,0,0,0,0,,0,0,0,0,,0,0,0,0,0,0.0,3,1,0,0.0,0,0,1,0,0,0,0,,0,0,0,0,0.0
00-0037190,2026_02_IND_KC,2,IND,KC,0,0,0,0,0,0,,0,0,0,0,,0,0,0,0,0,0.0,4,2,0,0.0,0,0,1,0,0,0,0,,0,0,0,0,0.0
00-0037191,2026_02_NYG_LA,2,LA,NYG,0,0,0,0,0,0,,0,0,0,0,,0,0,0,0,0,0.0,2,0,0,0.0,0,1,4,0,0,0,0,,0,0,0,0,0.0
00-0037192,2026_02_IND_KC,2,KC,IND,0,0,0,0,0,0,,0,0,0,0,,0,0,0,0,0,0.0,2,3,0,0.0,0,0,0,0,0,0,0,,0,0,1,5,0.0
00-0037193,2026_02_CIN_HOU,2,CIN,HOU,0,0,0,0,0,0,,0,0,0,0,,0,0,0,0,0,0.0,3,1,0,0.0,0,0,0,0,0,0,0,,0,0,0,0,0.0
00-0037195,2026_02_NYG_LA,2,LA,NYG,0,0,0,0,0,0,,0,0,0,0,,0,0,0,0,0,0.0,3,1,0,0.0,0,0,1,0,0,0,0,,0,0,0,0,0.0
00-0037196,2026_02_CAR_ATL,2,CAR,ATL,0,0,0,0,0,0,,0,0,0,0,,0,0,0,0,0,0.0,0,0,0,0.0,0,0,0,0,0,0,0,,0,0,1,5,0.0
00-0037208,2026_02_IND_KC,2,KC,IND,0,0,0,0,0,0,,0,0,0,0,,0,0,0,0,0,0.0,1,1,1,0.0,0,0,0,0,0,0,0,,0,0,0,0,0.0
00-0037224,2026_02_LV_LAC,2,LAC,LV,0,0,0,0,0,0,,0,0,0,0,,0,0,0,0,0,0.0,0,0,0,0.0,0,0,0,0,0,0,1,,2,2,0,0,0.0
00-0037228,2026_02_PIT_NE,2,PIT,NE,0,0,0,0,0,0,,11,43,0,0,-2.23265914415242,4,2,34,0,39,0.108108108108108,0,0,0,0.0,0,0,0,0,0,0,0,,0,0,0,0,9.7
00-0037231,2026_02_NO_BAL,2,NO,BAL,0,0,0,0,0,0,,0,0,0,0,,1,1,7,0,1,0.03125,0,0,0,0.0,0,0,0,0,0,0,0,,0,0,0,0,1.7
00-0037235,2026_02_JAX_DEN,2,JAX,DEN,0,0,0,0,0,0,,0,0,0,0,,0,0,0,0,0,0.0,0,3,0,0.0,1,0,0,0,0,0,0,,0,0,0,0,0.0
00-0037236,2026_02_DET_BUF,2,DET,BUF,0,0,0,0,0,0,,0,0,0,0,,0,0,0,0,0,0.0,2,1,1,1.0,2,0,0,1,0,0,0,,0,0,0,0,0.0
00-0037237,2026_02_CIN_HOU,2,HOU,CIN,0,0,0,0,0,0,,0,0,0,0,,0,0,0,0,0,0.0,2,1,0,0.0,0,0,1,0,0,0,0,,0,0,0,0,0.0
00-0037238,2026_02_CAR_ATL,2,ATL,CAR,0,0,0,0,0,0,,1,-2,0,0,-4.0876256324118,5,4,51,0,33,0.161290322580645,1,1,0,0.0,0,0,0,0,0,0,0,,0,0,0,0,8.9
00-0037239,2026_02_NO_BAL,2,NO,BAL,0,0,0,0,0,0,,0,0,0,0,,10,8,86,1,18,0.3125,0,0,0,0.0,0,0,0,0,0,0,0,,0,0,1,15,22.6
00-0037240,2026_02_DET_BUF,2,DET,BUF,0,0,0,0,0,0,,0,0,0,0,,4,2,33,0,1,0.105263157894737,0,0,0,0.0,0,0,0,0,0,0,0,,0,0,0,0,5.3
00-0037244,2026_02_CAR_ATL,2,CAR,ATL,0,0,0,0,0,0,,0,0,0,0,,0,0,0,0,0,0.0,7,2,2,1.0,1,2,3,0,1,0,0,,0,0,0,0,0.0
00-0037246,2026_02_CIN_HOU,2,HOU,CIN,0,0,0,0,0,0,,0,0,0,0,,0,0,0,0,0,0.0,3,1,0,0.0,0,0,0,0,0,0,0,,0,0,0,0,0.0
00-0037247,2026_02_WAS_DAL,2,DAL,WAS,0,0,0,0,0,0,,0,0,0,0,,8,6,40,0,2,0.258064516129032,0,0,0,0.0,0,0,0,0,0,0,0,,0,0,1,10,10.0
00-0037248,2026_02_DET_BUF,2,BUF,DET,0,0,0,0,0,0,,21,135,1,0,5.04298063798342,3,1,4,0,2,0.107142857142857,0,0,0,0.0,0,0,0,0,0,0,0,,0,0,0,0,20.9
00-0037249,2026_02_JAX_DEN,2,DEN,JAX,0,0,0,0,0,0,,0,0,0,0,,0,0,0,0,0,0.0,0,0,0,0.0,3,0,0,0,0,0,0,,0,0,1,5,0.0
00-0037250,2026_02_NO_BAL,2,NO,BAL,0,0,0,0,0,0,,0,0,0,0,,0,0,0,0,0,0.0,3,0,0,0.0,0,0,0,0,0,0,0,,0,0,0,0,0.0
00-0037252,2026_02_MIA_SF,2,MIA,SF,0,0,0,0,0,0,,0,0,0,0,,3,2,17,0,15,0.130434782608696,0,0,0,0.0,0,0,0,0,0,0,0,,0,0,0,0,3.7
00-0037253,2026_02_PIT_NE,2,NE,PIT,0,0,0,0,0,0,,0,0,0,0,,0,0,0,0,0,0.0,1,1,0,0.0,0,0,0,0,0,0,0,,0,0,0,0,0.0
00-0037254,2026_02_DET_BUF,2,BUF,DET,0,0,0,0,0,0,,0,0,0,0,,0,0,0,0,0,0.0,3,2,1,0.0,0,0,1,0,0,0,0,,0,0,0,0,0.0
00-0037256,2026_02_WAS_DAL,2,WAS,DAL,0,0,0,0,0,0,,7,43,0,0,3.56587216540356,6,6,40,0,32,0.176470588235294,0,0,0,0.0,0,0,0,0,0,0,0,,0,0,0,0,14.3
00-0037261,2026_02_DET_BUF,2,BUF,DET,0,0,0,0,0,0,,0,0,0,0,,6,3,38,0,19,0.214285714285714,0,0,0,0.0,0,0,0,0,0,0,0,,0,0,0,0,6.8
00-0037262,2026_02_LV_LAC,2,LV,LAC,0,0,0,0,0,0,,0,0,0,0,,0,0,0,0,0,0.0,1,0,0,0.0,0,0,0,0,0,0,0,,0,0,0,0,0.0
00-0037263,2026_02_SEA_ARI,2,ARI,SEA,0,0,0,0,0,0,,5,10,0,0,-2.78317370824516,2,2,9,0,12,0.0769230769230769,0,0,0,0.0,0,0,0,0,0,0,0,,0,0,0,0,3.9
00-0037268,2026_02_CLE_TB,2,TB,CLE,0,0,0,0,0,0,,0,0,0,0,,0,0,0,0,0,0.0,3,0,0,0.0,0,0,0,0,0,0,0,,0,0,0,0,0.0
00-0037270,2026_02_WAS_DAL,2,DAL,WAS,0,0,0,0,0,0,,0,0,0,0,,0,0,0,0,0,0.0,0,0,0,0.0,1,0,0,0,0,0,0,,0,0,0,0,0.0
00-0037271,2026_02_MIN_CHI,2,CHI,MIN,0,0,0,0,0,0,,0,0,0,0,,0,0,0,0,0,0.0,0,3,0,0.0,0,0,0,0,0,0,0,,0,0,0,0,0.0
00-0037275,2026_02_WAS_DAL,2,DAL,WAS,0,0,0,0,0,0,,0,0,0,0,,0,0,0,0,0,0.0,4,1,0,0.0,0,0,1,0,0,0,0,,0,0,1,5,0.0
00-0037284,2026_02_IND_KC,2,KC,IND,0,0,0,0,0,0,,0,0,0,0,,0,0,0,0,0,0.0,0,0,0,0.0,0,0,0,0,0,0,0,,0,0,0,0,0.0
00-0037287,2026_02_MIA_SF,2,SF,MIA,0,0,0,0,0,0,,0,0,0,0,,0,0,0,0,0,0.0,0,0,0,0.0,0,0,0,0,0,0,0,,0,0,1,10,0.0
00-0037288,2026_02_DET_BUF,2,BUF,DET,0,0,0,0,0,0,,0,0,0,0,,0,0,0,0,0,0.0,5,3,0,0.0,0,0,2,0,0,0,0,,0,0,1,8,0.0
00-0037289,2026_02_DET_BUF,2,DET,BUF,0,0,0,0,0,0,,0,0,0,0,,0,0,0,0,0,0.0,0,1,0,0.0,0,0,0,0,0,0,0,,0,0,0,0,0.0
00-0037291,2026_02_LV_LAC,2,LV,LAC,0,0,0,0,0,0,,0,0,0,0,,3,1,9,0,3,0.103448275862069,0,0,0,0.0,0,0,0,0,0,0,0,,0,0,0,0,1.9
00-0037292,2026_02_IND_KC,2,IND,KC,0,0,0,0,0,0,,0,0,0,0,,1,0,0,0,0,0.0333333333333333,2,0,0,0.0,0,0,0,0,0,0,0,,0,0,0,0,0.0
00-0037301,2026_02_MIN_CHI,2,MIN,CHI,0,0,0,0,0,0,,0,0,0,0,,0,0,0,0,0,0.0,2,1,0,0.0,0,0,1,0,0,0,0,,0,0,0,0,0.0
00-0037304,2026_02_LV_LAC,2,LV,LAC,0,0,0,0,0,0,,1,1,0,0,2.22324372036383,0,0,0,0,0,0.0,0,0,0,0.0,0,0,0,0,0,0,0,,0,0,0,0,0.1
00-0037313,2026_02_JAX_DEN,2,JAX,DEN,0,0,0,0,0,0,,0,0,0,0,,0,0,0,0,0,0.0,4,0,0,0.0,0,0,0,0,0,0,0,,0,0,0,0,0.0
00-0037323,2026_02_SEA_ARI,2,SEA,ARI,0,0,0,0,0,0,,0,0,0,0,,0,0,0,0,0,0.0,0,0,0,0.0,0,0,1,0,0,0,0,,0,0,1,8,0.0
00-0037384,2026_02_JAX_DEN,2,DEN,JAX,0,0,0,0,0,0,,0,0,0,0,,0,0,0,0,0,0.0,3,1,0,0.0,0,0,1,0,0,0,0,,0,0,0,0,0.0
00-0037457,2026_02_CIN_HOU,2,HOU,CIN,0,0,0,0,0,0,,0,0,0,0,,0,0,0,0,0,0.0,2,3,0,0.0,0,0,0,0,0,0,0,,0,0,0,0,0.0
00-0037500,2026_02_NO_BAL,2,NO,BAL,0,0,0,0,0,0,,0,0,0,0,,0,0,0,0,0,0.0,0,0,0,0.0,0,0,0,0,0,0,0,,0,0,0,0,0.0
00-0037512,2026_02_LV_LAC,2,LV,LAC,0,0,0,0,0,0,,0,0,0,0,,0,0,0,0,0,0.0,1,3,0,0.0,0,0,0,0,0,0,0,,0,0,0,0,0.0
00-0037524,2026_02_DET_BUF,2,DET,BUF,0,0,0,0,0,0,,0,0,0,0,,0,0,0,0,0,0.0,0,1,0,0.0,0,0,0,0,0,0,0,,0,0,0,0,0.0
00-0037527,2026_02_LV_LAC,2,LV,LAC,0,0,0,0,0,0,,0,0,0,0,,0,0,0,0,0,0.0,1,0,0,0.0,0,0,0,0,0,0,0,,0,0,0,0,0.0
00-0037545,2026_02_SEA_ARI,2,SEA,ARI,0,0,0,0,0,0,,1,4,0,0,-0.402099287020974,6,3,35,0,25,0.230769230769231,0,0,0,0.0,0,0,0,0,0,0,0,,0,0,0,0,6.9
00-0037547,2026_02_GB_NYJ,2,GB,NYJ,0,0,0,0,0,0,,0,0,0,0,,0,0,0,0,0,0.0,0,0,0,0.0,0,0,0,0,0,0,0,,0,0,0,0,0.0
00-0037561,2026_02_WAS_DAL,2,DAL,WAS,0,0,0,0,0,0,,0,0,0,0,,0,0,0,0,0,0.0,5,1,0,0.0,0,0,0,0,0,0,0,,0,0,0,0,0.0
00-0037587,2026_02_NYG_LA,2,LA,NYG,0,0,0,0,0,0,,0,0,0,0,,0,0,0,0,0,0.0,3,4,1,0.0,0,0,0,0,0,0,0,,0,0,0,0,0.0
00-0037594,2026_02_PHI_TEN,2,TEN,PHI,0,0,0,0,0,0,,0,0,0,0,,0,0,0,0,0,0.0,1,0,0,0.0,0,0,0,0,0,0,0,,0,0,0,0,0.0
00-0037596,2026_02_SEA_ARI,2,ARI,SEA,0,0,0,0,0,0,,0,0,0,0,,0,0,0,0,0,0.0,1,8,0,0.0,1,0,1,0,0,0,0,,0,0,0,0,0.0
00-0037614,2026_02_CAR_ATL,2,CAR,ATL,0,0,0,0,0,0,,0,0,0,0,,0,0,0,0,0,0.0,0,0,0,0.0,0,0,0,0,0,0,0,,0,0,0,0,0.0
00-0037615,2026_02_LV_LAC,2,LV,LAC,0,0,0,0,0,0,,0,0,0,0,,0,0,0,0,0,0.0,7,3,0,0.5,2,0,0,1,0,0,0,,0,0,0,0,0.0
00-0037616,2026_02_WAS_DAL,2,WAS,DAL,0,0,0,0,0,0,,0,0,0,0,,0,0,0,0,0,0.0,3,0,1,0.0,0,0,0,0,0,0,0,,0,0,0,0,0.0
00-0037663,2026_02_PHI_TEN,2,TEN,PHI,0,0,0,0,0,0,,0,0,0,0,,0,0,0,0,0,0.0,1,1,0,0.0,0,0,0,0,0,0,0,,0,0,0,0,0.0
00-0037664,2026_02_IND_KC,2,IND,KC,0,0,0,0,0,0,,0,0,0,0,,1,1,11,0,1,0.0333333333333333,0,0,0,0.0,0,0,0,0,0,0,0,,0,0,0,0,2.1
00-0037665,2026_02_CLE_TB,2,CLE,TB,0,0,0,0,0,0,,0,0,0,0,,0,0,0,0,0,0.0,2,1,0,0.0,0,0,0,0,0,0,0,,0,0,1,15,0.0
00-0037692,2026_02_WAS_DAL,2,DAL,WAS,0,0,0,0,0,0,,0,0,0,0,,0,0,0,0,0,0.0,0,0,0,0.0,0,0,0,0,0,3,3,60.0,4,4,1,0,0.0
00-0037740,2026_02_GB_NYJ,2,NYJ,GB,0,0,0,0,0,0,,0,0,0,0,,7,5,57,1,3,0.194444444444444,0,0,0,0.0,0,0,0,0,0,0,0,,0,0,0,0,16.7
00-0037741,2026_02_CAR_ATL,2,ATL,CAR,0,0,0,0,0,0,,0,0,0,0,,4,2,11,0,7,0.129032258064516,0,0,0,0.0,0,0,0,0,0,0,0,,0,0,0,0,3.1
00-0037742,2026_02_WAS_DAL,2,WAS,DAL,0,0,0,0,0,0,,0,0,0,0,,1,0,0,0,0,0.0294117647058824,0,0,0,0.0,0,0,0,0,0,0,0,,0,0,0,0,0.0
00-0037743,2026_02_CIN_HOU,2,CIN,HOU,0,0,0,0,0,0,,0,0,0,0,,0,0,0,0,0,0.0,4,6,0,0.0,0,0,4,0,0,0,0,,0,0,1,5,0.0
00-0037744,2026_02_SEA_ARI,2,ARI,SEA,0,0,0,0,0,0,,0,0,0,0,,10,8,41,1,15,0.384615384615385,0,0,0,0.0,0,0,0,0,0,0,0,,0,0,0,0,18.1
00-0037746,2026_02_CAR_ATL,2,ATL,CAR,0,0,0,0,0,0,,11,51,0,0,0.810908317565918,2,2,16,0,16,0.0645161290322581,0,0,0,0.0,0,0,0,0,0,0,0,,0,0,0,0,8.7
00-0037752,2026_02_JAX_DEN,2,DEN,JAX,0,0,0,0,0,0,,0,0,0,0,,0,0,0,0,0,0.0,0,1,0,0.0,0,0,0,0,0,0,0,,0,0,0,0,0.0
00-0037753,2026_02_IND_KC,2,IND,KC,0,0,0,0,0,0,,0,0,0,0,,0,0,0,0,0,0.0,1,4,0,0.0,0,0,0,0,0,0,0,,0,0,0,0,0.0
00-0037756,2026_02_NO_BAL,2,BAL,NO,0,0,0,0,0,0,,0,0,0,0,,0,0,0,0,0,0.0,1,0,0,0.0,0,0,1,0,0,0,0,,0,0,0,0,0.0
00-0037799,2026_02_JAX_DEN,2,DEN,JAX,0,0,0,0,0,0,,0,0,0,0,,0,0,0,0,0,0.0,0,2,0,0.0,0,0,0,0,0,0,0,,0,0,0,0,0.0
00-0037801,2026_02_WAS_DAL,2,DAL,WAS,0,0,0,0,0,0,,1,1,0,0,-0.480386554030702,0,0,0,0,0,0.0,0,0,0,0.0,0,0,0,0,0,0,0,,0,0,0,0,0.1
00-0037805,2026_02_GB_NYJ,2,NYJ,GB,0,0,0,0,0,0,,0,0,0,0,,2,2,5,0,15,0.0555555555555556,0,0,0,0.0,0,0,0,0,0,0,0,,0,0,0,0,2.5
00-0037812,2026_02_SEA_ARI,2,SEA,ARI,0,0,0,0,0,0,,0,0,0,0,,0,0,0,0,0,0.0,0,0,0,0.0,0,0,0,0,0,0,0,,0,0,1,5,0.0
00-0037814,2026_02_CAR_ATL,2,CAR,ATL,0,0,0,0,0,0,,0,0,0,0,,0,0,0,0,0,0.0,0,0,0,0.0,0,0,0,0,0,0,0,,0,0,1,10,0.0
00-0037815,2026_02_CAR_ATL,2,ATL,CAR,0,0,0,0,0,0,,0,0,0,0,,0,0,0,0,0,0.0,3,1,0,0.5,2,0,0,0,0,0,0,,0,0,0,0,0.0
00-0037816,2026_02_PIT_NE,2,NE,PIT,0,0,0,0,0,0,,0,0,0,0,,4,3,96,0,26,0.19047619047619,0,0,0,0.0,0,0,0,0,0,0,0,,0,0,0,0,12.6
00-0037819,2026_02_WAS_DAL,2,WAS,DAL,0,0,0,0,0,0,,0,0,0,0,,0,0,0,0,0,0.0,6,6,0,0.0,0,0,0,0,0,0,0,,0,0,0,0,0.0
00-0037823,2026_02_CAR_ATL,2,ATL,CAR,0,0,0,0,0,0,,0,0,0,0,,0,0,0,0,0,0.0,1,0,0,0.0,0,0,0,0,0,0,0,,0,0,0,0,0.0
00-0037825,2026_02_LV_LAC,2,LV,LAC,0,0,0,0,0,0,,0,0,0,0,,0,0,0,0,0,0.0,0,0,0,0.0,0,0,0,0,0,0,0,,0,0,1,5,0.0
00-0037829,2026_02_LV_LAC,2,LV,LAC,0,0,0,0,0,0,,0,0,0,0,,0,0,0,0,0,0.0,0,0,0,0.0,0,0,0,0,0,0,0,,0,0,1,10,0.0
00-0037834,2026_02_MIA_SF,2,SF,MIA,20,22,287,2,0,0,23.3304135263315,3,30,1,0,3.11681103758747,0,0,0,0,0,0.0,0,0,0,0.0,0,0,0,0,0,0,0,,0,0,1,18,28.48
00-0037838,2026_02_NYG_LA,2,NYG,LA,0,0,0,0,0,0,,0,0,0,0,,10,5,33,0,4,0.3125,0,0,0,0.0,0,0,0,0,0,0,0,,0,0,0,0,8.3
00-0037839,2026_02_WAS_DAL,2,DAL,WAS,0,0,0,0,0,0,,0,0,0,0,,0,0,0,0,0,0.0,1,0,0,0.0,0,0,1,0,0,0,0,,0,0,0,0,0.0
00-0037840,2026_02_NYG_LA,2,LA,NYG,0,0,0,0,0,0,,12,85,0,1,-3.91388814948732,2,2,12,1,7,0.0666666666666667,0,0,0,0.0,0,0,0,0,0,0,0,,0,0,0,0,15.7
00-0037841,2026_02_NYG_LA,2,LA,NYG,0,0,0,0,0,0,,0,0,0,0,,0,0,0,0,0,0.0,6,1,0,0.0,0,0,3,1,0,0,0,,0,0,0,0,0.0
00-0038038,2026_02_NO_BAL,2,BAL,NO,0,0,0,0,0,0,,0,0,0,0,,0,0,0,0,0,0.0,7,6,1,0.0,0,0,0,0,0,0,0,,0,0,0,0,0.0
00-0038039,2026_02_MIA_SF,2,SF,MIA,0,0,0,0,0,0,,0,0,0,0,,0,0,0,0,0,0.0,0,0,0,0.0,0,0,1,0,0,0,0,,0,0,0,0,0.0
00-0038041,2026_02_WAS_DAL,2,DAL,WAS,0,0,0,0,0,0,,0,0,0,0,,4,4,43,2,14,0.129032258064516,0,0,0,0.0,0,0,0,0,0,0,0,,0,0,0,0,20.3
00-0038046,2026_02_LV_LAC,2,LAC,LV,0,0,0,0,0,0,,0,0,0,0,,3,3,21,0,10,0.115384615384615,0,0,0,0.0,0,0,0,0,0,0,0,,0,0,0,0,5.1
00-0038090,2026_02_GB_NYJ,2,GB,NYJ,0,0,0,0,0,0,,0,0,0,0,,3,2,6,0,6,0.103448275862069,0,0,0,0.0,0,0,0,0,0,0,0,,0,0,0,0,2.6
00-0038094,2026_02_NYG_LA,2,NYG,LA,0,0,0,0,0,0,,0,0,0,0,,0,0,0,0,0,0.0,0,0,0,0.0,0,0,0,0,0,0,0,,0,0,0,0,0.0
00-0038101,2026_02_CAR_ATL,2,CAR,ATL,0,0,0,0,0,0,,0,0,0,0,,0,0,0,0,0,0.0,2,1,0,0.0,0,0,0,0,0,0,0,,0,0,0,0,0.0
00-0038102,2026_02_CAR_ATL,2,CAR,ATL,0,0,0,0,0,0,,1,-4,0,0,-2.38200149277691,0,0,0,0,0,0.0,0,0,0,0.0,0,0,0,0,0,0,0,,0,0,0,0,-0.4
00-0038104,2026_02_IND_KC,2,KC,IND,0,0,0,0,0,0,,0,0,0,0,,4,4,86,0,1,0.0930232558139535,0,0,0,0.0,0,0,0,0,0,0,0,,0,0,0,0,12.6
00-0038106,2026_02_JAX_DEN,2,DEN,JAX,0,0,0,0,0,0,,0,0,0,0,,0,0,0,0,0,0.0,1,0,0,0.0,0,0,0,0,0,0,0,,0,0,0,0,0.0
00-0038112,2026_02_PHI_TEN,2,PHI,TEN,0,0,0,0,0,0,,0,0,0,0,,0,0,0,0,0,0.0,0,0,0,0.0,0,0,0,0,0,0,0,,0,0,1,10,0.0
00-0038115,2026_02_PHI_TEN,2,TEN,PHI,0,0,0,0,0,0,,0,0,0,0,,1,0,0,0,0,0.0588235294117647,0,0,0,0.0,0,0,0,0,0,0,0,,0,0,0,0,0.0
00-0038116,2026_02_PHI_TEN,2,PHI,TEN,0,0,0,0,0,0,,0,0,0,0,,0,0,0,0,0,0.0,1,1,0,0.0,0,0,0,0,0,0,0,,0,0,0,0,0.0
00-0038117,2026_02_PHI_TEN,2,TEN,PHI,0,0,0,0,0,0,,0,0,0,0,,1,1,9,0,3,0.0588235294117647,0,0,0,0.0,0,0,0,0,0,0,0,,0,0,0,0,1.9
00-0038120,2026_02_GB_NYJ,2,NYJ,GB,0,0,0,0,0,0,,16,29,0,0,-7.02309399802471,5,5,63,0,64,0.138888888888889,0,0,0,0.0,0,0,0,0,0,0,0,,0,0,0,0,14.2
00-0038121,2026_02_PHI_TEN,2,TEN,PHI,0,0,0,0,0,0,,0,0,0,0,,0,0,0,0,0,0.0,5,0,2,0.0,0,0,0,0,0,0,0,,0,0,0,0,0.0
00-0038123,2026_02_GB_NYJ,2,NYJ,GB,0,0,0,0,0,0,,0,0,0,0,,0,0,0,0,0,0.0,4,2,0,0.0,0,0,0,0,0,0,0,,0,0,0,0,0.0
00-0038124,2026_02_GB_NYJ,2,GB,NYJ,0,0,0,0,0,0,,0,0,0,0,,11,4,41,1,6,0.379310344827586,0,0,0,0.0,0,0,0,0,0,0,0,,0,0,1,4,14.1
00-0038125,2026_02_DET_BUF,2,DET,BUF,0,0,0,0,0,0,,0,0,0,0,,0,0,0,0,0,0.0,0,0,0,0.0,0,0,0,0,0,0,0,,0,0,1,5,0.0
00-0038127,2026_02_CIN_HOU,2,HOU,CIN,0,0,0,0,0,0,,0,0,0,0,,0,0,0,0,0,0.0,2,1,1,1.0,2,0,0,0,0,0,0,,0,0,0,0,0.0
00-0038128,2026_02_MIA_SF,2,MIA,SF,14,23,197,1,0,4,4.45391675174808,2,6,0,0,1.82602884806693,0,0,0,0,0,0.0,0,0,0,0.0,0,0,0,0,0,0,0,,0,0,0,0,12.48
00-0038129,2026_02_CLE_TB,2,TB,CLE,0,0,0,0,0,0,,0,0,0,0,,6,5,38,0,15,0.181818181818182,0,0,0,0.0,0,0,0,0,0,0,0,,0,0,0,0,8.8
00-0038133,2026_02_CIN_HOU,2,CIN,HOU,0,0,0,0,0,0,,0,0,0,0,,0,0,0,0,0,0.0,1,1,0,0.0,0,0,0,0,0,0,0,,0,0,0,0,0.0
00-0038134,2026_02_IND_KC,2,KC,IND,0,0,0,0,0,0,,24,117,0,0,0.82592641666814,10,6,61,0,54,0.232558139534884,0,0,0,0.0,0,0,0,0,0,0,0,,0,0,0,0,23.8
00-0038135,2026_02_PIT_NE,2,PIT,NE,0,0,0,0,0,0,,0,0,0,0,,0,0,0,0,0,0.0,1,5,0,0.0,0,0,0,0,0,0,0,,0,0,0,0,0.0
00-0038359,2026_02_NYG_LA,2,LA,NYG,0,0,0,0,0,0,,0,0,0,0,,1,0,0,0,0,0.0333333333333333,0,0,0,0.0,0,0,0,0,0,0,0,,0,0,0,0,0.0
00-0038366,2026_02_NYG_LA,2,LA,NYG,0,0,0,0,0,0,,0,0,0,0,,0,0,0,0,0,0.0,0,0,0,0.0,0,0,0,0,0,0,0,,0,0,1,15,0.0
00-0038386,2026_02_PHI_TEN,2,PHI,TEN,0,0,0,0,0,0,,0,0,0,0,,0,0,0,0,0,0.0,1,0,1,1.0,1,0,0,0,0,0,0,,0,0,0,0,0.0
00-0038387,2026_02_NO_BAL,2,NO,BAL,0,0,0,0,0,0,,0,0,0,0,,0,0,0,0,0,0.0,0,1,0,0.0,0,0,0,0,0,0,0,,0,0,0,0,0.0
00-0038393,2026_02_PHI_TEN,2,PHI,TEN,0,0,0,0,0,0,,0,0,0,0,,6,5,74,0,8,0.176470588235294,0,0,0,0.0,0,0,0,0,0,0,0,,0,0,0,0,12.4
00-0038398,2026_02_GB_NYJ,2,GB,NYJ,0,0,0,0,0,0,,0,0,0,0,,0,0,0,0,0,0.0,0,2,0,0.0,0,0,0,0,0,0,0,,0,0,1,5,0.0
00-0038399,2026_02_NYG_LA,2,NYG,LA,0,0,0,0,0,0,,0,0,0,0,,0,0,0,0,0,0.0,1,2,0,0.0,0,0,0,0,0,0,0,,0,0,0,0,0.0
00-0038412,2026_02_PHI_TEN,2,PHI,TEN,0,0,0,0,0,0,,0,0,0,0,,0,0,0,0,0,0.0,2,2,1,0.0,0,0,0,0,0,0,0,,0,0,0,0,0.0
00-0038416,2026_02_MIN_CHI,2,CHI,MIN,5,9,54,0,0,1,-2.84436900234695,0,0,0,0,,0,0,0,0,0,0.0,0,0,0,0.0,0,0,0,0,0,0,0,,0,0,0,0,2.16
00-0038428,2026_02_CLE_TB,2,CLE,TB,0,0,0,0,0,0,,0,0,0,0,,0,0,0,0,0,0.0,0,0,0,0.0,0,0,0,0,0,3,3,50.0,2,2,0,0,0.0
00-0038429,2026_02_MIA_SF,2,MIA,SF,0,0,0,0,0,0,,0,0,0,0,,0,0,0,0,0,0.0,1,0,0,0.0,0,0,0,0,0,0,0,,0,0,0,0,0.0
00-0038454,2026_02_LV_LAC,2,LAC,LV,0,0,0,0,0,0,,5,24,0,0,-0.822222036018502,1,1,15,0,12,0.0384615384615385,0,0,0,0.0,0,0,0,0,0,0,0,,0,0,0,0,4.9
00-0038463,2026_02_GB_NYJ,2,GB,NYJ,0,0,0,0,0,0,,0,0,0,0,,0,0,0,0,0,0.0,1,1,0,0.0,0,0,0,0,0,0,0,,0,0,0,0,0.0
00-0038504,2026_02_NO_BAL,2,BAL,NO,0,0,0,0,0,0,,0,0,0,0,,0,0,0,0,0,0.0,5,1,1,0.0,0,0,0,0,0,0,0,,0,0,0,0,0.0
00-0038505,2026_02_NO_BAL,2,BAL,NO,0,0,0,0,0,0,,0,0,0,0,,0,0,0,0,0,0.0,2,0,1,1.0,1,0,0,0,0,0,0,,0,0,1,5,0.0
00-0038514,2026_02_PHI_TEN,2,TEN,PHI,0,0,0,0,0,0,,0,0,0,0,,0,0,0,0,0,0.0,1,0,0,0.0,0,0,0,0,0,0,0,,0,0,0,0,0.0
00-0038519,2026_02_IND_KC,2,KC,IND,0,0,0,0,0,0,,0,0,0,0,,0,0,0,0,0,0.0,0,0,0,0.0,0,0,0,0,0,0,0,,0,0,0,0,0.0
00-0038521,2026_02_MIA_SF,2,MIA,SF,0,0,0,0,0,0,,0,0,0,0,,0,0,0,0,0,0.0,1,0,0,0.0,0,0,0,0,0,0,0,,0,0,0,0,0.0
00-0038542,2026_02_CAR_ATL,2,ATL,CAR,0,0,0,0,0,0,,16,72,0,0,-1.88170575961703,4,3,9,0,8,0.129032258064516,0,0,0,0.0,0,0,0,0,0,0,0,,0,0,0,0,11.1
00-0038543,2026_02_SEA_ARI,2,SEA,ARI,0,0,0,0,0,0,,0,0,0,0,,11,9,155,3,52,0.423076923076923,0,0,0,0.0,0,0,0,0,0,0,0,,0,0,0,0,42.5
00-0038544,2026_02_LV_LAC,2,LAC,LV,0,0,0,0,0,0,,1,7,0,0,0.318128297105432,5,1,7,0,11,0.192307692307692,0,0,0,0.0,0,0,0,0,0,0,0,,0,0,0,0,2.4
00-0038546,2026_02_CIN_HOU,2,CIN,HOU,0,0,0,0,0,0,,0,0,0,0,,0,0,0,0,0,0.0,1,0,0,0.0,0,0,0,0,0,0,0,,0,0,1,5,0.0
00-0038549,2026_02_CIN_HOU,2,CIN,HOU,0,0,0,0,0,0,,0,0,0,0,,0,0,0,0,0,0.0,4,1,0,0.0,0,0,2,0,0,0,0,,0,0,1,13,0.0
00-0038552,2026_02_JAX_DEN,2,DEN,JAX,0,0,0,0,0,0,,0,0,0,0,,0,0,0,0,0,0.0,2,0,0,0.0,0,1,3,0,0,0,0,,0,0,1,5,0.0
00-0038553,2026_02_LV_LAC,2,LAC,LV,0,0,0,0,0,0,,0,0,0,0,,0,0,0,0,0,0.0,0,3,0,0.0,0,0,0,0,0,0,0,,0,0,0,0,0.0
00-0038554,2026_02_MIA_SF,2,SF,MIA,0,0,0,0,0,0,,0,0,0,0,,0,0,0,0,0,0.0,4,9,1,0.0,0,0,0,0,0,0,0,,0,0,0,0,0.0
00-0038555,2026_02_PHI_TEN,2,PHI,TEN,0,0,0,0,0,0,,13,33,1,0,-1.73392797156703,2,2,5,0,13,0.0588235294117647,1,0,0,0.0,0,0,0,0,0,0,0,,0,0,0,0,11.8
00-0038557,2026_02_DET_BUF,2,BUF,DET,0,0,0,0,0,0,,0,0,0,0,,0,0,0,0,0,0.0,5,1,1,0.0,0,0,1,0,0,0,0,,0,0,0,0,0.0
00-0038558,2026_02_PIT_NE,2,PIT,NE,0,0,0,0,0,0,,0,0,0,0,,2,1,7,0,7,0.0540540540540541,0,0,0,0.0,0,0,0,0,0,0,0,,0,0,0,0,1.7
00-0038559,2026_02_SEA_ARI,2,ARI,SEA,0,0,0,0,0,0,,0,0,0,0,,7,2,18,0,11,0.269230769230769,0,0,0,0.0,0,0,0,0,0,0,0,,0,0,0,0,3.8
00-0038560,2026_02_CIN_HOU,2,CIN,HOU,0,0,0,0,0,0,,0,0,0,0,,0,0,0,0,0,0.0,4,4,0,0.0,0,0,1,0,0,0,0,,0,0,0,0,0.0
00-0038563,2026_02_LV_LAC,2,LV,LAC,0,0,0,0,0,0,,0,0,0,0,,7,5,119,1,2,0.241379310344828,0,0,0,0.0,0,0,0,0,0,0,0,,0,0,0,0,22.9
00-0038564,2026_02_PIT_NE,2,NE,PIT,0,0,0,0,0,0,,0,0,0,0,,0,0,0,0,0,0.0,0,1,0,0.0,0,0,0,0,0,0,0,,0,0,0,0,0.0
00-0038565,2026_02_CLE_TB,2,CLE,TB,0,0,0,0,0,0,,0,0,0,0,,0,0,0,0,0,0.0,2,0,0,0.0,0,0,1,0,0,0,0,,0,0,0,0,0.0
00-0038567,2026_02_SEA_ARI,2,ARI,SEA,0,0,0,0,0,0,,0,0,0,0,,0,0,0,0,0,0.0,0,1,0,0.0,0,0,0,0,0,0,0,,1,1,0,0,0.0
00-0038570,2026_02_JAX_DEN,2,JAX,DEN,0,0,0,0,0,0,,0,0,0,0,,0,0,0,0,0,0.0,3,4,0,0.0,0,0,0,0,0,0,0,,0,0,0,0,0.0
00-0038573,2026_02_LV_LAC,2,LAC,LV,0,0,0,0,0,0,,0,0,0,0,,1,0,0,0,0,0.0384615384615385,1,0,0,0.0,0,0,0,0,0,0,0,,0,0,0,0,0.0
00-0038574,2026_02_CLE_TB,2,CLE,TB,0,0,0,0,0,0,,0,0,0,0,,0,0,0,0,0,0.0,3,1,1,0.0,0,0,0,0,0,0,0,,0,0,0,0,0.0
00-0038577,2026_02_PIT_NE,2,PIT,NE,0,0,0,0,0,0,,0,0,0,0,,0,0,0,0,0,0.0,2,3,3,0.0,0,0,0,1,0,0,0,,0,0,0,0,0.0
00-0038578,2026_02_MIN_CHI,2,MIN,CHI,0,0,0,0,0,0,,0,0,0,0,,0,0,0,0,0,0.0,0,1,0,0.0,0,0,0,0,0,0,0,,0,0,0,0,0.0
00-0038580,2026_02_CAR_ATL,2,ATL,CAR,0,0,0,0,0,0,,0,0,0,0,,0,0,0,0,0,0.0,2,0,0,0.0,0,0,0,0,0,0,0,,0,0,0,0,0.0
00-0038596,2026_02_JAX_DEN,2,JAX,DEN,0,0,0,0,0,0,,0,0,0,0,,0,0,0,0,0,0.0,4,2,0,0.0,0,0,0,0,0,0,0,,0,0,0,0,0.0
00-0038597,2026_02_CIN_HOU,2,CIN,HOU,0,0,0,0,0,0,,20,80,0,0,-3.86972758889897,5,3,2,0,11,0.161290322580645,0,0,0,0.0,0,0,0,0,0,0,0,,0,0,0,0,11.2
00-0038605,2026_02_JAX_DEN,2,DEN,JAX,0,0,0,0,0,0,,0,0,0,0,,0,0,0,0,0,0.0,1,0,0,0.0,0,0,0,0,0,0,0,,0,0,1,5,0.0
00-0038606,2026_02_JAX_DEN,2,JAX,DEN,0,0,0,0,0,0,,0,0,0,0,,12,7,98,0,5,0.428571428571429,1,0,0,0.0,0,0,0,0,0,0,0,,0,0,1,5,16.8
00-0038608,2026_02_CIN_HOU,2,HOU,CIN,0,0,0,0,0,0,,0,0,0,0,,5,3,37,0,2,0.1,0,0,0,0.0,0,0,0,0,0,0,0,,0,0,0,0,6.7
00-0038611,2026_02_JAX_DEN,2,JAX,DEN,0,0,0,0,0,0,,6,13,0,0,-0.649777775222901,0,0,0,0,0,0.0,0,0,0,0.0,0,0,0,0,0,0,0,,0,0,0,0,1.3
00-0038618,2026_02_CIN_HOU,2,HOU,CIN,0,0,0,0,0,0,,0,0,0,0,,9,3,37,0,12,0.18,0,0,0,0.0,0,0,0,0,0,0,0,,0,0,0,0,6.7
00-0038619,2026_02_CIN_HOU,2,CIN,HOU,0,0,0,0,0,0,,0,0,0,0,,1,1,7,0,1,0.032258064516129,0,0,0,0.0,0,0,0,0,0,0,0,,0,0,0,0,1.7
00-0038620,2026_02_PHI_TEN,2,TEN,PHI,0,0,0,0,0,0,,0,0,0,0,,0,0,0,0,0,0.0,0,1,0,0.0,0,0,0,0,0,0,0,,0,0,0,0,0.0
00-0038621,2026_02_PIT_NE,2,NE,PIT,0,0,0,0,0,0,,0,0,0,0,,2,1,9,0,4,0.0952380952380952,0,0,0,0.0,0,0,0,0,0,0,0,,0,0,0,0,1.9
00-0038623,2026_02_SEA_ARI,2,ARI,SEA,0,0,0,0,0,0,,0,0,0,0,,0,0,0,0,0,0.0,2,5,0,0.0,0,0,0,0,0,0,0,,0,0,0,0,0.0
00-0038625,2026_02_WAS_DAL,2,DAL,WAS,0,0,0,0,0,0,,0,0,0,0,,0,0,0,0,0,0.0,7,2,1,0.0,0,0,0,0,0,0,0,,0,0,0,0,0.0
00-0038640,2026_02_SEA_ARI,2,ARI,SEA,0,0,0,0,0,0,,0,0,0,0,,0,0,0,0,0,0.0,0,0,0,0.0,0,0,0,0,0,0,0,,0,0,0,0,0.0
00-0038642,2026_02_CIN_HOU,2,CIN,HOU,0,0,0,0,0,0,,0,0,0,0,,0,0,0,0,0,0.0,1,1,0,0.0,0,0,0,0,0,0,0,,0,0,0,0,0.0
00-0038643,2026_02_MIA_SF,2,SF,MIA,0,0,0,0,0,0,,0,0,0,0,,0,0,0,0,0,0.0,1,1,0,0.0,0,0,0,0,0,0,0,,0,0,0,0,0.0
00-0038645,2026_02_PIT_NE,2,PIT,NE,0,0,0,0,0,0,,0,0,0,0,,0,0,0,0,0,0.0,0,0,0,0.0,0,0,0,0,0,0,0,,0,0,1,10,0.0
00-0038653,2026_02_PIT_NE,2,NE,PIT,0,0,0,0,0,0,,0,0,0,0,,0,0,0,0,0,0.0,0,2,0,0.0,0,0,0,0,0,0,0,,0,0,0,0,0.0
00-0038660,2026_02_DET_BUF,2,DET,BUF,0,0,0,0,0,0,,0,0,0,0,,0,0,0,0,0,0.0,1,1,0,0.0,1,0,0,0,0,0,0,,0,0,0,0,0.0
00-0038685,2026_02_GB_NYJ,2,GB,NYJ,0,0,0,0,0,0,,4,11,0,0,-1.03291736432584,2,1,15,0,19,0.0689655172413793,0,0,0,0.0,0,0,0,0,0,0,0,,0,0,0,0,3.6
00-0038705,2026_02_WAS_DAL,2,DAL,WAS,0,0,0,0,0,0,,3,8,0,0,-0.826654769887682,0,0,0,0,0,0.0,0,0,0,0.0,0,0,0,0,0,0,0,,0,0,0,0,0.8
00-0038710,2026_02_CLE_TB,2,CLE,TB,0,0,0,0,0,0,,0,0,0,0,,2,1,17,1,14,0.0666666666666667,0,0,0,0.0,0,0,0,0,0,0,0,,0,0,1,10,8.7
00-0038715,2026_02_CLE_TB,2,CLE,TB,0,0,0,0,0,0,,0,0,0,0,,0,0,0,0,0,0.0,1,2,0,1.0,1,0,0,0,0,0,0,,0,0,0,0,0.0
00-0038728,2026_02_CIN_HOU,2,HOU,CIN,0,0,0,0,0,0,,0,0,0,0,,7,2,33,0,17,0.14,0,0,0,0.0,0,0,0,0,0,0,0,,0,0,1,10,5.3
00-0038738,2026_02_WAS_DAL,2,DAL,WAS,0,0,0,0,0,0,,1,1,0,0,0.293010244495235,0,0,0,0,0,0.0,0,2,0,0.0,0,0,0,0,0,0,0,,0,0,0,0,0.1
00-0038742,2026_02_WAS_DAL,2,DAL,WAS,0,0,0,0,0,0,,0,0,0,0,,0,0,0,0,0,0.0,1,1,0,0.0,0,0,0,0,0,0,0,,0,0,0,0,0.0
00-0038778,2026_02_MIN_CHI,2,MIN,CHI,0,0,0,0,0,0,,0,0,0,0,,0,0,0,0,0,0.0,2,2,0,0.0,0,0,1,1,0,0,0,,0,0,0,0,0.0
00-0038783,2026_02_JAX_DEN,2,DEN,JAX,0,0,0,0,0,0,,1,6,0,0,0.32031120127067,3,3,32,1,8,0.103448275862069,0,0,0,0.0,0,0,0,0,0,0,0,,0,0,0,0,12.8
00-0038791,2026_02_CAR_ATL,2,CAR,ATL,0,0,0,0,0,0,,0,0,0,0,,0,0,0,0,0,0.0,1,1,0,0.0,0,0,0,0,0,0,0,,0,0,0,0,0.0
00-0038794,2026_02_CLE_TB,2,CLE,TB,0,0,0,0,0,0,,1,3,0,0,-0.121203893329948,1,0,0,0,0,0.0333333333333333,0,0,0,0.0,0,0,0,0,0,0,0,,0,0,0,0,0.3
00-0038797,2026_02_SEA_ARI,2,SEA,ARI,0,0,0,0,0,0,,21,92,0,0,-3.89694649027661,1,0,0,0,0,0.0384615384615385,0,0,0,0.0,0,0,0,0,0,0,0,,0,0,0,0,9.2
00-0038807,2026_02_MIN_CHI,2,MIN,CHI,0,0,0,0,0,0,,0,0,0,0,,0,0,0,0,0,0.0,0,3,0,0.0,0,0,0,0,0,0,0,,0,0,0,0,0.0
00-0038820,2026_02_DET_BUF,2,DET,BUF,0,0,0,0,0,0,,0,0,0,0,,0,0,0,0,0,0.0,2,1,0,0.0,0,0,0,0,0,0,0,,0,0,0,0,0.0
00-0038824,2026_02_MIA_SF,2,MIA,SF,0,0,0,0,0,0,,0,0,0,0,,1,1,77,1,36,0.0434782608695652,0,0,0,0.0,0,0,0,0,0,0,0,,0,0,0,0,14.7
00-0038840,2026_02_CAR_ATL,2,CAR,ATL,0,0,0,0,0,0,,0,0,0,0,,0,0,0,0,0,0.0,1,0,0,0.0,0,0,0,0,0,0,0,,0,0,0,0,0.0
00-0038866,2026_02_SEA_ARI,2,SEA,ARI,0,0,0,0,0,0,,0,0,0,0,,0,0,0,0,0,0.0,1,0,0,0.0,0,0,0,0,0,0,0,,0,0,0,0,0.0
00-0038896,2026_02_DET_BUF,2,DET,BUF,0,0,0,0,0,0,,0,0,0,0,,0,0,0,0,0,0.0,1,0,0,0.0,0,0,0,0,0,0,0,,0,0,0,0,0.0
00-0038922,2026_02_SEA_ARI,2,SEA,ARI,0,0,0,0,0,0,,0,0,0,0,,0,0,0,0,0,0.0,6,1,1,0.0,0,0,0,0,0,0,0,,0,0,0,0,0.0
00-0038933,2026_02_DET_BUF,2,BUF,DET,0,0,0,0,0,0,,0,0,0,0,,8,7,95,1,39,0.285714285714286,0,0,0,0.0,0,0,0,0,0,0,0,,0,0,0,0,22.5
00-0038935,2026_02_JAX_DEN,2,JAX,DEN,0,0,0,0,0,0,,0,0,0,0,,2,2,17,0,0,0.0714285714285714,0,0,0,0.0,0,0,0,0,0,0,0,,0,0,0,0,3.7
00-0038936,2026_02_DET_BUF,2,DET,BUF,0,0,0,0,0,0,,0,0,0,0,,0,0,0,0,0,0.0,0,0,0,0.0,0,0,0,0,0,0,0,,0,0,1,4,0.0
00-0038940,2026_02_DET_BUF,2,DET,BUF,0,0,0,0,0,0,,0,0,0,0,,0,0,0,0,0,0.0,1,1,0,0.0,0,0,0,0,0,0,0,,0,0,1,15,0.0
00-0038980,2026_02_CAR_ATL,2,ATL,CAR,0,0,0,0,0,0,,0,0,0,0,,0,0,0,0,0,0.0,1,1,0,0.0,0,0,0,0,0,0,0,,0,0,0,0,0.0
00-0038984,2026_02_SEA_ARI,2,ARI,SEA,0,0,0,0,0,0,,0,0,0,0,,0,0,0,0,0,0.0,1,1,0,0.0,0,0,0,0,0,0,0,,0,0,1,4,0.0
00-0038986,2026_02_NYG_LA,2,NYG,LA,0,0,0,0,0,0,,0,0,0,0,,0,0,0,0,0,0.0,1,1,0,0.0,0,0,0,0,0,0,0,,0,0,0,0,0.0
00-0038994,2026_02_MIN_CHI,2,MIN,CHI,0,0,0,0,0,0,,0,0,0,0,,5,2,21,0,8,0.263157894736842,0,0,0,0.0,0,0,0,0,0,0,0,,0,0,0,0,4.1
00-0038996,2026_02_GB_NYJ,2,GB,NYJ,0,0,0,0,0,0,,0,0,0,0,,3,2,15,0,12,0.103448275862069,0,0,0,0.0,0,0,0,0,0,0,0,,0,0,1,10,3.5
00-0038997,2026_02_IND_KC,2,IND,KC,0,0,0,0,0,0,,0,0,0,0,,9,7,72,0,22,0.3,0,0,0,0.0,0,0,0,0,0,0,0,,0,0,0,0,14.2
00-0039001,2026_02_PHI_TEN,2,PHI,TEN,0,0,0,0,0,0,,0,0,0,0,,0,0,0,0,0,0.0,0,0,0,0.0,0,0,0,0,0,0,0,,0,0,1,10,0.0
00-0039002,2026_02_CAR_ATL,2,ATL,CAR,0,0,0,0,0,0,,0,0,0,0,,0,0,0,0,0,0.0,2,1,0,0.0,0,0,0,0,0,0,0,,0,0,0,0,0.0
00-0039006,2026_02_IND_KC,2,KC,IND,0,0,0,0,0,0,,0,0,0,0,,0,0,0,0,0,0.0,0,0,0,0.0,2,0,0,0,0,0,0,,0,0,0,0,0.0
00-0039013,2026_02_PHI_TEN,2,PHI,TEN,0,0,0,0,0,0,,0,0,0,0,,0,0,0,0,0,0.0,2,1,2,1.0,1,0,0,0,0,0,0,,0,0,0,0,0.0
00-0039018,2026_02_DET_BUF,2,DET,BUF,0,0,0,0,0,0,,0,0,0,0,,0,0,0,0,0,0.0,2,4,0,0.0,1,0,0,0,0,0,0,,0,0,1,2,0.0
00-0039032,2026_02_PHI_TEN,2,TEN,PHI,0,0,0,0,0,0,,7,41,0,0,1.22764707834882,2,2,29,0,28,0.117647058823529,0,0,0,0.0,0,0,0,0,0,0,0,,0,0,0,0,9.0
00-0039040,2026_02_MIA_SF,2,MIA,SF,0,0,0,0,0,0,,20,74,0,0,-3.88305821351392,6,3,19,0,15,0.260869565217391,0,0,0,0.0,0,0,0,0,0,0,0,,0,0,0,0,12.3
00-0039041,2026_02_SEA_ARI,2,ARI,SEA,0,0,0,0,0,0,,0,0,0,0,,0,0,0,0,0,0.0,1,0,0,0.0,0,0,0,1,0,0,0,,0,0,0,0,0.0
00-0039047,2026_02_SEA_ARI,2,SEA,ARI,0,0,0,0,0,0,,0,0,0,0,,0,0,0,0,0,0.0,0,1,0,0.0,3,0,0,0,0,0,0,,0,0,0,0,0.0
00-0039049,2026_02_CLE_TB,2,TB,CLE,0,0,0,0,0,0,,0,0,0,0,,0,0,0,0,0,0.0,0,1,0,0.0,0,0,0,0,0,0,0,,0,0,0,0,0.0
00-0039059,2026_02_NYG_LA,2,LA,NYG,0,0,0,0,0,0,,0,0,0,0,,0,0,0,0,0,0.0,0,0,0,0.0,0,0,0,0,0,0,0,,0,0,0,0,0.0
00-0039061,2026_02_NYG_LA,2,LA,NYG,0,0,0,0,0,0,,0,0,0,0,,0,0,0,0,0,0.0,0,1,0,0.0,1,0,0,0,0,0,0,,0,0,0,0,0.0
00-0039063,2026_02_CLE_TB,2,TB,CLE,0,0,0,0,0,0,,0,0,0,0,,0,0,0,0,0,0.0,1,0,0,0.0,0,0,0,0,0,0,0,,0,0,1,5,0.0
00-0039065,2026_02_DET_BUF,2,DET,BUF,0,0,0,0,0,0,,0,0,0,0,,7,6,52,1,38,0.184210526315789,0,0,0,0.0,0,0,0,0,0,0,0,,0,0,0,0,17.2
00-0039066,2026_02_LV_LAC,2,LV,LAC,0,0,0,0,0,0,,0,0,0,0,,4,3,23,0,17,0.137931034482759,0,0,0,0.0,0,0,0,0,0,0,0,,0,0,1,5,5.3
00-0039067,2026_02_IND_KC,2,KC,IND,0,0,0,0,0,0,,0,0,0,0,,6,4,83,0,51,0.13953488372093,0,0,0,0.0,0,0,0,0,0,0,0,,0,0,0,0,12.3
00-0039068,2026_02_CLE_TB,2,TB,CLE,0,0,0,0,0,0,,0,0,0,0,,0,0,0,0,0,0.0,1,2,1,0.0,1,0,1,0,0,0,0,,0,0,1,15,0.0
00-0039070,2026_02_CAR_ATL,2,ATL,CAR,0,0,0,0,0,0,,0,0,0,0,,0,0,0,0,0,0.0,0,2,0,0.5,1,0,1,0,0,0,0,,0,0,1,3,0.0
00-0039071,2026_02_MIN_CHI,2,CHI,MIN,0,0,0,0,0,0,,0,0,0,0,,0,0,0,0,0,0.0,2,2,1,0.0,0,0,1,0,0,0,0,,0,0,1,5,0.0
00-0039074,2026_02_NYG_LA,2,LA,NYG,0,0,0,0,0,0,,0,0,0,0,,1,1,7,0,5,0.0333333333333333,0,0,0,0.0,0,0,0,0,0,0,0,,0,0,0,0,1.7
00-0039108,2026_02_CIN_HOU,2,HOU,CIN,0,0,0,0,0,0,,0,0,0,0,,0,0,0,0,0,0.0,3,4,3,1.0,2,0,1,0,0,0,0,,0,0,0,0,0.0
00-0039110,2026_02_PIT_NE,2,PIT,NE,0,0,0,0,0,0,,0,0,0,0,,0,0,0,0,0,0.0,0,3,0,0.0,0,0,0,0,0,0,0,,0,0,1,15,0.0
00-0039111,2026_02_LV_LAC,2,LAC,LV,0,0,0,0,0,0,,0,0,0,0,,0,0,0,0,0,0.0,0,1,0,0.0,1,0,0,0,0,0,0,,0,0,0,0,0.0
00-0039112,2026_02_GB_NYJ,2,GB,NYJ,0,0,0,0,0,0,,0,0,0,0,,0,0,0,0,0,0.0,5,3,3,1.5,4,0,0,0,0,0,0,,0,0,1,6,0.0
00-0039137,2026_02_NYG_LA,2,LA,NYG,0,0,0,0,0,0,,0,0,0,0,,0,0,0,0,0,0.0,3,2,1,1.0,3,0,0,0,0,0,0,,0,0,0,0,0.0
00-0039138,2026_02_NYG_LA,2,LA,NYG,0,0,0,0,0,0,,0,0,0,0,,0,0,0,0,0,0.0,1,3,0,0.0,1,0,0,0,0,0,0,,0,0,0,0,0.0
00-0039139,2026_02_DET_BUF,2,DET,BUF,0,0,0,0,0,0,,16,52,0,0,-2.52241259950717,8,6,61,1,28,0.210526315789474,0,0,0,0.0,0,0,0,0,0,0,0,,0,0,0,0,23.3
00-0039145,2026_02_GB_NYJ,2,NYJ,GB,0,0,0,0,0,0,,0,0,0,0,,0,0,0,0,0,0.0,0,0,0,0.0,0,0,0,0,0,0,0,,0,0,1,5,0.0
00-0039146,2026_02_GB_NYJ,2,GB,NYJ,0,0,0,0,0,0,,0,0,0,0,,1,1,4,0,9,0.0344827586206897,0,0,0,0.0,0,0,0,0,0,0,0,,0,0,0,0,1.4
00-0039147,2026_02_PIT_NE,2,NE,PIT,0,0,0,0,0,0,,0,0,0,0,,0,0,0,0,0,0.0,3,1,0,0.0,0,0,2,0,0,0,0,,0,0,0,0,0.0
00-0039148,2026_02_MIA_SF,2,SF,MIA,0,0,0,0,0,0,,0,0,0,0,,0,0,0,0,0,0.0,1,1,1,1.0,1,0,0,0,0,0,0,,0,0,1,15,0.0
00-0039149,2026_02_WAS_DAL,2,WAS,DAL,0,0,0,0,0,0,,0,0,0,0,,0,0,0,0,0,0.0,1,1,0,0.0,0,0,0,0,0,0,0,,0,0,0,0,0.0
00-0039150,2026_02_CAR_ATL,2,CAR,ATL,23,36,287,3,0,2,11.0700347998962,1,6,0,0,1.07953948574141,0,0,0,0,0,0.0,0,0,0,0.0,0,0,0,0,0,0,0,,0,0,0,0,24.08
00-0039151,2026_02_NYG_LA,2,LA,NYG,0,0,0,0,0,0,,0,0,0,0,,0,0,0,0,0,0.0,0,0,0,0.0,0,0,1,0,0,0,0,,0,0,0,0,0.0
00-0039156,2026_02_MIA_SF,2,MIA,SF,0,0,0,0,0,0,,0,0,0,0,,0,0,0,0,0,0.0,1,1,0,0.0,0,0,0,0,0,0,0,,0,0,1,5,0.0
00-0039163,2026_02_CIN_HOU,2,HOU,CIN,30,55,353,0,0,4,-6.35923937652331,3,29,0,0,2.23739480413497,0,0,0,0,0,0.0,0,0,0,0.0,0,0,0,0,0,0,0,,0,0,1,13,17.02
00-0039169,2026_02_SEA_ARI,2,SEA,ARI,0,0,0,0,0,0,,0,0,0,0,,0,0,0,0,0,0.0,4,4,1,0.0,0,0,0,0,0,0,0,,0,0,0,0,0.0
00-0039172,2026_02_DET_BUF,2,DET,BUF,0,0,0,0,0,0,,0,0,0,0,,0,0,0,0,0,0.0,0,0,0,0.0,0,0,0,0,0,1,1,31.0,4,4,0,0,0.0
00-0039176,2026_02_NYG_LA,2,NYG,LA,0,0,0,0,0,0,,0,0,0,0,,0,0,0,0,0,0.0,0,1,0,0.0,0,0,0,0,0,0,0,,0,0,0,0,0.0
00-0039232,2026_02_NO_BAL,2,BAL,NO,0,0,0,0,0,0,,0,0,0,0,,0,0,0,0,0,0.0,3,3,0,0.0,0,0,0,0,0,0,0,,0,0,0,0,0.0
00-0039233,2026_02_NO_BAL,2,BAL,NO,0,0,0,0,0,0,,0,0,0,0,,0,0,0,0,0,0.0,0,0,0,0.0,0,0,0,0,0,0,0,,0,0,1,5,0.0
00-0039272,2026_02_GB_NYJ,2,GB,NYJ,0,0,0,0,0,0,,0,0,0,0,,0,0,0,0,0,0.0,0,0,0,0.0,0,0,0,0,0,0,0,,0,0,0,0,0.0
00-0039284,2026_02_GB_NYJ,2,NYJ,GB,0,0,0,0,0,0,,0,0,0,0,,0,0,0,0,0,0.0,1,2,0,0.0,0,0,0,0,0,0,0,,0,0,1,10,0.0
00-0039299,2026_02_SEA_ARI,2,SEA,ARI,0,0,0,0,0,0,,4,13,0,0,2.174646490952,1,1,2,0,6,0.0384615384615385,1,0,0,0.0,0,0,0,0,0,0,0,,0,0,0,0,2.5
00-0039309,2026_02_SEA_ARI,2,SEA,ARI,0,0,0,0,0,0,,0,0,0,0,,0,0,0,0,0,0.0,0,2,0,0.0,0,0,0,0,0,0,0,,0,0,0,0,0.0
00-0039323,2026_02_CIN_HOU,2,CIN,HOU,0,0,0,0,0,0,,0,0,0,0,,0,0,0,0,0,0.0,0,0,0,0.0,0,0,0,0,0,0,0,,0,0,0,0,0.0
00-0039324,2026_02_IND_KC,2,KC,IND,0,0,0,0,0,0,,0,0,0,0,,0,0,0,0,0,0.0,1,0,0,0.0,0,0,0,0,0,0,0,,0,0,1,5,0.0
00-0039337,2026_02_NYG_LA,2,NYG,LA,0,0,0,0,0,0,,0,0,0,0,,4,1,1,0,4,0.125,0,0,0,0.0,0,0,0,0,0,0,0,,0,0,0,0,1.1
00-0039340,2026_02_IND_KC,2,IND,KC,0,0,0,0,0,0,,0,0,0,0,,0,0,0,0,0,0.0,2,2,0,0.0,0,0,0,0,0,0,0,,0,0,0,0,0.0
00-0039342,2026_02_CAR_ATL,2,CAR,ATL,0,0,0,0,0,0,,0,0,0,0,,4,2,64,0,10,0.125,0,0,0,0.0,0,0,0,0,0,0,0,,0,0,0,0,8.4
00-0039343,2026_02_CIN_HOU,2,HOU,CIN,0,0,0,0,0,0,,0,0,0,0,,0,0,0,0,0,0.0,4,1,1,0.0,0,0,0,0,0,0,0,,0,0,0,0,0.0
00-0039344,2026_02_CAR_ATL,2,CAR,ATL,0,0,0,0,0,0,,5,16,0,0,-0.829961235518567,1,1,-5,0,1,0.03125,0,0,0,0.0,0,0,0,0,0,0,0,,0,0,0,0,2.1
00-0039345,2026_02_MIA_SF,2,SF,MIA,0,0,0,0,0,0,,0,0,0,0,,0,0,0,0,0,0.0,1,1,0,0.0,0,0,0,0,0,0,0,,0,0,0,0,0.0
00-0039349,2026_02_LV_LAC,2,LV,LAC,0,0,0,0,0,0,,0,0,0,0,,0,0,0,0,0,0.0,0,0,0,0.0,0,0,0,0,0,0,0,,0,0,1,10,0.0
00-0039353,2026_02_JAX_DEN,2,JAX,DEN,0,0,0,0,0,0,,0,0,0,0,,0,0,0,0,0,0.0,1,1,0,0.0,0,0,1,0,0,0,0,,0,0,0,0,0.0
00-0039360,2026_02_MIA_SF,2,SF,MIA,0,0,0,0,0,0,,0,0,0,0,,0,0,0,0,0,0.0,0,1,0,0.0,0,0,0,0,0,0,0,,0,0,0,0,0.0
00-0039361,2026_02_CLE_TB,2,TB,CLE,0,0,0,0,0,0,,17,89,0,0,-0.138937112234999,4,4,1,0,23,0.121212121212121,0,0,0,0.0,0,0,0,0,0,0,0,,0,0,0,0,13.0
00-0039364,2026_02_DET_BUF,2,DET,BUF,0,0,0,0,0,0,,1,7,0,0,0.509084439836443,1,1,13,0,12,0.0263157894736842,0,0,0,0.0,0,0,0,0,0,0,0,,0,0,0,0,3.0
00-0039365,2026_02_MIA_SF,2,SF,MIA,0,0,0,0,0,0,,0,0,0,0,,0,0,0,0,0,0.0,0,0,0,0.0,0,0,0,0,0,0,0,,0,0,0,0,0.0
00-0039366,2026_02_LV_LAC,2,LAC,LV,0,0,0,0,0,0,,0,0,0,0,,0,0,0,0,0,0.0,0,2,0,0.0,0,0,0,0,0,0,0,,0,0,0,0,0.0
00-0039369,2026_02_LV_LAC,2,LAC,LV,0,0,0,0,0,0,,0,0,0,0,,0,0,0,0,0,0.0,3,1,0,0.0,0,1,2,0,0,0,0,,0,0,1,5,0.0
00-0039371,2026_02_JAX_DEN,2,DEN,JAX,0,0,0,0,0,0,,0,0,0,0,,0,0,0,0,0,0.0,0,0,0,0.0,0,0,0,0,0,0,0,,0,0,0,0,0.0
00-0039372,2026_02_GB_NYJ,2,NYJ,GB,0,0,0,0,0,0,,0,0,0,0,,0,0,0,0,0,0.0,1,1,0,0.0,0,0,0,0,0,0,0,,0,0,1,15,0.0
00-0039374,2026_02_LV_LAC,2,LV,LAC,0,0,0,0,0,0,,0,0,0,0,,0,0,0,0,0,0.0,1,2,0,0.0,0,0,0,0,0,0,0,,0,0,0,0,0.0
00-0039377,2026_02_IND_KC,2,IND,KC,0,0,0,0,0,0,,0,0,0,0,,0,0,0,0,0,0.0,3,3,0,0.0,0,0,0,0,0,0,0,,0,0,0,0,0.0
00-0039384,2026_02_NYG_LA,2,NYG,LA,0,0,0,0,0,0,,0,0,0,0,,0,0,0,0,0,0.0,0,1,0,0.0,0,0,0,0,0,0,0,,0,0,0,0,0.0
00-0039391,2026_02_LV_LAC,2,LAC,LV,0,0,0,0,0,0,,0,0,0,0,,0,0,0,0,0,0.0,1,0,0,0.0,0,0,0,0,0,0,0,,0,0,0,0,0.0
00-0039395,2026_02_CIN_HOU,2,HOU,CIN,0,0,0,0,0,0,,0,0,0,0,,0,0,0,0,0,0.0,0,1,0,0.0,0,0,0,0,0,0,0,,0,0,1,5,0.0
00-0039404,2026_02_MIN_CHI,2,MIN,CHI,0,0,0,0,0,0,,0,0,0,0,,0,0,0,0,0,0.0,0,0,0,0.0,0,0,0,0,0,3,3,49.0,0,0,0,0,0.0
00-0039406,2026_02_CLE_TB,2,CLE,TB,0,0,0,0,0,0,,0,0,0,0,,0,0,0,0,0,0.0,1,0,0,0.0,0,0,0,0,0,0,0,,0,0,0,0,0.0
00-0039407,2026_02_LV_LAC,2,LV,LAC,0,0,0,0,0,0,,0,0,0,0,,0,0,0,0,0,0.0,0,0,0,0.0,0,0,0,0,0,0,0,,0,0,0,0,0.0
00-0039409,2026_02_JAX_DEN,2,JAX,DEN,0,0,0,0,0,0,,0,0,0,0,,0,0,0,0,0,0.0,0,0,0,0.0,0,0,0,0,0,2,3,44.0,1,1,0,0,0.0
00-0039410,2026_02_WAS_DAL,2,DAL,WAS,0,0,0,0,0,0,,0,0,0,0,,6,5,23,0,16,0.193548387096774,0,0,0,0.0,0,0,0,0,0,0,0,,0,0,0,0,7.3
00-0039412,2026_02_WAS_DAL,2,WAS,DAL,0,0,0,0,0,0,,0,0,0,0,,0,0,0,0,0,0.0,1,1,0,0.0,0,0,0,0,0,0,0,,0,0,0,0,0.0
00-0039417,2026_02_CLE_TB,2,CLE,TB,0,0,0,0,0,0,,0,0,0,0,,0,0,0,0,0,0.0,2,3,0,0.0,0,1,2,0,0,0,0,,0,0,0,0,0.0
00-0039421,2026_02_MIN_CHI,2,MIN,CHI,0,0,0,0,0,0,,0,0,0,0,,0,0,0,0,0,0.0,0,2,0,0.0,0,0,0,0,0,0,0,,0,0,0,0,0.0
00-0039423,2026_02_LV_LAC,2,LV,LAC,0,0,0,0,0,0,,0,0,0,0,,0,0,0,0,0,0.0,1,0,0,0.0,1,0,0,0,0,0,0,,0,0,0,0,0.0
00-0039424,2026_02_NO_BAL,2,NO,BAL,0,0,0,0,0,0,,0,0,0,0,,7,5,64,0,13,0.21875,0,0,0,0.0,0,0,0,0,0,0,0,,0,0,0,0,11.4
00-0039431,2026_02_GB_NYJ,2,NYJ,GB,0,0,0,0,0,0,,0,0,0,0,,0,0,0,0,0,0.0,1,3,0,1.0,0,0,0,1,0,0,0,,0,0,0,0,0.0
00-0039451,2026_02_GB_NYJ,2,NYJ,GB,0,0,0,0,0,0,,1,14,0,0,0.842949120677076,6,6,34,0,32,0.166666666666667,0,0,0,0.0,0,0,0,0,0,0,0,,0,0,3,20,10.8
00-0039491,2026_02_CAR_ATL,2,CAR,ATL,0,0,0,0,0,0,,0,0,0,0,,9,8,66,0,21,0.28125,0,0,0,0.0,0,0,0,0,0,0,0,,0,0,0,0,14.6
00-0039498,2026_02_NYG_LA,2,LA,NYG,0,0,0,0,0,0,,0,0,0,0,,0,0,0,0,0,0.0,0,1,0,0.0,0,0,0,0,0,0,1,,4,4,0,0,0.0
00-0039515,2026_02_CLE_TB,2,CLE,TB,0,0,0,0,0,0,,0,0,0,0,,0,0,0,0,0,0.0,1,0,0,0.0,0,0,0,0,0,0,0,,0,0,0,0,0.0
00-0039530,2026_02_WAS_DAL,2,DAL,WAS,0,0,0,0,0,0,,0,0,0,0,,0,0,0,0,0,0.0,2,1,0,0.0,0,0,0,0,0,0,0,,0,0,0,0,0.0
00-0039532,2026_02_MIA_SF,2,MIA,SF,0,0,0,0,0,0,,0,0,0,0,,0,0,0,0,0,0.0,0,1,0,0.0,0,0,0,0,0,0,0,,0,0,0,0,0.0
00-0039576,2026_02_IND_KC,2,IND,KC,0,0,0,0,0,0,,0,0,0,0,,0,0,0,0,0,0.0,0,0,0,0.0,0,0,0,0,0,3,3,49.0,3,3,0,0,0.0
00-0039589,2026_02_CLE_TB,2,TB,CLE,0,0,0,0,0,0,,0,0,0,0,,0,0,0,0,0,0.0,2,0,0,0.0,0,0,0,0,0,0,0,,0,0,0,0,0.0
00-0039603,2026_02_CIN_HOU,2,HOU,CIN,0,0,0,0,0,0,,0,0,0,0,,0,0,0,0,0,0.0,0,1,0,0.0,0,0,0,0,0,0,0,,0,0,0,0,0.0
00-0039632,2026_02_CIN_HOU,2,CIN,HOU,0,0,0,0,0,0,,0,0,0,0,,0,0,0,0,0,0.0,0,2,0,0.0,0,0,0,0,0,0,0,,0,0,0,0,0.0
00-0039634,2026_02_GB_NYJ,2,NYJ,GB,0,0,0,0,0,0,,0,0,0,0,,0,0,0,0,0,0.0,0,0,0,0.0,0,0,0,0,0,0,0,,0,0,0,0,0.0
00-0039660,2026_02_DET_BUF,2,DET,BUF,0,0,0,0,0,0,,0,0,0,0,,0,0,0,0,0,0.0,2,0,0,0.0,0,0,1,0,0,0,0,,0,0,0,0,0.0
00-0039686,2026_02_WAS_DAL,2,WAS,DAL,0,0,0,0,0,0,,0,0,0,0,,1,1,14,0,10,0.0294117647058824,0,1,0,0.0,0,0,0,0,0,0,0,,0,0,0,0,2.4
00-0039718,2026_02_MIN_CHI,2,MIN,CHI,0,0,0,0,0,0,,0,0,0,0,,0,0,0,0,0,0.0,1,0,0,0.0,0,0,0,0,0,0,0,,0,0,0,0,0.0
00-0039725,2026_02_NO_BAL,2,NO,BAL,0,0,0,0,0,0,,0,0,0,0,,0,0,0,0,0,0.0,0,0,0,0.0,0,0,0,0,0,0,0,,0,0,0,0,0.0
00-0039731,2026_02_PHI_TEN,2,TEN,PHI,0,0,0,0,0,0,,0,0,0,0,,0,0,0,0,0,0.0,0,0,0,0.0,0,0,0,0,0,0,0,,0,0,2,10,0.0
00-0039732,2026_02_JAX_DEN,2,DEN,JAX,22,31,288,1,1,0,8.43086637615208,5,6,0,0,-2.09934482583776,0,0,0,0,0,0.0,0,0,0,0.0,0,0,0,0,0,0,0,,0,0,0,0,14.12
00-0039734,2026_02_NYG_LA,2,LA,NYG,0,0,0,0,0,0,,0,0,0,0,,0,0,0,0,0,0.0,0,0,0,0.0,1,0,0,0,0,0,0,,0,0,1,5,0.0
00-0039738,2026_02_NYG_LA,2,LA,NYG,0,0,0,0,0,0,,12,79,0,0,2.30068487708923,1,1,13,0,19,0.0333333333333333,0,0,0,0.0,0,0,0,0,0,0,0,,0,0,0,0,10.2
00-0039739,2026_02_PIT_NE,2,PIT,NE,0,0,0,0,0,0,,0,0,0,0,,6,5,28,0,22,0.162162162162162,0,0,0,0.0,0,0,0,0,0,0,0,,0,0,0,0,7.8
00-0039740,2026_02_PHI_TEN,2,PHI,TEN,0,0,0,0,0,0,,0,0,0,0,,0,0,0,0,0,0.0,5,0,1,0.0,1,0,0,0,0,0,0,,0,0,0,0,0.0
00-0039741,2026_02_PIT_NE,2,PIT,NE,0,0,0,0,0,0,,0,0,0,0,,0,0,0,0,0,0.0,4,2,1,0.0,0,0,0,0,0,0,0,,0,0,1,15,0.0
00-0039745,2026_02_MIN_CHI,2,CHI,MIN,0,0,0,0,0,0,,0,0,0,0,,0,0,0,0,0,0.0,0,0,0,0.0,0,0,0,0,0,0,0,,0,0,0,0,0.0
00-0039746,2026_02_PHI_TEN,2,PHI,TEN,0,0,0,0,0,0,,7,24,0,0,-1.49889478209661,2,2,5,0,5,0.0588235294117647,0,0,0,0.0,0,0,0,0,0,0,0,,0,0,0,0,4.9
00-0039752,2026_02_CIN_HOU,2,CIN,HOU,0,0,0,0,0,0,,0,0,0,0,,0,0,0,0,0,0.0,3,1,2,2.0,2,0,0,0,0,0,0,,0,0,1,10,0.0
00-0039770,2026_02_PIT_NE,2,NE,PIT,0,0,0,0,0,0,,0,0,0,0,,0,0,0,0,0,0.0,8,2,0,0.0,0,0,1,0,0,0,0,,0,0,0,0,0.0
00-0039772,2026_02_NYG_LA,2,LA,NYG,0,0,0,0,0,0,,0,0,0,0,,0,0,0,0,0,0.0,3,0,0,0.0,0,0,0,0,0,0,0,,0,0,1,5,0.0
00-0039774,2026_02_NYG_LA,2,LA,NYG,0,0,0,0,0,0,,0,0,0,0,,0,0,0,0,0,0.0,1,4,0,0.0,0,0,0,0,0,0,0,,0,0,0,0,0.0
00-0039776,2026_02_NYG_LA,2,LA,NYG,0,0,0,0,0,0,,0,0,0,0,,0,0,0,0,0,0.0,0,1,0,0.0,1,0,0,0,0,0,0,,0,0,0,0,0.0
00-0039789,2026_02_GB_NYJ,2,NYJ,GB,0,0,0,0,0,0,,0,0,0,0,,0,0,0,0,0,0.0,0,0,0,0.0,0,0,0,0,0,0,0,,0,0,1,10,0.0
00-0039792,2026_02_NO_BAL,2,BAL,NO,0,0,0,0,0,0,,0,0,0,0,,2,1,47,0,1,0.0689655172413793,0,0,0,0.0,0,0,0,0,0,0,0,,0,0,0,0,5.7
00-0039793,2026_02_SEA_ARI,2,SEA,ARI,0,0,0,0,0,0,,1,1,1,0,2.46090677328175,1,1,8,0,0,0.0384615384615385,0,0,0,0.0,0,0,0,0,0,0,0,,0,0,0,0,7.9
00-0039794,2026_02_GB_NYJ,2,NYJ,GB,0,0,0,0,0,0,,5,7,1,0,-2.72481765545672,1,1,8,0,5,0.0277777777777778,0,0,0,0.0,0,0,0,0,0,0,0,,0,0,0,0,8.5
00-0039795,2026_02_SEA_ARI,2,SEA,ARI,0,0,0,0,0,0,,0,0,0,0,,0,0,0,0,0,0.0,0,1,0,0.0,0,0,0,0,0,0,0,,0,0,1,13,0.0
00-0039796,2026_02_NO_BAL,2,BAL,NO,0,0,0,0,0,0,,0,0,0,0,,0,0,0,0,0,0.0,0,1,0,0.0,0,0,0,0,0,0,0,,0,0,0,0,0.0
00-0039798,2026_02_GB_NYJ,2,NYJ,GB,0,0,0,0,0,0,,0,0,0,0,,0,0,0,0,0,0.0,1,0,0,0.0,0,0,0,0,0,0,0,,0,0,1,10,0.0
00-0039807,2026_02_SEA_ARI,2,ARI,SEA,0,0,0,0,0,0,,0,0,0,0,,0,0,0,0,0,0.0,1,1,1,0.0,0,0,0,0,0,0,0,,0,0,0,0,0.0
00-0039809,2026_02_JAX_DEN,2,DEN,JAX,0,0,0,0,0,0,,0,0,0,0,,0,0,0,0,0,0.0,1,2,0,0.0,0,0,1,0,0,0,0,,0,0,0,0,0.0
00-0039811,2026_02_GB_NYJ,2,GB,NYJ,0,0,0,0,0,0,,6,20,0,1,-5.2697881279164,2,2,6,1,10,0.0689655172413793,0,0,0,0.0,0,0,0,0,0,0,0,,0,0,0,0,8.6
00-0039812,2026_02_GB_NYJ,2,GB,NYJ,0,0,0,0,0,0,,0,0,0,0,,0,0,0,0,0,0.0,0,2,0,0.0,0,0,0,0,0,0,0,,0,0,0,0,0.0
00-0039813,2026_02_GB_NYJ,2,GB,NYJ,0,0,0,0,0,0,,0,0,0,0,,0,0,0,0,0,0.0,6,3,1,0.0,1,0,2,0,0,0,0,,0,0,0,0,0.0
00-0039814,2026_02_CIN_HOU,2,CIN,HOU,0,0,0,0,0,0,,0,0,0,0,,3,2,5,0,5,0.0967741935483871,0,0,0,0.0,0,0,0,0,0,0,0,,0,0,0,0,2.5
00-0039816,2026_02_IND_KC,2,IND,KC,0,0,0,0,0,0,,0,0,0,0,,0,0,0,0,0,0.0,0,0,0,0.0,0,0,0,0,0,0,0,,0,0,0,0,0.0
00-0039817,2026_02_GB_NYJ,2,GB,NYJ,0,0,0,0,0,0,,0,0,0,0,,0,0,0,0,0,0.0,0,0,0,0.0,0,0,0,0,0,0,0,,0,0,1,10,0.0
00-0039821,2026_02_NYG_LA,2,NYG,LA,0,0,0,0,0,0,,0,0,0,0,,0,0,0,0,0,0.0,1,0,0,0.0,0,0,0,0,0,0,0,,0,0,0,0,0.0
00-0039825,2026_02_IND_KC,2,KC,IND,0,0,0,0,0,0,,0,0,0,0,,0,0,0,0,0,0.0,5,5,1,0.0,0,0,0,0,0,0,0,,0,0,1,2,0.0
00-0039826,2026_02_PHI_TEN,2,PHI,TEN,0,0,0,0,0,0,,0,0,0,0,,0,0,0,0,0,0.0,2,0,0,0.0,0,0,0,0,0,0,0,,0,0,0,0,0.0
00-0039829,2026_02_PIT_NE,2,NE,PIT,0,0,0,0,0,0,,0,0,0,0,,0,0,0,0,0,0.0,1,0,0,0.0,0,0,0,0,0,0,0,,0,0,0,0,0.0
00-0039831,2026_02_GB_NYJ,2,GB,NYJ,0,0,0,0,0,0,,0,0,0,0,,0,0,0,0,0,0.0,0,2,0,0.0,0,0,0,0,0,0,0,,0,0,1,7,0.0
00-0039835,2026_02_LV_LAC,2,LAC,LV,0,0,0,0,0,0,,0,0,0,0,,0,0,0,0,0,0.0,1,3,0,0.0,0,0,0,0,0,0,0,,0,0,0,0,0.0
00-0039840,2026_02_MIN_CHI,2,CHI,MIN,0,0,0,0,0,0,,0,0,0,0,,0,0,0,0,0,0.0,1,0,1,1.0,1,0,0,0,0,0,0,,0,0,0,0,0.0
00-0039841,2026_02_PHI_TEN,2,PHI,TEN,0,0,0,0,0,0,,0,0,0,0,,0,0,0,0,0,0.0,2,3,0,0.0,0,0,0,0,0,0,0,,0,0,0,0,0.0
00-0039842,2026_02_CAR_ATL,2,ATL,CAR,0,0,0,0,0,0,,0,0,0,0,,0,0,0,0,0,0.0,0,0,0,0.0,0,0,0,0,0,0,0,,0,0,1,10,0.0
00-0039844,2026_02_IND_KC,2,KC,IND,0,0,0,0,0,0,,0,0,0,0,,0,0,0,0,0,0.0,0,0,0,0.0,0,0,0,0,0,0,0,,0,0,1,10,0.0
00-0039846,2026_02_CLE_TB,2,TB,CLE,0,0,0,0,0,0,,0,0,0,0,,0,0,0,0,0,0.0,4,1,3,0.0,0,0,0,0,0,0,0,,0,0,0,0,0.0
00-0039847,2026_02_NYG_LA,2,NYG,LA,0,0,0,0,0,0,,0,0,0,0,,4,0,0,0,0,0.125,1,0,0,0.0,0,0,0,0,0,0,0,,0,0,1,5,0.0
00-0039849,2026_02_SEA_ARI,2,ARI,SEA,0,0,0,0,0,0,,0,0,0,0,,1,0,0,0,0,0.0384615384615385,0,0,0,0.0,0,0,0,0,0,0,0,,0,0,0,0,0.0
00-0039850,2026_02_GB_NYJ,2,GB,NYJ,0,0,0,0,0,0,,0,0,0,0,,0,0,0,0,0,0.0,4,2,3,1.0,1,0,0,0,0,0,0,,0,0,0,0,0.0
00-0039851,2026_02_PIT_NE,2,NE,PIT,14,22,208,0,1,3,-1.26341785136516,4,17,0,0,1.77928946260363,0,0,0,0,0,0.0,0,0,0,0.0,0,0,0,0,0,0,0,,0,0,0,0,8.02
00-0039852,2026_02_CLE_TB,2,CLE,TB,0,0,0,0,0,0,,0,0,0,0,,0,0,0,0,0,0.0,1,0,1,0.0,1,0,0,0,0,0,0,,0,0,0,0,0.0
00-0039854,2026_02_SEA_ARI,2,ARI,SEA,0,0,0,0,0,0,,0,0,0,0,,0,0,0,0,0,0.0,3,3,1,0.0,0,0,0,0,0,0,0,,0,0,0,0,0.0
00-0039858,2026_02_PHI_TEN,2,TEN,PHI,0,0,0,0,0,0,,0,0,0,0,,0,0,0,0,0,0.0,2,1,1,0.0,0,0,0,0,0,0,0,,0,0,1,5,0.0
00-0039859,2026_02_CAR_ATL,2,ATL,CAR,0,0,0,0,0,0,,0,0,0,0,,0,0,0,0,0,0.0,0,1,0,0.0,1,0,0,0,0,0,0,,0,0,0,0,0.0
00-0039860,2026_02_NO_BAL,2,NO,BAL,0,0,0,0,0,0,,0,0,0,0,,0,0,0,0,0,0.0,3,0,0,0.0,0,0,1,0,0,0,0,,0,0,0,0,0.0
00-0039861,2026_02_NYG_LA,2,NYG,LA,0,0,0,0,0,0,,0,0,0,0,,0,0,0,0,0,0.0,5,3,0,0.0,0,0,1,0,0,0,0,,0,0,0,0,0.0
00-0039867,2026_02_GB_NYJ,2,GB,NYJ,0,0,0,0,0,0,,0,0,0,0,,0,0,0,0,0,0.0,5,2,2,0.0,0,0,2,0,0,0,0,,0,0,1,15,0.0
00-0039868,2026_02_JAX_DEN,2,DEN,JAX,0,0,0,0,0,0,,0,0,0,0,,2,1,27,0,1,0.0689655172413793,0,0,0,0.0,0,0,0,0,0,0,0,,0,0,0,0,3.7
00-0039871,2026_02_PIT_NE,2,PIT,NE,0,0,0,0,0,0,,0,0,0,0,,0,0,0,0,0,0.0,0,0,0,0.0,0,0,0,0,0,0,0,,0,0,0,0,0.0
00-0039872,2026_02_DET_BUF,2,BUF,DET,0,0,0,0,0,0,,0,0,0,0,,0,0,0,0,0,0.0,5,1,0,0.0,0,0,0,0,0,0,0,,0,0,0,0,0.0
00-0039873,2026_02_DET_BUF,2,BUF,DET,0,0,0,0,0,0,,0,0,0,0,,0,0,0,0,0,0.0,1,0,0,0.0,0,0,0,0,0,0,0,,0,0,0,0,0.0
00-0039874,2026_02_MIA_SF,2,MIA,SF,0,0,0,0,0,0,,2,11,0,0,1.25694812345319,0,0,0,0,0,0.0,0,0,0,0.0,0,0,0,0,0,0,0,,0,0,0,0,1.1
00-0039875,2026_02_DET_BUF,2,BUF,DET,0,0,0,0,0,0,,0,0,0,0,,0,0,0,0,0,0.0,0,0,0,0.0,0,0,0,0,0,0,0,,0,0,0,0,0.0
00-0039879,2026_02_DET_BUF,2,BUF,DET,0,0,0,0,0,0,,0,0,0,0,,0,0,0,0,0,0.0,1,0,0,0.0,0,0,0,0,0,0,0,,0,0,0,0,0.0
00-0039880,2026_02_MIA_SF,2,MIA,SF,0,0,0,0,0,0,,1,4,0,0,0.0214466813486069,5,4,43,0,20,0.217391304347826,0,0,0,0.0,0,0,0,0,0,0,0,,0,0,0,0,8.7
00-0039886,2026_02_GB_NYJ,2,NYJ,GB,0,0,0,0,0,0,,0,0,0,0,,0,0,0,0,0,0.0,1,3,0,0.0,0,0,0,0,0,0,0,,0,0,0,0,0.0
00-0039888,2026_02_PHI_TEN,2,PHI,TEN,0,0,0,0,0,0,,0,0,0,0,,0,0,0,0,0,0.0,5,1,0,0.0,0,0,0,0,0,0,0,,0,0,0,0,0.0
00-0039889,2026_02_CAR_ATL,2,ATL,CAR,0,0,0,0,0,0,,0,0,0,0,,0,0,0,0,0,0.0,0,3,0,0.0,0,0,0,0,0,0,0,,0,0,0,0,0.0
00-0039890,2026_02_GB_NYJ,2,NYJ,GB,0,0,0,0,0,0,,0,0,0,0,,12,6,63,0,25,0.333333333333333,0,0,0,0.0,0,0,0,0,0,0,0,,0,0,0,0,12.3
00-0039893,2026_02_JAX_DEN,2,JAX,DEN,0,0,0,0,0,0,,0,0,0,0,,8,3,40,0,7,0.285714285714286,0,0,0,0.0,0,0,0,0,0,0,0,,0,0,0,0,7.0
00-0039894,2026_02_IND_KC,2,KC,IND,0,0,0,0,0,0,,0,0,0,0,,7,5,25,1,19,0.162790697674419,0,0,0,0.0,0,0,0,0,0,0,0,,0,0,0,0,13.5
00-0039897,2026_02_LV_LAC,2,LAC,LV,0,0,0,0,0,0,,0,0,0,0,,0,0,0,0,0,0.0,0,0,0,0.0,0,0,0,0,0,0,0,,0,0,4,15,0.0
00-0039898,2026_02_WAS_DAL,2,WAS,DAL,0,0,0,0,0,0,,0,0,0,0,,0,0,0,0,0,0.0,3,1,0,0.0,0,0,0,0,0,0,0,,0,0,0,0,0.0
00-0039901,2026_02_DET_BUF,2,BUF,DET,0,0,0,0,0,0,,0,0,0,0,,6,6,63,0,15,0.214285714285714,0,0,0,0.0,0,0,0,0,0,0,0,,0,0,0,0,12.3
00-0039904,2026_02_GB_NYJ,2,GB,NYJ,0,0,0,0,0,0,,0,0,0,0,,0,0,0,0,0,0.0,0,0,0,0.0,0,0,0,0,0,0,0,,0,0,1,5,0.0
00-0039905,2026_02_CLE_TB,2,TB,CLE,0,0,0,0,0,0,,0,0,0,0,,0,0,0,0,0,0.0,0,0,0,0.0,0,0,0,0,0,0,0,,0,0,2,20,0.0
00-0039908,2026_02_CIN_HOU,2,CIN,HOU,0,0,0,0,0,0,,0,0,0,0,,0,0,0,0,0,0.0,1,0,0,0.0,0,0,0,0,0,0,0,,0,0,0,0,0.0
00-0039910,2026_02_WAS_DAL,2,WAS,DAL,11,17,96,1,0,0,0.179363804171552,7,69,0,0,3.37357030587737,0,0,0,0,0,0.0,0,0,0,0.0,0,0,0,0,0,0,0,,0,0,0,0,14.74
00-0039912,2026_02_WAS_DAL,2,WAS,DAL,0,0,0,0,0,0,,0,0,0,0,,1,1,6,0,2,0.0294117647058824,0,0,0,0.0,0,0,0,0,0,0,0,,0,0,0,0,1.6
00-0039913,2026_02_WAS_DAL,2,WAS,DAL,0,0,0,0,0,0,,0,0,0,0,,0,0,0,0,0,0.0,0,0,0,0.0,0,0,0,0,0,0,0,,0,0,1,5,0.0
00-0039915,2026_02_LV_LAC,2,LAC,LV,0,0,0,0,0,0,,0,0,0,0,,3,3,35,0,1,0.115384615384615,0,0,0,0.0,0,0,0,0,0,0,0,,0,0,0,0,6.5
00-0039918,2026_02_MIN_CHI,2,CHI,MIN,15,26,138,0,1,3,-1.04788204640499,5,42,0,0,2.9637913201285,0,0,0,0,0,0.0,0,0,0,0.0,0,0,0,0,0,0,0,,0,0,1,13,7.72
00-0039919,2026_02_MIN_CHI,2,CHI,MIN,0,0,0,0,0,0,,0,0,0,0,,4,3,43,0,2,0.133333333333333,1,0,0,0.0,0,0,0,0,0,0,0,,0,0,0,0,7.3
00-0039920,2026_02_CLE_TB,2,CLE,TB,0,0,0,0,0,0,,0,0,0,0,,0,0,0,0,0,0.0,0,0,0,0.0,0,0,0,0,0,0,0,,0,0,0,0,0.0
00-0039924,2026_02_MIN_CHI,2,MIN,CHI,0,0,0,0,0,0,,0,0,0,0,,0,0,0,0,0,0.0,3,2,2,2.0,4,0,0,0,0,0,0,,0,0,1,15,0.0
00-0040008,2026_02_WAS_DAL,2,DAL,WAS,0,0,0,0,0,0,,0,0,0,0,,0,0,0,0,0,0.0,3,0,0,0.0,0,0,1,0,0,0,0,,0,0,0,0,0.0
00-0040010,2026_02_GB_NYJ,2,GB,NYJ,0,0,0,0,0,0,,0,0,0,0,,0,0,0,0,0,0.0,2,3,0,0.5,1,0,0,0,0,0,0,,0,0,0,0,0.0
00-0040011,2026_02_WAS_DAL,2,DAL,WAS,0,0,0,0,0,0,,0,0,0,0,,0,0,0,0,0,0.0,1,2,0,0.0,0,0,0,0,0,0,0,,0,0,0,0,0.0
00-0040013,2026_02_PHI_TEN,2,PHI,TEN,0,0,0,0,0,0,,0,0,0,0,,0,0,0,0,0,0.0,1,0,0,0.0,0,0,0,0,0,0,0,,0,0,0,0,0.0
00-0040020,2026_02_PHI_TEN,2,TEN,PHI,0,0,0,0,0,0,,0,0,0,0,,0,0,0,0,0,0.0,3,5,1,0.0,0,0,0,0,0,0,0,,0,0,0,0,0.0
00-0040024,2026_02_PHI_TEN,2,PHI,TEN,0,0,0,0,0,0,,0,0,0,0,,3,2,26,1,18,0.0882352941176471,1,0,0,0.0,0,0,0,0,0,0,0,,0,0,0,0,10.6
00-0040041,2026_02_PHI_TEN,2,TEN,PHI,0,0,0,0,0,0,,0,0,0,0,,0,0,0,0,0,0.0,0,0,1,0.0,0,0,0,0,0,0,0,,0,0,0,0,0.0
00-0040045,2026_02_WAS_DAL,2,DAL,WAS,0,0,0,0,0,0,,0,0,0,0,,0,0,0,0,0,0.0,0,1,0,0.0,0,0,0,0,0,0,0,,0,0,0,0,0.0
00-0040066,2026_02_MIA_SF,2,MIA,SF,0,0,0,0,0,0,,0,0,0,0,,0,0,0,0,0,0.0,1,2,0,0.0,0,0,0,0,0,0,0,,0,0,0,0,0.0
00-0040072,2026_02_IND_KC,2,KC,IND,0,0,0,0,0,0,,0,0,0,0,,0,0,0,0,0,0.0,0,1,0,0.0,0,0,0,0,0,0,0,,0,0,0,0,0.0
00-0040074,2026_02_NO_BAL,2,BAL,NO,0,0,0,0,0,0,,0,0,0,0,,0,0,0,0,0,0.0,1,0,0,0.0,0,0,0,0,0,1,2,49.0,2,2,0,0,0.0
00-0040075,2026_02_NO_BAL,2,BAL,NO,0,0,0,0,0,0,,0,0,0,0,,2,1,14,0,19,0.0689655172413793,0,0,0,0.0,0,0,0,0,0,0,0,,0,0,1,5,2.4
00-0040078,2026_02_IND_KC,2,KC,IND,0,0,0,0,0,0,,0,0,0,0,,0,0,0,0,0,0.0,0,0,0,0.0,0,0,0,0,0,0,0,,0,0,0,0,0.0
00-0040089,2026_02_CLE_TB,2,TB,CLE,0,0,0,0,0,0,,0,0,0,0,,0,0,0,0,0,0.0,0,1,0,0.0,0,0,0,0,0,0,0,,0,0,0,0,0.0
00-0040100,2026_02_NO_BAL,2,BAL,NO,0,0,0,0,0,0,,0,0,0,0,,0,0,0,0,0,0.0,1,0,0,0.0,0,0,0,0,0,0,0,,0,0,0,0,0.0
00-0040104,2026_02_NO_BAL,2,BAL,NO,0,0,0,0,0,0,,0,0,0,0,,0,0,0,0,0,0.0,0,2,0,0.0,0,0,0,0,0,0,0,,0,0,0,0,0.0
00-0040122,2026_02_LV_LAC,2,LV,LAC,0,0,0,0,0,0,,21,48,0,0,-12.2465548617662,7,4,15,0,25,0.241379310344828,1,0,0,0.0,0,0,0,0,0,0,0,,0,0,0,0,10.3
00-0040124,2026_02_CAR_ATL,2,CAR,ATL,0,0,0,0,0,0,,0,0,0,0,,10,5,101,0,16,0.3125,0,0,0,0.0,0,0,0,0,0,0,0,,0,0,0,0,15.1
00-0040125,2026_02_NO_BAL,2,NO,BAL,0,0,0,0,0,0,,0,0,0,0,,0,0,0,0,0,0.0,0,0,0,0.0,0,0,0,0,0,0,0,,0,0,2,10,0.0
00-0040126,2026_02_MIN_CHI,2,CHI,MIN,0,0,0,0,0,0,,0,0,0,0,,3,1,3,0,-1,0.1,0,0,0,0.0,0,0,0,0,0,0,0,,0,0,0,0,1.3
00-0040128,2026_02_IND_KC,2,IND,KC,0,0,0,0,0,0,,1,3,0,0,0.67952828318812,7,6,21,1,35,0.233333333333333,0,0,0,0.0,0,0,0,0,0,0,0,,0,0,0,0,14.4
00-0040129,2026_02_CLE_TB,2,TB,CLE,0,0,0,0,0,0,,1,-3,0,0,-1.62271137186326,5,3,16,1,0,0.151515151515152,0,0,0,0.0,0,0,0,0,0,0,0,,0,0,0,0,10.3
00-0040131,2026_02_PIT_NE,2,NE,PIT,0,0,0,0,0,0,,0,0,0,0,,2,1,10,0,1,0.0952380952380952,0,0,0,0.0,0,0,0,0,0,0,0,,0,0,0,0,2.0
00-0040132,2026_02_DET_BUF,2,BUF,DET,0,0,0,0,0,0,,0,0,0,0,,0,0,0,0,0,0.0,1,1,0,0.0,0,0,0,0,0,0,0,,0,0,1,13,0.0
00-0040133,2026_02_GB_NYJ,2,NYJ,GB,0,0,0,0,0,0,,0,0,0,0,,0,0,0,0,0,0.0,2,0,1,0.0,0,0,1,0,0,0,0,,0,0,1,38,0.0
00-0040134,2026_02_JAX_DEN,2,DEN,JAX,0,0,0,0,0,0,,1,16,0,0,0.991467546555214,1,0,0,0,0,0.0344827586206897,0,0,0,0.0,0,0,0,0,0,0,0,,0,0,1,10,1.6
00-0040136,2026_02_CAR_ATL,2,CAR,ATL,0,0,0,0,0,0,,0,0,0,0,,0,0,0,0,0,0.0,1,1,0,0.0,0,0,0,0,0,0,0,,0,0,0,0,0.0
00-0040137,2026_02_SEA_ARI,2,ARI,SEA,0,0,0,0,0,0,,0,0,0,0,,0,0,0,0,0,0.0,3,1,1,0.0,0,0,0,0,0,0,0,,0,0,0,0,0.0
00-0040138,2026_02_CIN_HOU,2,HOU,CIN,0,0,0,0,0,0,,1,13,0,0,1.12176272831857,5,1,31,0,0,0.1,0,0,0,0.0,0,0,0,0,0,0,0,,0,0,0,0,5.4
00-0040139,2026_02_IND_KC,2,IND,KC,0,0,0,0,0,0,,0,0,0,0,,0,0,0,0,0,0.0,3,2,0,0.0,0,0,1,0,0,0,0,,0,0,0,0,0.0
00-0040140,2026_02_CIN_HOU,2,CIN,HOU,0,0,0,0,0,0,,0,0,0,0,,0,0,0,0,0,0.0,0,0,0,0.0,0,0,0,0,0,0,0,,0,0,1,10,0.0
00-0040141,2026_02_PHI_TEN,2,TEN,PHI,0,0,0,0,0,0,,0,0,0,0,,0,0,0,0,0,0.0,5,3,0,0.0,0,0,0,0,0,0,0,,0,0,0,0,0.0
00-0040142,2026_02_GB_NYJ,2,GB,NYJ,0,0,0,0,0,0,,8,32,0,0,-1.63785884046229,0,0,0,0,0,0.0,0,0,0,0.0,0,0,0,0,0,0,0,,0,0,0,0,3.2
00-0040144,2026_02_LV_LAC,2,LAC,LV,0,0,0,0,0,0,,0,0,0,0,,0,0,0,0,0,0.0,0,2,0,0.0,0,0,0,0,0,0,0,,0,0,0,0,0.0
00-0040148,2026_02_CAR_ATL,2,ATL,CAR,0,0,0,0,0,0,,0,0,0,0,,0,0,0,0,0,0.0,6,1,0,0.0,0,0,0,1,0,0,0,,0,0,0,0,0.0
00-0040149,2026_02_CIN_HOU,2,HOU,CIN,0,0,0,0,0,0,,0,0,0,0,,0,0,0,0,0,0.0,1,0,0,0.0,0,0,0,0,0,0,0,,0,0,0,0,0.0
00-0040152,2026_02_MIA_SF,2,SF,MIA,0,0,0,0,0,0,,0,0,0,0,,0,0,0,0,0,0.0,2,3,1,0.5,1,0,1,0,0,0,0,,0,0,0,0,0.0
00-0040155,2026_02_NO_BAL,2,NO,BAL,0,0,0,0,0,0,,0,0,0,0,,0,0,0,0,0,0.0,2,2,0,0.0,0,0,0,0,0,0,0,,0,0,0,0,0.0
00-0040157,2026_02_CIN_HOU,2,CIN,HOU,0,0,0,0,0,0,,0,0,0,0,,0,0,0,0,0,0.0,2,3,1,0.0,0,0,0,0,0,0,0,,0,0,1,5,0.0
00-0040158,2026_02_CLE_TB,2,TB,CLE,0,0,0,0,0,0,,0,0,0,0,,0,0,0,0,0,0.0,1,0,1,1.0,1,0,0,0,0,0,0,,0,0,0,0,0.0
00-0040159,2026_02_CAR_ATL,2,CAR,ATL,0,0,0,0,0,0,,0,0,0,0,,0,0,0,0,0,0.0,2,2,0,0.0,0,0,0,0,0,0,0,,0,0,0,0,0.0
00-0040164,2026_02_WAS_DAL,2,WAS,DAL,0,0,0,0,0,0,,0,0,0,0,,0,0,0,0,0,0.0,0,0,0,0.0,0,0,0,0,0,0,0,,0,0,0,0,0.0
00-0040165,2026_02_GB_NYJ,2,NYJ,GB,0,0,0,0,0,0,,0,0,0,0,,0,0,0,0,0,0.0,0,1,0,0.0,0,0,0,0,0,0,0,,0,0,0,0,0.0
00-0040166,2026_02_NO_BAL,2,NO,BAL,0,0,0,0,0,0,,0,0,0,0,,0,0,0,0,0,0.0,1,0,0,0.0,0,0,1,0,0,0,0,,0,0,0,0,0.0
00-0040168,2026_02_JAX_DEN,2,DEN,JAX,0,0,0,0,0,0,,0,0,0,0,,0,0,0,0,0,0.0,2,1,1,1.0,1,0,0,0,0,0,0,,0,0,0,0,0.0
00-0040169,2026_02_LV_LAC,2,LV,LAC,0,0,0,0,0,0,,0,0,0,0,,0,0,0,0,0,0.0,0,3,0,0.0,1,0,1,0,0,0,0,,0,0,0,0,0.0
00-0040170,2026_02_PHI_TEN,2,TEN,PHI,0,0,0,0,0,0,,0,0,0,0,,3,2,69,0,41,0.176470588235294,0,0,0,0.0,0,0,0,0,0,0,0,,0,0,0,0,8.9
00-0040171,2026_02_PIT_NE,2,NE,PIT,0,0,0,0,0,0,,0,0,0,0,,0,0,0,0,0,0.0,1,1,1,1.0,1,0,0,0,0,0,0,,0,0,0,0,0.0
00-0040173,2026_02_MIN_CHI,2,MIN,CHI,0,0,0,0,0,0,,0,0,0,0,,0,0,0,0,0,0.0,1,1,0,0.0,0,0,0,0,0,0,0,,0,0,0,0,0.0
00-0040174,2026_02_CAR_ATL,2,CAR,ATL,0,0,0,0,0,0,,0,0,0,0,,0,0,0,0,0,0.0,2,0,0,0.0,0,0,0,0,0,0,0,,0,0,0,0,0.0
00-0040175,2026_02_MIA_SF,2,MIA,SF,0,0,0,0,0,0,,0,0,0,0,,0,0,0,0,0,0.0,0,1,0,0.0,0,0,0,0,0,0,0,,0,0,0,0,0.0
00-0040177,2026_02_MIA_SF,2,SF,MIA,0,0,0,0,0,0,,4,15,0,0,-2.14314701629337,0,0,0,0,0,0.0,0,0,0,0.0,0,0,0,0,0,0,0,,0,0,0,0,1.5
00-0040178,2026_02_MIA_SF,2,MIA,SF,0,0,0,0,0,0,,0,0,0,0,,0,0,0,0,0,0.0,3,3,0,0.0,0,0,0,0,0,0,0,,0,0,0,0,0.0
00-0040182,2026_02_MIA_SF,2,MIA,SF,0,0,0,0,0,0,,0,0,0,0,,0,0,0,0,0,0.0,1,1,0,0.0,0,0,0,0,0,0,0,,0,0,0,0,0.0
00-0040183,2026_02_CLE_TB,2,TB,CLE,0,0,0,0,0,0,,0,0,0,0,,0,0,0,0,0,0.0,1,0,0,0.0,0,0,0,0,0,0,0,,0,0,0,0,0.0
00-0040185,2026_02_MIA_SF,2,SF,MIA,0,0,0,0,0,0,,0,0,0,0,,0,0,0,0,0,0.0,3,4,1,1.0,1,0,0,0,0,0,0,,0,0,0,0,0.0
00-0040187,2026_02_CAR_ATL,2,CAR,ATL,0,0,0,0,0,0,,0,0,0,0,,1,1,13,0,14,0.03125,0,0,0,0.0,0,0,0,0,0,0,0,,0,0,0,0,2.3
00-0040189,2026_02_LV_LAC,2,LAC,LV,0,0,0,0,0,0,,0,0,0,0,,2,2,18,1,0,0.0769230769230769,0,0,0,0.0,0,0,0,0,0,0,0,,0,0,0,0,9.8
00-0040192,2026_02_DET_BUF,2,BUF,DET,0,0,0,0,0,0,,0,0,0,0,,0,0,0,0,0,0.0,3,2,0,0.0,0,0,0,0,0,0,0,,0,0,0,0,0.0
00-0040195,2026_02_SEA_ARI,2,ARI,SEA,0,0,0,0,0,0,,0,0,0,0,,0,0,0,0,0,0.0,1,0,0,0.0,0,0,0,0,0,0,0,,0,0,1,16,0.0
00-0040198,2026_02_MIA_SF,2,MIA,SF,0,0,0,0,0,0,,3,7,0,0,-0.511095525347628,0,0,0,0,0,0.0,0,0,0,0.0,0,0,0,0,0,0,0,,0,0,0,0,0.7
00-0040200,2026_02_PIT_NE,2,NE,PIT,0,0,0,0,0,0,,0,0,0,0,,0,0,0,0,0,0.0,0,0,0,0.0,0,0,0,0,0,2,3,45.0,2,2,0,0,0.0
00-0040201,2026_02_PHI_TEN,2,TEN,PHI,0,0,0,0,0,0,,0,0,0,0,,0,0,0,0,0,0.0,4,2,1,0.0,0,1,1,0,0,0,0,,0,0,0,0,0.0
00-0040204,2026_02_PIT_NE,2,NE,PIT,0,0,0,0,0,0,,0,0,0,0,,0,0,0,0,0,0.0,1,1,0,0.0,0,0,0,0,0,0,0,,0,0,0,0,0.0
00-0040213,2026_02_JAX_DEN,2,JAX,DEN,0,0,0,0,0,0,,0,0,0,0,,0,0,0,0,0,0.0,1,1,0,0.0,0,0,0,0,0,0,0,,0,0,0,0,0.0
00-0040221,2026_02_LV_LAC,2,LAC,LV,0,0,0,0,0,0,,0,0,0,0,,0,0,0,0,0,0.0,2,1,0,0.0,0,0,0,0,0,0,0,,0,0,0,0,0.0
00-0040223,2026_02_JAX_DEN,2,DEN,JAX,0,0,0,0,0,0,,0,0,0,0,,0,0,0,0,0,0.0,0,0,0,0.0,0,0,0,0,0,0,0,,0,0,0,0,0.0
00-0040235,2026_02_IND_KC,2,IND,KC,0,0,0,0,0,0,,0,0,0,0,,0,0,0,0,0,0.0,3,5,0,0.0,0,0,0,0,0,0,0,,0,0,0,0,0.0
00-0040236,2026_02_MIN_CHI,2,CHI,MIN,0,0,0,0,0,0,,10,47,0,0,0.950942615862004,2,2,11,0,10,0.0666666666666667,0,0,0,0.0,0,0,0,0,0,0,0,,0,0,0,0,7.8
00-0040237,2026_02_CLE_TB,2,TB,CLE,0,0,0,0,0,0,,0,0,0,0,,4,1,49,0,6,0.121212121212121,0,0,0,0.0,0,0,0,0,0,0,0,,0,0,0,0,5.9
00-0040238,2026_02_JAX_DEN,2,JAX,DEN,0,0,0,0,0,0,,0,0,0,0,,1,0,0,0,0,0.0357142857142857,0,0,0,0.0,0,0,0,0,0,0,0,,0,0,0,0,0.0
00-0040242,2026_02_WAS_DAL,2,WAS,DAL,0,0,0,0,0,0,,12,43,0,0,-1.38672599726124,1,1,5,0,6,0.0294117647058824,0,0,0,0.0,0,0,0,0,0,0,0,,0,0,0,0,5.8
00-0040248,2026_02_MIA_SF,2,MIA,SF,0,0,0,0,0,0,,0,0,0,0,,0,0,0,0,0,0.0,1,3,0,0.0,0,0,0,0,0,0,0,,0,0,0,0,0.0
00-0040255,2026_02_CLE_TB,2,CLE,TB,0,0,0,0,0,0,,0,0,0,0,,0,0,0,0,0,0.0,0,1,0,0.0,0,0,0,0,0,0,0,,0,0,0,0,0.0
00-0040263,2026_02_CLE_TB,2,CLE,TB,0,0,0,0,0,0,,0,0,0,0,,0,0,0,0,0,0.0,1,0,0,0.0,0,0,0,0,0,0,0,,0,0,0,0,0.0
00-0040279,2026_02_CAR_ATL,2,CAR,ATL,0,0,0,0,0,0,,0,0,0,0,,0,0,0,0,0,0.0,0,0,0,0.0,0,0,0,0,0,2,2,37.0,4,4,0,0,0.0
00-0040318,2026_02_WAS_DAL,2,WAS,DAL,0,0,0,0,0,0,,0,0,0,0,,0,0,0,0,0,0.0,2,0,0,0.0,0,0,0,0,0,0,0,,0,0,0,0,0.0
00-0040326,2026_02_JAX_DEN,2,JAX,DEN,0,0,0,0,0,0,,0,0,0,0,,0,0,0,0,0,0.0,1,1,0,0.0,0,0,0,0,0,0,0,,0,0,0,0,0.0
00-0040342,2026_02_JAX_DEN,2,JAX,DEN,0,0,0,0,0,0,,0,0,0,0,,0,0,0,0,0,0.0,0,1,0,0.0,0,0,0,0,0,0,0,,0,0,0,0,0.0
00-0040363,2026_02_DET_BUF,2,BUF,DET,0,0,0,0,0,0,,0,0,0,0,,0,0,0,0,0,0.0,0,1,0,0.0,0,0,0,0,0,0,0,,0,0,0,0,0.0
00-0040458,2026_02_CAR_ATL,2,CAR,ATL,0,0,0,0,0,0,,0,0,0,0,,0,0,0,0,0,0.0,1,2,0,0.0,0,0,0,0,0,0,0,,0,0,0,0,0.0
00-0040466,2026_02_CLE_TB,2,CLE,TB,0,0,0,0,0,0,,2,4,0,0,-0.979457563720644,1,1,7,0,11,0.0333333333333333,0,0,0,0.0,0,0,0,0,0,0,0,,0,0,0,0,2.1
00-0040496,2026_02_MIN_CHI,2,MIN,CHI,0,0,0,0,0,0,,0,0,0,0,,0,0,0,0,0,0.0,0,1,0,0.0,0,0,0,0,0,0,0,,0,0,0,0,0.0
00-0040506,2026_02_MIN_CHI,2,MIN,CHI,0,0,0,0,0,0,,0,0,0,0,,1,0,0,0,0,0.0526315789473684,0,0,0,0.0,0,0,0,0,0,0,0,,0,0,0,0,0.0
00-0040556,2026_02_PIT_NE,2,NE,PIT,0,0,0,0,0,0,,2,0,0,0,-0.271798979025334,0,0,0,0,0,0.0,0,0,0,0.0,0,0,0,0,0,0,0,,0,0,0,0,0.0
00-0040563,2026_02_PIT_NE,2,NE,PIT,0,0,0,0,0,0,,0,0,0,0,,1,1,-2,0,0,0.0476190476190476,1,0,0,0.0,0,0,0,0,0,0,0,,0,0,1,6,0.8
00-0040574,2026_02_PIT_NE,2,NE,PIT,0,0,0,0,0,0,,0,0,0,0,,0,0,0,0,0,0.0,3,2,3,1.0,2,0,0,0,0,0,0,,0,0,0,0,0.0
00-0040579,2026_02_CLE_TB,2,CLE,TB,0,0,0,0,0,0,,0,0,0,0,,0,0,0,0,0,0.0,5,5,1,0.0,0,0,0,0,0,0,0,,0,0,0,0,0.0
00-0040580,2026_02_NYG_LA,2,LA,NYG,0,0,0,0,0,0,,0,0,0,0,,0,0,0,0,0,0.0,0,1,0,0.0,0,0,0,0,0,0,0,,0,0,0,0,0.0
00-0040582,2026_02_GB_NYJ,2,NYJ,GB,0,0,0,0,0,0,,0,0,0,0,,0,0,0,0,0,0.0,1,0,0,0.0,0,0,0,0,0,0,0,,0,0,0,0,0.0
00-0040583,2026_02_CIN_HOU,2,HOU,CIN,0,0,0,0,0,0,,8,8,0,0,-6.65472908533315,6,5,27,0,20,0.12,0,0,0,0.0,0,0,0,0,0,0,0,,0,0,0,0,8.5
00-0040584,2026_02_PHI_TEN,2,TEN,PHI,0,0,0,0,0,0,,0,0,0,0,,2,2,13,0,14,0.117647058823529,0,0,0,0.0,0,0,0,0,0,0,0,,0,0,0,0,3.3
00-0040590,2026_02_NYG_LA,2,LA,NYG,0,0,0,0,0,0,,0,0,0,0,,2,1,12,0,8,0.0666666666666667,0,0,0,0.0,0,0,0,0,0,0,0,,0,0,1,10,2.2
00-0040634,2026_02_JAX_DEN,2,DEN,JAX,0,0,0,0,0,0,,0,0,0,0,,0,0,0,0,0,0.0,0,1,0,0.0,0,0,0,0,0,0,0,,0,0,0,0,0.0
00-0040640,2026_02_IND_KC,2,KC,IND,0,0,0,0,0,0,,0,0,0,0,,0,0,0,0,0,0.0,2,0,0,0.0,0,0,0,0,0,0,0,,0,0,0,0,0.0
00-0040642,2026_02_NO_BAL,2,NO,BAL,0,0,0,0,0,0,,0,0,0,0,,0,0,0,0,0,0.0,0,1,0,0.0,0,0,0,0,0,0,0,,0,0,0,0,0.0
00-0040643,2026_02_NO_BAL,2,NO,BAL,0,0,0,0,0,0,,0,0,0,0,,0,0,0,0,0,0.0,3,0,0,0.0,0,0,0,0,0,0,0,,0,0,0,0,0.0
00-0040645,2026_02_SEA_ARI,2,ARI,SEA,0,0,0,0,0,0,,0,0,0,0,,0,0,0,0,0,0.0,1,0,0,0.0,0,0,0,0,0,0,0,,0,0,0,0,0.0
00-0040646,2026_02_IND_KC,2,KC,IND,0,0,0,0,0,0,,0,0,0,0,,2,2,6,1,5,0.0465116279069768,0,2,0,0.0,0,0,0,0,0,0,0,,0,0,0,0,8.6
00-0040647,2026_02_SEA_ARI,2,SEA,ARI,0,0,0,0,0,0,,0,0,0,0,,0,0,0,0,0,0.0,1,3,0,0.0,0,0,0,0,0,0,0,,0,0,0,0,0.0
00-0040654,2026_02_CIN_HOU,2,HOU,CIN,0,1,0,0,0,0,-3.30416089302162,0,0,0,0,,0,0,0,0,0,0.0,0,0,0,0.0,0,0,0,0,0,0,0,,0,0,0,0,0.0
00-0040663,2026_02_CLE_TB,2,CLE,TB,0,0,0,0,0,0,,0,0,0,0,,6,5,54,0,34,0.2,0,0,0,0.0,0,0,0,0,0,0,0,,0,0,0,0,10.4
00-0040666,2026_02_LV_LAC,2,LAC,LV,0,0,0,0,0,0,,23,94,1,1,-11.0084445039392,2,2,21,0,29,0.0769230769230769,0,0,0,0.0,0,0,0,0,0,0,0,,0,0,0,0,17.5
00-0040667,2026_02_GB_NYJ,2,GB,NYJ,0,0,0,0,0,0,,0,0,0,0,,6,4,58,0,32,0.206896551724138,0,0,0,0.0,0,0,0,0,0,0,0,,0,0,0,0,9.8
00-0040669,2026_02_DET_BUF,2,DET,BUF,0,0,0,0,0,0,,0,0,0,0,,5,2,26,0,4,0.131578947368421,0,0,0,0.0,0,0,0,0,0,0,0,,0,0,0,0,4.6
00-0040670,2026_02_IND_KC,2,KC,IND,0,0,0,0,0,0,,0,0,0,0,,0,0,0,0,0,0.0,4,1,1,0.0,0,0,1,0,0,0,0,,0,0,0,0,0.0
00-0040672,2026_02_DET_BUF,2,DET,BUF,0,0,0,0,0,0,,0,0,0,0,,0,0,0,0,0,0.0,3,2,0,0.0,1,0,0,0,0,0,0,,0,0,0,0,0.0
00-0040676,2026_02_PHI_TEN,2,TEN,PHI,13,20,183,0,0,2,-0.0977145342912991,4,7,2,0,4.09406330721686,0,0,0,0,0,0.0,0,0,0,0.0,0,0,0,0,0,0,0,,0,0,0,0,20.02
00-0040677,2026_02_NYG_LA,2,NYG,LA,0,0,0,0,0,0,,0,0,0,0,,0,0,0,0,0,0.0,1,2,1,1.0,1,0,0,0,0,0,0,,0,0,0,0,0.0
00-0040678,2026_02_PIT_NE,2,PIT,NE,0,0,0,0,0,0,,0,0,0,0,,0,0,0,0,0,0.0,1,7,0,0.5,1,0,0,0,0,0,0,,0,0,0,0,0.0
00-0040685,2026_02_CLE_TB,2,CLE,TB,0,0,0,0,0,0,,0,0,0,0,,0,0,0,0,0,0.0,1,2,1,1.0,2,0,0,0,0,0,0,,0,0,0,0,0.0
00-0040686,2026_02_WAS_DAL,2,WAS,DAL,0,0,0,0,0,0,,0,0,0,0,,0,0,0,0,0,0.0,0,0,0,0.0,0,0,0,0,0,0,0,,0,0,1,10,0.0
00-0040688,2026_02_NO_BAL,2,BAL,NO,0,0,0,0,0,0,,0,0,0,0,,0,0,0,0,0,0.0,3,1,0,0.0,0,0,0,0,0,0,0,,0,0,0,0,0.0
00-0040689,2026_02_GB_NYJ,2,GB,NYJ,0,0,0,0,0,0,,0,0,0,0,,0,0,0,0,0,0.0,1,0,0,0.0,0,0,0,0,0,0,0,,0,0,0,0,0.0
00-0040691,2026_02_NYG_LA,2,NYG,LA,3,5,20,0,0,0,-1.11578912171535,0,0,0,0,,0,0,0,0,0,0.0,0,0,0,0.0,0,0,0,0,0,0,0,,0,0,0,0,0.8
00-0040705,2026_02_PHI_TEN,2,TEN,PHI,0,0,0,0,0,0,,0,0,0,0,,0,0,0,0,0,0.0,0,0,0,0.0,0,0,0,0,0,0,0,,0,0,0,0,0.0
00-0040706,2026_02_SEA_ARI,2,ARI,SEA,0,0,0,0,0,0,,0,0,0,0,,0,0,0,0,0,0.0,0,2,0,0.0,1,0,0,0,0,0,0,,0,0,0,0,0.0
00-0040708,2026_02_PHI_TEN,2,PHI,TEN,0,0,0,0,0,0,,0,0,0,0,,0,0,0,0,0,0.0,6,4,0,0.0,0,0,0,1,0,0,0,,0,0,0,0,0.0
00-0040709,2026_02_DET_BUF,2,BUF,DET,0,0,0,0,0,0,,0,0,0,0,,0,0,0,0,0,0.0,1,0,0,0.0,0,0,0,0,0,0,0,,0,0,0,0,0.0
00-0040710,2026_02_DET_BUF,2,BUF,DET,0,0,0,0,0,0,,0,0,0,0,,0,0,0,0,0,0.0,0,1,0,0.0,3,0,3,0,0,0,0,,0,0,0,0,0.0
00-0040711,2026_02_MIA_SF,2,SF,MIA,0,0,0,0,0,0,,0,0,0,0,,0,0,0,0,0,0.0,0,3,0,0.0,0,0,0,0,0,0,0,,0,0,0,0,0.0
00-0040715,2026_02_NYG_LA,2,NYG,LA,0,0,0,0,0,0,,12,36,0,0,-2.18799493851839,4,4,19,0,23,0.125,0,0,0,0.0,0,0,0,0,0,0,0,,0,0,0,0,9.5
00-0040716,2026_02_PIT_NE,2,NE,PIT,0,0,0,0,0,0,,0,0,0,0,,0,0,0,0,0,0.0,4,3,0,0.0,0,0,1,0,0,0,0,,0,0,0,0,0.0
00-0040718,2026_02_JAX_DEN,2,JAX,DEN,0,0,0,0,0,0,,0,0,0,0,,0,0,0,0,0,0.0,4,0,0,0.0,0,0,1,0,0,0,0,,0,0,1,22,0.0
00-0040719,2026_02_JAX_DEN,2,JAX,DEN,0,0,0,0,0,0,,13,65,1,0,1.20036442976561,2,2,-3,0,5,0.0714285714285714,0,0,0,0.0,0,0,0,0,0,0,0,,0,0,0,0,14.2
00-0040722,2026_02_NO_BAL,2,BAL,NO,0,0,0,0,0,0,,0,0,0,0,,0,0,0,0,0,0.0,2,0,2,1.0,2,0,0,0,0,0,0,,0,0,0,0,0.0
00-0040725,2026_02_WAS_DAL,2,DAL,WAS,0,0,0,0,0,0,,0,0,0,0,,0,0,0,0,0,0.0,2,1,0,0.0,0,0,0,0,0,0,0,,0,0,0,0,0.0
00-0040726,2026_02_GB_NYJ,2,GB,NYJ,0,0,0,0,0,0,,0,0,0,0,,0,0,0,0,0,0.0,0,0,0,0.0,0,0,0,0,0,0,0,,0,0,1,10,0.0
00-0040727,2026_02_LV_LAC,2,LAC,LV,0,0,0,0,0,0,,0,0,0,0,,3,1,53,0,33,0.115384615384615,0,0,0,0.0,0,0,0,0,0,0,0,,0,0,0,0,6.3
00-0040729,2026_02_LV_LAC,2,LV,LAC,0,0,0,0,0,0,,0,0,0,0,,2,2,25,0,7,0.0689655172413793,0,0,0,0.0,0,0,0,0,0,0,0,,0,0,0,0,4.5
00-0040733,2026_02_SEA_ARI,2,SEA,ARI,0,0,0,0,0,0,,0,0,0,0,,0,0,0,0,0,0.0,1,0,0,0.0,0,0,0,0,0,0,0,,0,0,0,0,0.0
00-0040734,2026_02_PIT_NE,2,NE,PIT,0,0,0,0,0,0,,16,76,1,0,-1.59804351010825,0,0,0,0,0,0.0,0,0,0,0.0,0,0,0,0,0,0,0,,0,0,0,0,13.6
00-0040735,2026_02_MIN_CHI,2,CHI,MIN,0,0,0,0,0,0,,0,0,0,0,,7,3,32,0,5,0.233333333333333,0,0,0,0.0,0,0,0,0,0,0,0,,0,0,0,0,6.2
00-0040737,2026_02_NYG_LA,2,LA,NYG,0,0,0,0,0,0,,0,0,0,0,,9,6,54,1,24,0.3,0,0,0,0.0,0,0,0,0,0,0,0,,0,0,0,0,17.4
00-0040738,2026_02_CIN_HOU,2,CIN,HOU,0,0,0,0,0,0,,0,0,0,0,,0,0,0,0,0,0.0,4,8,0,0.0,1,0,0,0,0,0,0,,0,0,0,0,0.0
00-0040739,2026_02_SEA_ARI,2,SEA,ARI,0,0,0,0,0,0,,0,0,0,0,,1,1,17,0,3,0.0384615384615385,0,0,0,0.0,0,0,0,0,0,0,0,,0,0,0,0,2.7
00-0040743,2026_02_NO_BAL,2,NO,BAL,27,34,252,1,0,3,10.9289833450863,9,23,1,0,1.65955904062112,0,0,0,0,0,0.0,0,0,0,0.0,0,0,0,0,0,0,0,,0,0,0,0,22.38
00-0040744,2026_02_IND_KC,2,IND,KC,0,0,0,0,0,0,,0,0,0,0,,0,0,0,0,0,0.0,1,2,0,0.0,0,0,0,0,0,0,0,,0,0,1,10,0.0
00-0040747,2026_02_CLE_TB,2,TB,CLE,0,0,0,0,0,0,,0,0,0,0,,0,0,0,0,0,0.0,5,2,0,0.0,0,0,1,0,0,0,0,,0,0,0,0,0.0
00-0040749,2026_02_PHI_TEN,2,PHI,TEN,0,0,0,0,0,0,,0,0,0,0,,0,0,0,0,0,0.0,2,4,0,0.0,0,0,0,0,0,0,0,,0,0,0,0,0.0
00-0040751,2026_02_SEA_ARI,2,ARI,SEA,0,0,0,0,0,0,,0,0,0,0,,0,0,0,0,0,0.0,1,3,0,0.0,0,0,1,0,0,0,0,,0,0,0,0,0.0
00-0040752,2026_02_PHI_TEN,2,TEN,PHI,0,0,0,0,0,0,,0,0,0,0,,0,0,0,0,0,0.0,1,0,0,0.0,0,0,0,0,0,0,0,,0,0,0,0,0.0
00-0040756,2026_02_CIN_HOU,2,CIN,HOU,0,0,0,0,0,0,,0,0,0,0,,0,0,0,0,0,0.0,2,0,1,1.0,1,0,0,0,0,0,0,,0,0,0,0,0.0
00-0040782,2026_02_CLE_TB,2,CLE,TB,0,0,0,0,0,0,,0,0,0,0,,1,1,10,0,3,0.0333333333333333,0,0,0,0.0,0,0,0,0,0,0,0,,0,0,0,0,2.0
00-0040784,2026_02_CLE_TB,2,CLE,TB,0,0,0,0,0,0,,12,21,0,0,-8.32149213051889,5,5,27,0,35,0.166666666666667,0,0,0,0.0,0,0,0,0,0,0,0,,0,0,0,0,9.8
00-0040785,2026_02_CIN_HOU,2,CIN,HOU,0,0,0,0,0,0,,0,0,0,0,,1,0,0,0,0,0.032258064516129,0,0,0,0.0,0,0,0,0,0,0,0,,0,0,0,0,0.0
00-0040865,2026_02_WAS_DAL,2,DAL,WAS,0,0,0,0,0,0,,0,0,0,0,,0,0,0,0,0,0.0,6,3,0,0.0,0,0,1,1,0,0,0,,0,0,0,0,0.0
00-0040867,2026_02_PHI_TEN,2,PHI,TEN,0,0,0,0,0,0,,1,-5,0,0,-1.32893741689622,1,1,14,0,1,0.0294117647058824,1,0,0,0.0,0,0,0,0,0,0,0,,0,0,0,0,1.9
00-0040868,2026_02_LV_LAC,2,LV,LAC,0,0,0,0,0,0,,0,0,0,0,,0,0,0,0,0,0.0,2,2,0,0.0,0,0,0,0,0,0,0,,0,0,0,0,0.0
00-0040869,2026_02_GB_NYJ,2,GB,NYJ,0,0,0,0,0,0,,0,0,0,0,,0,0,0,0,0,0.0,0,0,0,0.0,0,0,0,0,0,0,0,,0,0,1,14,0.0
00-0040872,2026_02_WAS_DAL,2,DAL,WAS,0,0,0,0,0,0,,0,0,0,0,,0,0,0,0,0,0.0,4,3,1,0.0,0,0,0,1,0,0,0,,0,0,0,0,0.0
00-0040873,2026_02_SEA_ARI,2,SEA,ARI,0,0,0,0,0,0,,0,0,0,0,,0,0,0,0,0,0.0,1,0,0,0.0,0,0,0,0,0,0,0,,0,0,0,0,0.0
00-0040877,2026_02_GB_NYJ,2,GB,NYJ,0,0,0,0,0,0,,0,0,0,0,,0,0,0,0,0,0.0,2,4,0,0.5,2,0,0,0,0,0,0,,0,0,1,3,0.0
00-0040878,2026_02_LV_LAC,2,LV,LAC,0,0,0,0,0,0,,3,7,0,0,-1.43887083855225,1,0,0,0,0,0.0344827586206897,0,0,0,0.0,0,0,0,0,0,0,0,,0,0,0,0,0.7
00-0040880,2026_02_WAS_DAL,2,DAL,WAS,0,0,0,0,0,0,,0,0,0,0,,0,0,0,0,0,0.0,1,0,0,0.0,0,0,0,0,0,0,0,,0,0,0,0,0.0
00-0040885,2026_02_NO_BAL,2,BAL,NO,0,0,0,0,0,0,,0,0,0,0,,0,0,0,0,0,0.0,2,0,1,0.0,0,0,0,0,0,0,0,,0,0,0,0,0.0
00-0040886,2026_02_PHI_TEN,2,TEN,PHI,0,0,0,0,0,0,,4,10,0,0,-1.22702336043585,0,0,0,0,0,0.0,0,0,0,0.0,0,0,0,0,0,0,0,,0,0,0,0,1.0
00-0040889,2026_02_LV_LAC,2,LV,LAC,0,0,0,0,0,0,,0,0,0,0,,0,0,0,0,0,0.0,4,1,1,0.0,0,2,2,0,0,0,0,,0,0,1,6,0.0
00-0040894,2026_02_LV_LAC,2,LV,LAC,0,0,0,0,0,0,,0,0,0,0,,1,0,0,0,0,0.0344827586206897,0,0,0,0.0,0,0,0,0,0,0,0,,0,0,0,0,0.0
00-0040898,2026_02_NO_BAL,2,BAL,NO,0,0,0,0,0,0,,0,0,0,0,,0,0,0,0,0,0.0,0,0,0,0.0,0,0,0,0,0,0,0,,0,0,0,0,0.0
00-0040899,2026_02_GB_NYJ,2,GB,NYJ,0,0,0,0,0,0,,0,0,0,0,,0,0,0,0,0,0.0,0,0,0,0.0,0,0,0,0,0,2,2,34.0,2,2,0,0,0.0
00-0040928,2026_02_IND_KC,2,IND,KC,0,0,0,0,0,0,,0,0,0,0,,0,0,0,0,0,0.0,1,1,1,0.0,0,0,1,0,0,0,0,,0,0,0,0,0.0
00-0040948,2026_02_GB_NYJ,2,GB,NYJ,0,0,0,0,0,0,,0,0,0,0,,0,0,0,0,0,0.0,0,1,0,0.0,0,0,0,0,0,0,0,,0,0,0,0,0.0
00-0040978,2026_02_NO_BAL,2,BAL,NO,0,0,0,0,0,0,,0,0,0,0,,0,0,0,0,0,0.0,0,1,0,0.0,0,0,0,0,0,0,0,,0,0,0,0,0.0
00-0041013,2026_02_IND_KC,2,KC,IND,0,0,0,0,0,0,,2,15,0,0,0.875801516696811,2,2,20,0,24,0.0465116279069768,1,0,0,0.0,0,0,0,0,0,0,0,,0,0,0,0,5.5
00-0041019,2026_02_IND_KC,2,KC,IND,0,0,0,0,0,0,,0,0,0,0,,0,0,0,0,0,0.0,0,0,0,0.0,0,0,0,0,0,0,0,,0,0,1,10,0.0
00-0041026,2026_02_GB_NYJ,2,NYJ,GB,0,0,0,0,0,0,,0,0,0,0,,0,0,0,0,0,0.0,2,1,1,1.0,1,0,0,1,0,0,0,,0,0,1,5,0.0
00-0041027,2026_02_SEA_ARI,2,ARI,SEA,0,0,0,0,0,0,,9,29,0,0,-2.52027224213816,3,3,16,0,16,0.115384615384615,0,0,0,0.0,0,0,0,0,0,0,0,,0,0,0,0,7.5
00-0041028,2026_02_WAS_DAL,2,WAS,DAL,0,0,0,0,0,0,,0,0,0,0,,0,0,0,0,0,0.0,0,3,0,0.0,0,0,0,0,0,0,0,,0,0,0,0,0.0
00-0041032,2026_02_GB_NYJ,2,NYJ,GB,0,0,0,0,0,0,,0,0,0,0,,3,2,17,0,16,0.0833333333333333,0,0,0,0.0,0,0,0,0,0,0,0,,0,0,0,0,3.7
00-0041033,2026_02_MIN_CHI,2,MIN,CHI,0,0,0,0,0,0,,0,0,0,0,,0,0,0,0,0,0.0,3,3,1,0.0,0,0,0,0,0,0,0,,0,0,0,0,0.0
00-0041036,2026_02_DET_BUF,2,BUF,DET,0,0,0,0,0,0,,0,0,0,0,,0,0,0,0,0,0.0,1,0,0,0.0,0,0,0,0,0,0,0,,0,0,0,0,0.0
00-0041037,2026_02_CLE_TB,2,CLE,TB,0,0,0,0,0,0,,0,0,0,0,,7,5,95,1,50,0.233333333333333,0,0,0,0.0,0,0,0,0,0,0,0,,0,0,0,0,20.5
00-0041039,2026_02_IND_KC,2,IND,KC,0,0,0,0,0,0,,0,0,0,0,,0,0,0,0,0,0.0,0,1,0,0.0,0,0,0,0,0,0,0,,0,0,0,0,0.0
00-0041040,2026_02_WAS_DAL,2,WAS,DAL,0,1,0,0,0,0,-0.581719929818064,0,0,0,0,,3,3,24,0,8,0.0882352941176471,0,0,0,0.0,0,0,0,0,0,0,0,,0,0,0,0,5.4
00-0041041,2026_02_NO_BAL,2,NO,BAL,0,0,0,0,0,0,,0,0,0,0,,1,1,8,0,1,0.03125,0,0,0,0.0,0,0,0,0,0,0,0,,0,0,0,0,1.8
00-0041042,2026_02_NYG_LA,2,NYG,LA,0,0,0,0,0,0,,0,0,0,0,,6,2,30,0,6,0.1875,1,0,0,0.0,0,0,0,0,0,0,0,,0,0,0,0,5.0
00-0041043,2026_02_IND_KC,2,IND,KC,0,0,0,0,0,0,,0,0,0,0,,0,0,0,0,0,0.0,1,1,0,0.0,0,0,0,0,0,0,0,,0,0,0,0,0.0
00-0041044,2026_02_CAR_ATL,2,ATL,CAR,0,0,0,0,0,0,,0,0,0,0,,2,2,14,0,21,0.0645161290322581,0,0,0,0.0,0,0,0,0,0,0,0,,0,0,0,0,3.4
00-0041045,2026_02_JAX_DEN,2,JAX,DEN,0,0,0,0,0,0,,0,0,0,0,,0,0,0,0,0,0.0,0,1,0,0.0,0,0,0,0,0,0,0,,0,0,0,0,0.0
00-0041046,2026_02_MIN_CHI,2,MIN,CHI,0,0,0,0,0,0,,0,0,0,0,,0,0,0,0,0,0.0,0,2,0,0.0,0,0,0,0,0,0,0,,0,0,0,0,0.0
00-0041048,2026_02_CLE_TB,2,TB,CLE,0,0,0,0,0,0,,0,0,0,0,,7,2,27,0,2,0.212121212121212,1,0,0,0.0,0,0,0,0,0,0,0,,0,0,0,0,4.7
00-0041049,2026_02_CLE_TB,2,CLE,TB,0,0,0,0,0,0,,0,0,0,0,,0,0,0,0,0,0.0,0,0,0,0.0,0,0,0,0,0,0,0,,0,0,1,10,0.0
00-0041051,2026_02_MIN_CHI,2,CHI,MIN,0,0,0,0,0,0,,0,0,0,0,,0,0,0,0,0,0.0,0,0,0,0.0,0,0,0,0,0,0,0,,0,0,0,0,0.0
00-0041052,2026_02_MIA_SF,2,SF,MIA,0,0,0,0,0,0,,7,25,0,0,-1.97878664691234,0,0,0,0,0,0.0,0,0,0,0.0,0,0,0,0,0,0,0,,0,0,0,0,2.5
00-0041057,2026_02_CLE_TB,2,TB,CLE,0,0,0,0,0,0,,0,0,0,0,,0,0,0,0,0,0.0,5,0,0,0.0,0,0,0,0,0,0,0,,0,0,0,0,0.0
00-0041060,2026_02_MIN_CHI,2,CHI,MIN,0,0,0,0,0,0,,0,0,0,0,,0,0,0,0,0,0.0,2,1,1,1.0,1,0,0,0,0,0,0,,0,0,0,0,0.0
00-0041063,2026_02_CAR_ATL,2,CAR,ATL,0,0,0,0,0,0,,0,0,0,0,,0,0,0,0,0,0.0,1,1,0,0.0,0,0,2,0,0,0,0,,0,0,0,0,0.0
00-0041064,2026_02_LV_LAC,2,LAC,LV,0,0,0,0,0,0,,0,0,0,0,,0,0,0,0,0,0.0,0,1,0,0.0,0,0,1,0,0,0,0,,0,0,0,0,0.0
00-0041066,2026_02_CAR_ATL,2,ATL,CAR,0,0,0,0,0,0,,0,0,0,0,,0,0,0,0,0,0.0,2,0,1,0.0,0,0,0,0,0,0,0,,0,0,1,10,0.0
00-0041067,2026_02_NO_BAL,2,NO,BAL,0,0,0,0,0,0,,0,0,0,0,,1,1,8,0,0,0.03125,0,0,0,0.0,0,0,0,0,0,0,0,,0,0,1,5,1.8
00-0041069,2026_02_CIN_HOU,2,CIN,HOU,0,0,0,0,0,0,,0,0,0,0,,1,1,7,0,1,0.032258064516129,0,0,0,0.0,0,0,0,0,0,0,0,,0,0,0,0,1.7
00-0041072,2026_02_LV_LAC,2,LAC,LV,0,0,0,0,0,0,,0,0,0,0,,0,0,0,0,0,0.0,1,0,0,0.0,1,0,0,0,0,0,0,,0,0,0,0,0.0
00-0041076,2026_02_CAR_ATL,2,CAR,ATL,0,0,0,0,0,0,,0,0,0,0,,0,0,0,0,0,0.0,4,1,0,0.0,0,0,0,1,0,0,0,,0,0,0,0,0.0
00-0041078,2026_02_MIA_SF,2,SF,MIA,0,0,0,0,0,0,,0,0,0,0,,0,0,0,0,0,0.0,1,1,0,0.0,0,0,0,0,0,0,0,,0,0,0,0,0.0
00-0041088,2026_02_PIT_NE,2,NE,PIT,0,0,0,0,0,0,,0,0,0,0,,0,0,0,0,0,0.0,1,0,0,0.0,0,0,0,0,0,0,0,,0,0,0,0,0.0
00-0041093,2026_02_SEA_ARI,2,ARI,SEA,0,0,0,0,0,0,,0,0,0,0,,0,0,0,0,0,0.0,1,0,0,0.0,0,0,0,0,0,0,0,,0,0,1,15,0.0
00-0041096,2026_02_WAS_DAL,2,WAS,DAL,0,0,0,0,0,0,,5,24,0,0,-2.09201254358049,0,0,0,0,0,0.0,0,0,0,0.0,0,0,0,0,0,0,0,,0,0,0,0,2.4
00-0041099,2026_02_NO_BAL,2,NO,BAL,0,0,0,0,0,0,,0,0,0,0,,0,0,0,0,0,0.0,0,0,0,0.0,0,0,0,0,0,0,0,,0,0,0,0,0.0
00-0041100,2026_02_JAX_DEN,2,JAX,DEN,0,0,0,0,0,0,,0,0,0,0,,0,0,0,0,0,0.0,0,0,0,0.0,0,0,0,0,0,0,0,,0,0,0,0,0.0
00-0041104,2026_02_MIN_CHI,2,MIN,CHI,0,0,0,0,0,0,,0,0,0,0,,1,1,2,0,9,0.0526315789473684,0,0,0,0.0,0,0,0,0,0,0,0,,0,0,0,0,1.2
00-0041109,2026_02_PIT_NE,2,NE,PIT,0,0,0,0,0,0,,0,0,0,0,,0,0,0,0,0,0.0,1,1,0,0.0,0,0,0,0,0,0,0,,0,0,0,0,0.0
00-0041110,2026_02_MIN_CHI,2,CHI,MIN,0,0,0,0,0,0,,0,0,0,0,,0,0,0,0,0,0.0,1,0,0,0.0,0,0,0,0,0,0,0,,0,0,0,0,0.0
00-0041111,2026_02_IND_KC,2,IND,KC,0,0,0,0,0,0,,0,0,0,0,,0,0,0,0,0,0.0,1,1,0,0.0,0,0,0,0,0,0,0,,0,0,0,0,0.0
00-0041112,2026_02_CAR_ATL,2,ATL,CAR,0,0,0,0,0,0,,0,0,0,0,,0,0,0,0,0,0.0,0,1,0,0.0,0,0,0,0,0,0,0,,0,0,1,5,0.0
00-0041125,2026_02_IND_KC,2,IND,KC,0,0,0,0,0,0,,2,0,0,0,-1.22791252261959,0,0,0,0,0,0.0,0,0,0,0.0,0,0,0,0,0,0,0,,0,0,0,0,0.0
00-0041126,2026_02_DET_BUF,2,BUF,DET,0,0,0,0,0,0,,0,0,0,0,,0,0,0,0,0,0.0,0,0,0,0.0,0,0,0,0,0,0,0,,0,0,0,0,0.0
00-0041132,2026_02_IND_KC,2,IND,KC,0,0,0,0,0,0,,2,14,0,0,0.5151224557776,0,0,0,0,0,0.0,0,1,0,0.0,0,0,0,0,0,0,0,,0,0,0,0,1.4
00-0041145,2026_02_NYG_LA,2,NYG,LA,0,0,0,0,0,0,,0,0,0,0,,0,0,0,0,0,0.0,0,0,0,0.0,0,0,0,0,0,2,2,52.0,0,0,0,0,0.0
00-0041148,2026_02_CAR_ATL,2,CAR,ATL,0,0,0,0,0,0,,0,0,0,0,,0,0,0,0,0,0.0,1,5,0,0.0,1,0,0,0,0,0,0,,0,0,0,0,0.0
00-0041175,2026_02_MIN_CHI,2,CHI,MIN,0,0,0,0,0,0,,0,0,0,0,,0,0,0,0,0,0.0,0,1,0,0.0,0,0,0,0,0,0,0,,0,0,0,0,0.0
00-0041182,2026_02_WAS_DAL,2,WAS,DAL,0,0,0,0,0,0,,0,0,0,0,,0,0,0,0,0,0.0,0,0,0,0.0,0,0,0,0,0,2,3,47.0,2,2,0,0,0.0
00-0041194,2026_02_CAR_ATL,2,ATL,CAR,8,15,59,0,1,2,-12.8596125824843,2,16,0,0,1.47944146418013,0,0,0,0,0,0.0,0,0,0,0.0,0,0,0,0,0,0,0,,0,0,0,0,-0.04
00-0041227,2026_02_IND_KC,2,IND,KC,0,0,0,0,0,0,,0,0,0,0,,0,0,0,0,0,0.0,1,0,0,0.0,0,0,0,0,0,0,0,,0,0,0,0,0.0
00-0041305,2026_02_CIN_HOU,2,HOU,CIN,0,0,0,0,0,0,,0,0,0,0,,0,0,0,0,0,0.0,1,1,0,0.5,1,0,0,0,0,0,0,,0,0,0,0,0.0
00-0041326,2026_02_NO_BAL,2,NO,BAL,0,0,0,0,0,0,,1,2,0,0,0.358617695514113,0,0,0,0,0,0.0,0,1,0,0.0,0,0,0,0,0,0,0,,0,0,0,0,0.2
00-0041354,2026_02_MIN_CHI,2,MIN,CHI,0,0,0,0,0,0,,0,0,0,0,,0,0,0,0,0,0.0,0,1,0,0.0,1,0,0,0,0,0,0,,0,0,0,0,0.0
00-0041363,2026_02_MIA_SF,2,SF,MIA,0,0,0,0,0,0,,0,0,0,0,,0,0,0,0,0,0.0,1,1,0,0.0,0,0,0,0,0,0,0,,0,0,0,0,0.0
00-0041370,2026_02_SEA_ARI,2,ARI,SEA,0,0,0,0,0,0,,0,0,0,0,,0,0,0,0,0,0.0,0,0,0,0.0,0,0,0,0,0,0,0,,0,0,1,3,0.0
00-0041381,2026_02_LV_LAC,2,LAC,LV,0,0,0,0,0,0,,0,0,0,0,,0,0,0,0,0,0.0,2,0,0,0.0,0,0,0,0,0,0,0,,0,0,0,0,0.0
00-0041382,2026_02_SEA_ARI,2,SEA,ARI,0,0,0,0,0,0,,0,0,0,0,,0,0,0,0,0,0.0,1,0,0,0.0,0,0,0,0,0,0,0,,0,0,0,0,0.0
00-0041391,2026_02_DET_BUF,2,BUF,DET,0,0,0,0,0,0,,0,0,0,0,,0,0,0,0,0,0.0,4,1,0,0.0,0,0,0,0,0,0,0,,0,0,1,5,0.0
00-0041392,2026_02_LV_LAC,2,LAC,LV,0,0,0,0,0,0,,0,0,0,0,,0,0,0,0,0,0.0,0,0,0,0.0,0,0,0,0,0,0,0,,0,0,0,0,0.0
00-0041395,2026_02_PIT_NE,2,NE,PIT,0,0,0,0,0,0,,0,0,0,0,,1,1,30,0,5,0.0476190476190476,0,0,0,0.0,0,0,0,0,0,0,0,,0,0,0,0,4.0
00-0041397,2026_02_PIT_NE,2,PIT,NE,0,0,0,0,0,0,,0,0,0,0,,0,0,0,0,0,0.0,0,0,0,0.0,0,0,0,0,0,0,0,,0,0,0,0,0.0
00-0041401,2026_02_PIT_NE,2,PIT,NE,0,0,0,0,0,0,,0,0,0,0,,0,0,0,0,0,0.0,3,1,0,0.0,0,0,0,0,0,0,0,,0,0,0,0,0.0
00-0041402,2026_02_PIT_NE,2,NE,PIT,0,0,0,0,0,0,,0,0,0,0,,0,0,0,0,0,0.0,0,3,0,0.0,0,0,0,0,0,0,0,,0,0,0,0,0.0
00-0041404,2026_02_NYG_LA,2,LA,NYG,0,0,0,0,0,0,,0,0,0,0,,0,0,0,0,0,0.0,1,0,0,1.0,1,0,0,0,0,0,0,,0,0,0,0,0.0
00-0041436,2026_02_MIA_SF,2,MIA,SF,0,0,0,0,0,0,,0,0,0,0,,3,1,18,0,11,0.130434782608696,0,0,0,0.0,0,0,0,0,0,0,0,,0,0,0,0,2.8
00-0041438,2026_02_PHI_TEN,2,TEN,PHI,0,0,0,0,0,0,,0,0,0,0,,5,3,27,0,2,0.294117647058824,0,0,0,0.0,0,0,0,0,0,0,0,,0,0,0,0,5.7
00-0041444,2026_02_DET_BUF,2,BUF,DET,0,0,0,0,0,0,,0,0,0,0,,0,0,0,0,0,0.0,0,2,0,0.0,0,0,0,0,0,0,0,,0,0,0,0,0.0
00-0041447,2026_02_DET_BUF,2,DET,BUF,0,0,0,0,0,0,,0,0,0,0,,0,0,0,0,0,0.0,0,1,0,0.0,1,0,0,0,0,0,0,,0,0,0,0,0.0
00-0041449,2026_02_CIN_HOU,2,HOU,CIN,0,0,0,0,0,0,,0,0,0,0,,0,0,0,0,0,0.0,1,0,0,0.0,0,0,0,0,0,0,0,,0,0,0,0,0.0
00-0041455,2026_02_PIT_NE,2,NE,PIT,0,0,0,0,0,0,,0,0,0,0,,0,0,0,0,0,0.0,0,1,0,0.0,0,0,0,0,0,0,0,,0,0,0,0,0.0
00-0041459,2026_02_DET_BUF,2,DET,BUF,0,0,0,0,0,0,,0,0,0,0,,0,0,0,0,0,0.0,1,0,0,0.0,0,0,0,0,0,0,0,,0,0,0,0,0.0
00-0041462,2026_02_NYG_LA,2,NYG,LA,0,0,0,0,0,0,,0,0,0,0,,0,0,0,0,0,0.0,2,1,0,0.0,0,0,0,0,0,0,0,,0,0,0,0,0.0
00-0041464,2026_02_CIN_HOU,2,CIN,HOU,0,0,0,0,0,0,,0,0,0,0,,0,0,0,0,0,0.0,1,1,0,0.0,0,0,0,0,0,0,0,,0,0,1,5,0.0
00-0041469,2026_02_CAR_ATL,2,ATL,CAR,0,0,0,0,0,0,,0,0,0,0,,0,0,0,0,0,0.0,1,0,0,0.0,0,0,0,0,0,0,0,,0,0,0,0,0.0
00-0041470,2026_02_GB_NYJ,2,GB,NYJ,0,0,0,0,0,0,,0,0,0,0,,0,0,0,0,0,0.0,4,1,0,0.5,1,0,0,0,0,0,0,,0,0,0,0,0.0
00-0041471,2026_02_CLE_TB,2,CLE,TB,0,0,0,0,0,0,,0,0,0,0,,0,0,0,0,0,0.0,3,0,0,0.0,0,0,0,0,0,0,0,,0,0,0,0,0.0
00-0041479,2026_02_PHI_TEN,2,TEN,PHI,0,0,0,0,0,0,,0,0,0,0,,0,0,0,0,0,0.0,6,4,0,0.0,0,0,0,0,0,0,0,,0,0,0,0,0.0
00-0041489,2026_02_PIT_NE,2,PIT,NE,0,0,0,0,0,0,,0,0,0,0,,8,4,35,0,12,0.216216216216216,0,0,0,0.0,0,0,0,0,0,0,0,,0,0,0,0,7.5
00-0041490,2026_02_PIT_NE,2,PIT,NE,0,0,0,0,0,0,,0,0,0,0,,0,0,0,0,0,0.0,0,0,0,0.0,0,0,0,0,0,0,0,,0,0,0,0,0.0
00-0041494,2026_02_NO_BAL,2,BAL,NO,0,0,0,0,0,0,,0,0,0,0,,0,0,0,0,0,0.0,2,1,0,0.0,0,0,0,0,0,0,0,,0,0,0,0,0.0
00-0041495,2026_02_MIN_CHI,2,MIN,CHI,0,0,0,0,0,0,,0,0,0,0,,0,0,0,0,0,0.0,0,1,0,0.0,0,0,0,0,0,0,0,,0,0,0,0,0.0
00-0041496,2026_02_JAX_DEN,2,DEN,JAX,0,0,0,0,0,0,,10,39,1,0,-0.207429695816245,3,3,19,0,19,0.103448275862069,0,0,0,0.0,0,0,0,0,0,0,0,,0,0,0,0,14.8
00-0041497,2026_02_IND_KC,2,KC,IND,0,0,0,0,0,0,,0,0,0,0,,0,0,0,0,0,0.0,0,1,0,0.0,0,0,0,0,0,0,0,,0,0,0,0,0.0
00-0041501,2026_02_IND_KC,2,KC,IND,0,0,0,0,0,0,,0,0,0,0,,0,0,0,0,0,0.0,0,0,0,0.0,1,0,0,0,0,0,0,,0,0,0,0,0.0
00-0041502,2026_02_CLE_TB,2,TB,CLE,0,0,0,0,0,0,,0,0,0,0,,0,0,0,0,0,0.0,6,7,0,0.0,0,0,0,0,0,0,0,,0,0,0,0,0.0
00-0041505,2026_02_NYG_LA,2,NYG,LA,0,0,0,0,0,0,,0,0,0,0,,0,0,0,0,0,0.0,0,0,0,0.0,0,0,0,0,0,0,0,,0,0,1,5,0.0
00-0041508,2026_02_PHI_TEN,2,TEN,PHI,0,0,0,0,0,0,,0,0,0,0,,0,0,0,0,0,0.0,0,1,0,0.0,0,0,0,0,0,0,0,,0,0,0,0,0.0
00-0041509,2026_02_NYG_LA,2,NYG,LA,0,0,0,0,0,0,,0,0,0,0,,0,0,0,0,0,0.0,3,4,0,0.0,0,0,0,0,0,0,0,,0,0,0,0,0.0
00-0041512,2026_02_SEA_ARI,2,SEA,ARI,0,0,0,0,0,0,,13,52,0,1,-7.47152426201501,2,1,8,0,16,0.0769230769230769,0,0,0,0.0,0,0,0,0,0,0,0,,0,0,0,0,5.0
00-0041518,2026_02_IND_KC,2,IND,KC,0,0,0,0,0,0,,0,0,0,0,,0,0,0,0,0,0.0,2,3,0,0.0,0,0,0,0,0,0,0,,0,0,0,0,0.0
00-0041521,2026_02_MIA_SF,2,MIA,SF,0,0,0,0,0,0,,0,0,0,0,,0,0,0,0,0,0.0,0,0,0,0.0,0,0,0,0,0,0,0,,0,0,2,15,0.0
00-0041522,2026_02_MIA_SF,2,MIA,SF,0,0,0,0,0,0,,0,0,0,0,,0,0,0,0,0,0.0,3,5,0,0.0,1,0,0,0,0,0,0,,0,0,0,0,0.0
00-0041523,2026_02_MIA_SF,2,MIA,SF,0,0,0,0,0,0,,0,0,0,0,,3,2,19,0,6,0.130434782608696,0,0,0,0.0,0,0,0,0,0,0,0,,0,0,0,0,3.9
00-0041524,2026_02_MIA_SF,2,MIA,SF,0,0,0,0,0,0,,0,0,0,0,,1,1,4,0,2,0.0434782608695652,0,1,0,0.0,0,0,0,0,0,0,0,,0,0,0,0,1.4
00-0041525,2026_02_MIA_SF,2,MIA,SF,0,0,0,0,0,0,,0,0,0,0,,1,0,0,0,0,0.0434782608695652,0,0,0,0.0,0,0,0,0,0,0,0,,0,0,0,0,0.0
00-0041528,2026_02_MIA_SF,2,MIA,SF,0,0,0,0,0,0,,0,0,0,0,,0,0,0,0,0,0.0,5,4,0,0.0,0,0,0,0,0,0,0,,0,0,0,0,0.0
00-0041532,2026_02_CIN_HOU,2,HOU,CIN,0,0,0,0,0,0,,0,0,0,0,,0,0,0,0,0,0.0,0,0,0,0.0,0,0,0,0,0,0,0,,0,0,2,20,0.0
00-0041533,2026_02_MIA_SF,2,MIA,SF,0,0,0,0,0,0,,0,0,0,0,,0,0,0,0,0,0.0,1,0,0,0.0,0,0,0,0,0,0,0,,0,0,0,0,0.0
00-0041537,2026_02_WAS_DAL,2,DAL,WAS,0,0,0,0,0,0,,0,0,0,0,,0,0,0,0,0,0.0,1,0,0,0.0,1,0,0,0,0,0,0,,0,0,0,0,0.0
00-0041538,2026_02_MIN_CHI,2,CHI,MIN,0,0,0,0,0,0,,0,0,0,0,,0,0,0,0,0,0.0,3,4,0,0.0,0,0,1,0,0,0,0,,0,0,0,0,0.0
00-0041544,2026_02_LV_LAC,2,LAC,LV,0,0,0,0,0,0,,0,0,0,0,,0,0,0,0,0,0.0,0,3,0,0.5,2,0,0,0,0,0,0,,0,0,0,0,0.0
00-0041545,2026_02_IND_KC,2,KC,IND,0,0,0,0,0,0,,0,0,0,0,,0,0,0,0,0,0.0,0,3,0,0.0,0,0,0,0,0,0,0,,0,0,0,0,0.0
00-0041546,2026_02_CIN_HOU,2,CIN,HOU,0,0,0,0,0,0,,0,0,0,0,,0,0,0,0,0,0.0,0,1,0,0.0,1,0,0,0,0,0,0,,0,0,0,0,0.0
00-0041547,2026_02_CLE_TB,2,CLE,TB,0,0,0,0,0,0,,1,-6,0,0,-1.91949546919204,6,6,28,0,16,0.2,0,0,0,0.0,0,0,0,0,0,0,0,,0,0,0,0,8.2
00-0041549,2026_02_GB_NYJ,2,NYJ,GB,0,0,0,0,0,0,,0,0,0,0,,0,0,0,0,0,0.0,1,1,0,0.0,0,0,0,0,0,0,0,,0,0,0,0,0.0
00-0041550,2026_02_LV_LAC,2,LAC,LV,0,0,0,0,0,0,,0,0,0,0,,3,1,13,0,0,0.115384615384615,0,0,0,0.0,0,0,0,0,0,0,0,,0,0,0,0,2.3
00-0041556,2026_02_MIA_SF,2,SF,MIA,0,0,0,0,0,0,,0,0,0,0,,0,0,0,0,0,0.0,1,0,0,1.0,0,0,0,0,0,0,0,,0,0,0,0,0.0
00-0041557,2026_02_MIA_SF,2,SF,MIA,0,0,0,0,0,0,,0,0,0,0,,0,0,0,0,0,0.0,3,2,1,0.0,0,0,0,0,0,0,0,,0,0,0,0,0.0
00-0041558,2026_02_MIN_CHI,2,CHI,MIN,0,0,0,0,0,0,,0,0,0,0,,3,1,9,0,12,0.1,0,0,0,0.0,0,0,0,0,0,0,0,,0,0,1,5,1.9
00-0041563,2026_02_LV_LAC,2,LV,LAC,0,0,0,0,0,0,,0,0,0,0,,0,0,0,0,0,0.0,1,1,0,0.0,0,0,0,0,0,0,0,,0,0,0,0,0.0
00-0041569,2026_02_PIT_NE,2,NE,PIT,0,0,0,0,0,0,,0,0,0,0,,0,0,0,0,0,0.0,1,2,0,0.0,1,1,1,0,0,0,0,,0,0,0,0,0.0
00-0041581,2026_02_MIN_CHI,2,MIN,CHI,0,0,0,0,0,0,,0,0,0,0,,0,0,0,0,0,0.0,0,0,0,0.0,0,0,0,0,0,0,0,,0,0,0,0,0.0
,2026_02_DET_BUF,2,BUF,DET,0,0,0,0,0,0,,0,0,0,0,,0,0,0,0,0,0.0,0,0,0,0.0,0,0,0,0,0,0,0,,0,0,17,83,0.0
00-0023459,2026_03_CIN_PIT,3,PIT,CIN,19,34,292,3,1,2,8.52524276128042,3,10,0,0,-1.63761484343559,0,0,0,0,0,0.0,0,0,0,0.0,0,0,0,0,0,0,0,,0,0,0,0,22.68
00-0025565,2026_03_ATL_GB,3,ATL,GB,0,0,0,0,0,0,,0,0,0,0,,0,0,0,0,0,0.0,0,0,0,0.0,0,0,0,0,0,2,2,44.0,3,3,0,0,0.0
00-0026190,2026_03_BAL_DAL,3,BAL,DAL,0,0,0,0,0,0,,0,0,0,0,,0,0,0,0,0,0.0,0,3,0,0.0,3,0,0,0,0,0,0,,0,0,0,0,0.0
00-0026498,2026_03_LA_DEN,3,LA,DEN,30,55,390,2,2,4,-0.693947755694083,2,13,0,0,2.72435737546766,0,0,0,0,0,0.0,0,0,0,0.0,0,0,0,0,0,0,0,,0,0,0,0,20.9
00-0027940,2026_03_BAL_DAL,3,DAL,BAL,0,0,0,0,0,0,,0,0,0,0,,0,0,0,0,0,0.0,1,0,0,0.0,0,0,0,0,0,0,0,,0,0,0,0,0.0
00-0027969,2026_03_CIN_PIT,3,PIT,CIN,0,0,0,0,0,0,,0,0,0,0,,0,0,0,0,0,0.0,1,0,0,0.0,2,0,0,0,0,0,0,,0,0,0,0,0.0
00-0027973,2026_03_PHI_CHI,3,PHI,CHI,0,1,0,0,1,0,-5.56907431391301,0,0,0,0,,0,0,0,0,0,0.0,0,0,0,0.0,0,0,0,0,0,0,0,,0,0,0,0,-2.0
00-0028872,2026_03_MIN_TB,3,MIN,TB,0,0,0,0,0,0,,0,0,0,0,,0,0,0,0,0,0.0,0,0,0,0.0,0,0,0,0,0,0,0,,0,0,0,0,0.0
00-0028986,2026_03_PHI_CHI,3,CHI,PHI,24,34,247,2,0,0,7.25286489383535,4,6,1,0,-3.8257682917756,0,0,0,0,0,0.0,0,0,0,0.0,0,0,0,0,0,0,0,,0,0,0,0,24.48
00-0029604,2026_03_LV_NO,3,LV,NO,22,33,248,3,0,3,8.98137735467535,3,3,0,0,-2.32625442650169,0,0,0,0,0,0.0,0,0,0,0.0,0,0,0,0,0,0,0,,0,0,0,0,22.22
00-0029606,2026_03_MIN_TB,3,MIN,TB,0,0,0,0,0,0,,0,0,0,0,,0,0,0,0,0,0.0,1,0,0,0.0,0,0,0,0,0,0,0,,0,0,0,0,0.0
00-0029607,2026_03_NYJ_DET,3,NYJ,DET,0,0,0,0,0,0,,0,0,0,0,,0,0,0,0,0,0.0,7,3,1,1.0,1,0,0,0,0,0,0,,0,0,0,0,0.0
00-0029692,2026_03_BAL_DAL,3,DAL,BAL,0,0,0,0,0,0,,0,0,0,0,,0,0,0,0,0,0.0,0,0,0,0.0,0,0,0,0,0,0,0,,0,0,0,0,0.0
00-0029892,2026_03_ARI_SF,3,SF,ARI,0,0,0,0,0,0,,0,0,0,0,,2,0,0,0,0,0.0769230769230769,0,0,0,0.0,0,0,0,0,0,0,0,,0,0,0,0,0.0
00-0030061,2026_03_PHI_CHI,3,PHI,CHI,0,0,0,0,0,0,,0,0,0,0,,2,1,9,0,5,0.08,0,0,0,0.0,0,0,0,0,0,0,0,,0,0,0,0,1.9
00-0030070,2026_03_BAL_DAL,3,BAL,DAL,0,0,0,0,0,0,,0,0,0,0,,0,0,0,0,0,0.0,0,1,0,0.0,0,0,0,0,0,0,0,,0,0,0,0,0.0
00-0030092,2026_03_CAR_CLE,3,CAR,CLE,0,0,0,0,0,0,,0,0,0,0,,0,0,0,0,0,0.0,0,0,0,0.0,0,0,0,0,0,0,0,,0,0,0,0,0.0
00-0030140,2026_03_SEA_WAS,3,WAS,SEA,0,0,0,0,0,0,,0,0,0,0,,0,0,0,0,0,0.0,0,0,0,0.0,0,0,0,0,0,0,0,,0,0,0,0,0.0
00-0030279,2026_03_HOU_IND,3,IND,HOU,0,0,0,0,0,0,,0,0,0,0,,9,6,63,1,19,0.257142857142857,0,0,0,0.0,0,0,0,0,0,0,0,,0,0,1,5,18.3
00-0030294,2026_03_LAC_BUF,3,LAC,BUF,0,0,0,0,0,0,,0,0,0,0,,0,0,0,0,0,0.0,2,0,0,0.0,0,0,1,0,0,0,0,,0,0,0,0,0.0
00-0030506,2026_03_KC_MIA,3,KC,MIA,0,0,0,0,0,0,,0,0,0,0,,2,2,59,1,26,0.0869565217391304,0,0,0,0.0,0,0,0,0,0,0,0,,0,0,0,0,13.9
00-0030565,2026_03_NYJ_DET,3,NYJ,DET,31,37,321,3,0,5,10.8792466572282,2,12,0,0,-0.131574424915016,0,0,0,0,0,0.0,0,0,0,0.0,0,0,0,0,0,0,0,,0,0,0,0,26.04
00-0031040,2026_03_LAC_BUF,3,LAC,BUF,0,0,0,0,0,0,,0,0,0,0,,0,0,0,0,0,0.0,1,2,1,1.0,2,0,0,0,0,0,0,,0,0,0,0,0.0
00-0031054,2026_03_NE_JAX,3,NE,JAX,0,0,0,0,0,0,,0,0,0,0,,0,0,0,0,0,0.0,1,0,0,0.0,0,0,0,0,0,0,0,,0,0,0,0,0.0
00-0031136,2026_03_CIN_PIT,3,PIT,CIN,0,0,0,0,0,0,,0,0,0,0,,0,0,0,0,0,0.0,0,0,0,0.0,0,0,0,0,0,3,3,44.0,3,3,0,0,0.0
00-0031203,2026_03_PHI_CHI,3,CHI,PHI,0,0,0,0,0,0,,0,0,0,0,,0,0,0,0,0,0.0,0,0,0,0.0,0,0,0,0,0,2,2,48.0,3,3,1,0,0.0
00-0031235,2026_03_TEN_NYG,3,NYG,TEN,0,0,0,0,0,0,,0,0,0,0,,1,0,0,0,0,0.0476190476190476,0,0,0,0.0,0,0,0,0,0,0,0,,0,0,0,0,0.0
00-0031270,2026_03_TEN_NYG,3,NYG,TEN,0,0,0,0,0,0,,0,0,0,0,,0,0,0,0,0,0.0,0,2,0,0.0,0,0,0,0,0,0,0,,0,0,1,15,0.0
00-0031330,2026_03_NE_JAX,3,NE,JAX,0,0,0,0,0,0,,0,0,0,0,,0,0,0,0,0,0.0,0,0,0,0.0,0,0,0,0,0,0,0,,0,0,1,10,0.0
00-0031360,2026_03_MIN_TB,3,MIN,TB,0,0,0,0,0,0,,0,0,0,0,,0,0,0,0,0,0.0,2,2,3,1.5,2,0,0,0,0,0,0,,0,0,0,0,0.0
00-0031381,2026_03_LA_DEN,3,LA,DEN,0,0,0,0,0,0,,0,0,0,0,,13,7,137,0,51,0.26530612244898,0,0,0,0.0,0,0,0,0,0,0,0,,0,0,1,10,20.7
00-0031388,2026_03_LA_DEN,3,LA,DEN,0,0,0,0,0,0,,0,0,0,0,,0,0,0,0,0,0.0,0,1,0,0.0,1,0,0,0,0,0,0,,0,0,0,0,0.0
00-0031408,2026_03_ARI_SF,3,SF,ARI,0,0,0,0,0,0,,0,0,0,0,,6,3,34,1,-3,0.230769230769231,0,0,0,0.0,0,0,0,0,0,0,0,,0,0,0,0,12.4
00-0031411,2026_03_SEA_WAS,3,SEA,WAS,0,0,0,0,0,0,,0,0,0,0,,0,0,0,0,0,0.0,1,3,1,0.0,3,0,0,0,0,0,0,,0,0,0,0,0.0
00-0031492,2026_03_SEA_WAS,3,SEA,WAS,0,0,0,0,0,0,,0,0,0,0,,0,0,0,0,0,0.0,0,0,0,0.0,0,0,0,0,0,1,1,57.0,4,4,1,0,0.0
00-0031503,2026_03_TEN_NYG,3,NYG,TEN,14,22,118,0,0,3,-6.11470817597949,2,14,0,0,1.42379453359172,0,0,0,0,0,0.0,0,0,0,0.0,0,0,0,0,0,0,0,,0,0,0,0,6.12
00-0031565,2026_03_HOU_IND,3,HOU,IND,0,0,0,0,0,0,,0,0,0,0,,0,0,0,0,0,0.0,2,4,0,0.5,2,0,1,1,0,0,0,,0,0,0,0,0.0
00-0031576,2026_03_ATL_GB,3,ATL,GB,0,0,0,0,0,0,,0,0,0,0,,0,0,0,0,0,0.0,0,1,0,0.0,0,0,0,0,0,0,0,,0,0,0,0,0.0
00-0031583,2026_03_PHI_CHI,3,CHI,PHI,0,0,0,0,0,0,,0,0,0,0,,0,0,0,0,0,0.0,0,1,0,0.0,0,0,0,0,0,0,0,,0,0,0,0,0.0
00-0031588,2026_03_SEA_WAS,3,WAS,SEA,0,0,0,0,0,0,,0,0,0,0,,7,4,33,0,25,0.233333333333333,0,0,0,0.0,0,0,0,0,0,0,0,,0,0,0,0,7.3
00-0031595,2026_03_CAR_CLE,3,CLE,CAR,0,0,0,0,0,0,,0,0,0,0,,1,0,0,0,0,0.0333333333333333,0,0,0,0.0,0,0,0,0,0,0,0,,0,0,0,0,0.0
00-0031610,2026_03_CAR_CLE,3,CAR,CLE,0,0,0,0,0,0,,0,0,0,0,,8,5,51,0,17,0.19047619047619,0,0,0,0.0,0,0,0,0,0,0,0,,0,0,0,0,10.1
00-0031898,2026_03_LA_DEN,3,DEN,LA,0,0,0,0,0,0,,0,0,0,0,,0,0,0,0,0,0.0,5,3,0,0.0,1,0,0,0,0,0,0,,0,0,0,0,0.0
00-0031933,2026_03_SEA_WAS,3,SEA,WAS,0,0,0,0,0,0,,0,0,0,0,,0,0,0,0,0,0.0,1,1,2,1.0,3,0,0,0,0,0,0,,0,0,0,0,0.0
00-0032065,2026_03_KC_MIA,3,MIA,KC,0,0,0,0,0,0,,0,0,0,0,,0,0,0,0,0,0.0,0,0,0,0.0,0,0,0,0,0,0,0,,0,0,0,0,0.0
00-0032104,2026_03_NE_JAX,3,JAX,NE,0,0,0,0,0,0,,3,2,0,0,-1.01258130220231,1,0,0,0,0,0.037037037037037,0,0,0,0.0,0,0,0,0,0,0,0,,0,0,0,0,0.2
00-0032146,2026_03_LAC_BUF,3,LAC,BUF,0,0,0,0,0,0,,0,0,0,0,,0,0,0,0,0,0.0,0,1,0,0.0,0,0,0,0,0,0,0,,0,0,0,0,0.0
00-0032164,2026_03_NE_JAX,3,JAX,NE,0,0,0,0,0,0,,0,0,0,0,,0,0,0,0,0,0.0,1,1,0,0.0,0,0,0,0,0,0,0,,0,0,0,0,0.0
00-0032228,2026_03_LA_DEN,3,LA,DEN,0,0,0,0,0,0,,0,0,0,0,,0,0,0,0,0,0.0,0,1,0,0.0,0,0,0,0,0,0,0,,0,0,0,0,0.0
00-0032265,2026_03_HOU_IND,3,HOU,IND,0,0,0,0,0,0,,0,0,0,0,,0,0,0,0,0,0.0,1,0,0,0.0,0,0,0,0,0,0,0,,0,0,0,0,0.0
00-0032268,2026_03_SEA_WAS,3,WAS,SEA,19,31,183,3,0,2,3.84725223039277,5,11,0,0,-1.71054202835531,0,0,0,0,0,0.0,0,0,0,0.0,0,0,0,0,0,0,0,,0,0,0,0,20.42
00-0032378,2026_03_HOU_IND,3,IND,HOU,0,0,0,0,0,0,,0,0,0,0,,0,0,0,0,0,0.0,2,5,1,1.5,2,0,0,0,0,0,0,,0,0,0,0,0.0
00-0032385,2026_03_NYJ_DET,3,NYJ,DET,0,0,0,0,0,0,,0,0,0,0,,1,1,3,0,1,0.0277777777777778,0,0,0,0.0,0,0,0,0,0,0,0,,0,0,0,0,3.3
00-0032387,2026_03_SEA_WAS,3,SEA,WAS,0,0,0,0,0,0,,0,0,0,0,,0,0,0,0,0,0.0,0,7,0,0.0,0,0,0,0,0,0,0,,0,0,0,0,0.0
00-0032392,2026_03_ATL_GB,3,ATL,GB,0,0,0,0,0,0,,0,0,0,0,,2,2,11,1,1,0.0869565217391304,0,0,0,0.0,0,0,0,0,0,0,0,,0,0,0,0,9.1
00-0032398,2026_03_BAL_DAL,3,BAL,DAL,0,0,0,0,0,0,,0,0,0,0,,1,1,4,1,0,0.05,0,0,0,0.0,0,0,0,0,0,0,0,,0,0,0,0,7.4
00-0032399,2026_03_MIN_TB,3,TB,MIN,0,0,0,0,0,0,,0,0,0,0,,0,0,0,0,0,0.0,1,1,0,0.0,0,0,0,0,0,0,0,,0,0,1,10,0.0
00-0032424,2026_03_TEN_NYG,3,NYG,TEN,0,0,0,0,0,0,,0,0,0,0,,0,0,0,0,0,0.0,1,0,0,0.0,0,0,0,0,0,0,0,,0,0,0,0,0.0
00-0032445,2026_03_CIN_PIT,3,CIN,PIT,0,0,0,0,0,0,,0,0,0,0,,0,0,0,0,0,0.0,0,0,0,0.0,0,0,0,0,0,0,0,,0,0,1,5,0.0
00-0032464,2026_03_PHI_CHI,3,CHI,PHI,0,0,0,0,0,0,,0,0,0,0,,7,6,90,1,41,0.205882352941176,0,0,0,0.0,0,0,0,0,0,0,0,,0,0,0,0,21.0
00-0032569,2026_03_LA_DEN,3,DEN,LA,0,0,0,0,0,0,,0,0,0,0,,0,0,0,0,0,0.0,0,0,0,0.0,0,0,0,0,0,0,1,,2,2,0,0,0.0
00-0032726,2026_03_HOU_IND,3,HOU,IND,0,0,0,0,0,0,,0,0,0,0,,0,0,0,0,0,0.0,0,0,0,0.0,0,0,0,0,0,1,1,24.0,2,2,0,0,0.0
00-0032759,2026_03_HOU_IND,3,HOU,IND,0,0,0,0,0,0,,0,0,0,0,,0,0,0,0,0,0.0,3,0,1,1.0,2,0,0,0,0,0,0,,0,0,0,0,0.0
00-0032762,2026_03_KC_MIA,3,KC,MIA,0,0,0,0,0,0,,0,0,0,0,,0,0,0,0,0,0.0,1,1,0,0.0,0,0,1,0,0,0,0,,0,0,0,0,0.0
00-0032764,2026_03_BAL_DAL,3,BAL,DAL,0,0,0,0,0,0,,26,89,2,0,-10.8272490793315,1,1,0,0,5,0.05,0,0,0,0.0,0,0,0,0,0,0,0,,0,0,0,0,21.9
00-0032889,2026_03_MIN_TB,3,TB,MIN,0,0,0,0,0,0,,0,0,0,0,,0,0,0,0,0,0.0,0,3,0,0.0,0,1,1,0,0,0,0,,0,0,0,0,0.0
00-0032943,2026_03_MIN_TB,3,TB,MIN,0,0,0,0,0,0,,0,0,0,0,,0,0,0,0,0,0.0,0,0,0,0.0,0,0,0,0,0,0,0,,0,0,0,0,0.0
00-0032951,2026_03_HOU_IND,3,IND,HOU,0,0,0,0,0,0,,0,0,0,0,,1,1,20,0,2,0.0285714285714286,0,0,0,0.0,0,0,0,0,0,0,0,,0,0,1,10,3.0
00-0033038,2026_03_NE_JAX,3,JAX,NE,0,0,0,0,0,0,,0,0,0,0,,0,0,0,0,0,0.0,2,2,0,0.0,0,0,0,0,0,0,0,,0,0,0,0,0.0
00-0033055,2026_03_CIN_PIT,3,PIT,CIN,0,0,0,0,0,0,,0,0,0,0,,0,0,0,0,0,0.0,3,4,1,0.0,0,0,0,0,0,0,0,,0,0,0,0,0.0
00-0033077,2026_03_BAL_DAL,3,DAL,BAL,25,40,276,1,0,1,13.3215320947404,4,19,0,0,-0.759915314323735,0,0,0,0,0,0.0,0,0,0,0.0,0,0,0,0,0,0,0,,0,0,0,0,18.94
00-0033090,2026_03_NE_JAX,3,NE,JAX,0,0,0,0,0,0,,0,0,0,0,,2,1,5,0,5,0.0666666666666667,0,0,0,0.0,0,0,0,0,0,0,0,,0,0,0,0,1.5
00-0033093,2026_03_BAL_DAL,3,DAL,BAL,0,0,0,0,0,0,,0,0,0,0,,0,0,0,0,0,0.0,0,1,0,0.0,0,0,0,0,0,0,0,,0,0,0,0,0.0
00-0033106,2026_03_NYJ_DET,3,DET,NYJ,25,32,269,2,0,2,12.1361476415221,4,6,0,0,-2.53032345342217,0,0,0,0,0,0.0,0,0,0,0.0,0,0,0,0,0,0,0,,0,0,0,0,19.36
00-0033109,2026_03_ATL_GB,3,GB,ATL,0,0,0,0,0,0,,0,0,0,0,,0,0,0,0,0,0.0,1,2,0,0.0,0,0,1,0,0,0,0,,0,0,0,0,0.0
00-0033110,2026_03_LA_DEN,3,LA,DEN,0,0,0,0,0,0,,0,0,0,0,,11,8,62,1,20,0.224489795918367,0,0,0,0.0,0,0,0,0,0,0,0,,0,0,0,0,20.2
00-0033119,2026_03_ARI_SF,3,ARI,SF,38,52,280,2,0,2,10.0739279027515,4,4,1,0,1.640481267008,0,0,0,0,0,0.0,0,0,0,0.0,0,0,0,0,0,0,0,,0,0,0,0,25.6
00-0033120,2026_03_BAL_DAL,3,DAL,BAL,0,0,0,0,0,0,,0,0,0,0,,0,0,0,0,0,0.0,1,1,0,0.0,0,0,0,0,0,0,0,,0,0,0,0,0.0
00-0033131,2026_03_CAR_CLE,3,CLE,CAR,0,0,0,0,0,0,,0,0,0,0,,0,0,0,0,0,0.0,0,3,0,0.0,2,0,0,0,0,0,0,,0,0,0,0,0.0
00-0033132,2026_03_NE_JAX,3,NE,JAX,0,0,0,0,0,0,,0,0,0,0,,0,0,0,0,0,0.0,3,2,0,0.0,0,0,0,0,0,0,0,,0,0,0,0,0.0
00-0033217,2026_03_HOU_IND,3,IND,HOU,0,0,0,0,0,0,,0,0,0,0,,1,1,16,0,16,0.0285714285714286,1,0,0,0.0,0,0,0,1,0,0,0,,0,0,0,0,2.6
00-0033246,2026_03_PHI_CHI,3,PHI,CHI,0,0,0,0,0,0,,0,0,0,0,,1,1,4,0,10,0.04,1,0,0,0.0,0,0,0,0,0,0,0,,0,0,0,0,1.4
00-0033269,2026_03_HOU_IND,3,IND,HOU,0,0,0,0,0,0,,0,0,0,0,,0,0,0,0,0,0.0,0,0,0,0.0,0,0,0,0,0,0,0,,0,0,0,0,0.0
00-0033280,2026_03_ARI_SF,3,SF,ARI,0,0,0,0,0,0,,15,75,1,0,-0.381129180314019,5,4,41,0,24,0.192307692307692,0,0,0,0.0,0,0,0,0,0,0,0,,0,0,0,0,21.6
00-0033281,2026_03_BAL_DAL,3,BAL,DAL,0,0,0,0,0,0,,0,0,0,0,,0,0,0,0,0,0.0,5,1,0,0.0,0,0,1,0,0,0,0,,0,0,0,0,0.0
00-0033288,2026_03_ARI_SF,3,SF,ARI,0,0,0,0,0,0,,0,0,0,0,,7,6,82,2,30,0.269230769230769,0,0,0,0.0,0,0,0,0,0,0,0,,0,0,1,10,26.2
00-0033290,2026_03_TEN_NYG,3,NYG,TEN,0,0,0,0,0,0,,0,0,0,0,,0,0,0,0,0,0.0,0,0,0,0.0,0,0,0,0,0,0,0,,0,0,2,17,0.0
00-0033293,2026_03_MIN_TB,3,MIN,TB,0,0,0,0,0,0,,17,58,0,0,-1.39137469925441,6,5,34,0,42,0.24,0,0,0,0.0,0,0,0,0,0,0,0,,0,0,0,0,14.2
00-0033294,2026_03_NYJ_DET,3,DET,NYJ,0,0,0,0,0,0,,0,0,0,0,,0,0,0,0,0,0.0,3,4,1,1.0,1,0,0,1,0,0,0,,0,0,0,0,0.0
00-0033297,2026_03_LA_DEN,3,DEN,LA,0,0,0,0,0,0,,0,0,0,0,,0,0,0,0,0,0.0,0,1,0,0.0,0,0,0,0,0,0,0,,0,0,0,0,0.0
00-0033303,2026_03_KC_MIA,3,KC,MIA,0,0,0,0,0,0,,0,0,0,0,,0,0,0,0,0,0.0,0,0,0,0.0,0,0,0,0,0,1,2,34.0,3,3,0,0,0.0
00-0033307,2026_03_ARI_SF,3,ARI,SF,0,0,0,0,0,0,,0,0,0,0,,3,2,22,0,20,0.06,0,0,0,0.0,0,0,0,0,0,0,0,,0,0,0,0,4.2
00-0033336,2026_03_MIN_TB,3,MIN,TB,0,0,0,0,0,0,,0,0,0,0,,0,0,0,0,0,0.0,6,4,2,1.5,2,0,1,0,0,0,0,,0,0,0,0,0.0
00-0033381,2026_03_LV_NO,3,LV,NO,0,0,0,0,0,0,,0,0,0,0,,0,0,0,0,0,0.0,0,3,0,0.0,0,0,0,0,0,0,0,,0,0,0,0,0.0
00-0033523,2026_03_CIN_PIT,3,CIN,PIT,0,0,0,0,0,0,,0,0,0,0,,0,0,0,0,0,0.0,0,2,0,0.0,2,0,0,0,0,0,0,,0,0,0,0,0.0
00-0033526,2026_03_CIN_PIT,3,CIN,PIT,0,0,0,0,0,0,,3,9,0,0,-0.264765952248126,3,1,5,0,3,0.0810810810810811,0,0,0,0.0,0,0,0,0,0,0,0,,0,0,0,0,2.4
00-0033537,2026_03_CAR_CLE,3,CLE,CAR,16,30,144,2,0,2,2.54237013332034,11,45,0,0,-1.29475562321209,0,0,0,0,0,0.0,0,0,0,0.0,0,0,0,0,0,0,0,,0,0,0,0,20.26
00-0033538,2026_03_LA_DEN,3,DEN,LA,0,0,0,0,0,0,,0,0,0,0,,0,0,0,0,0,0.0,0,0,0,0.0,0,0,0,0,0,0,0,,0,0,2,15,0.0
00-0033548,2026_03_BAL_DAL,3,BAL,DAL,0,0,0,0,0,0,,0,0,0,0,,0,0,0,0,0,0.0,1,0,0,0.0,0,0,0,0,0,0,0,,0,0,0,0,0.0
00-0033551,2026_03_SEA_WAS,3,WAS,SEA,0,0,0,0,0,0,,0,0,0,0,,0,0,0,0,0,0.0,3,0,0,0.0,0,0,1,0,0,0,0,,0,0,0,0,0.0
00-0033555,2026_03_NE_JAX,3,NE,JAX,0,0,0,0,0,0,,0,0,0,0,,9,6,87,0,23,0.3,0,0,0,0.0,0,0,0,0,0,0,0,,0,0,1,15,14.7
00-0033576,2026_03_SEA_WAS,3,SEA,WAS,0,0,0,0,0,0,,0,0,0,0,,2,1,13,1,9,0.0444444444444444,0,0,0,0.0,0,0,0,0,0,0,0,,0,0,0,0,8.3
00-0033579,2026_03_PHI_CHI,3,CHI,PHI,0,0,0,0,0,0,,0,0,0,0,,0,0,0,0,0,0.0,2,3,0,0.0,0,0,0,0,0,0,0,,0,0,0,0,0.0
00-0033589,2026_03_CAR_CLE,3,CAR,CLE,0,0,0,0,0,0,,0,0,0,0,,2,0,0,0,0,0.0476190476190476,1,0,0,0.0,0,0,0,0,0,0,0,,0,0,0,0,0.0
00-0033676,2026_03_ARI_SF,3,ARI,SF,0,0,0,0,0,0,,0,0,0,0,,0,0,0,0,0,0.0,0,0,0,0.0,0,0,0,0,0,0,0,,0,0,1,5,0.0
00-0033729,2026_03_CIN_PIT,3,PIT,CIN,0,0,0,0,0,0,,0,0,0,0,,0,0,0,0,0,0.0,0,0,0,0.0,0,0,0,0,0,0,0,,0,0,0,0,0.0
00-0033757,2026_03_CIN_PIT,3,PIT,CIN,0,0,0,0,0,0,,0,0,0,0,,1,1,2,0,2,0.032258064516129,0,0,0,0.0,0,0,0,0,0,0,0,,0,0,0,0,1.2
00-0033787,2026_03_PHI_CHI,3,PHI,CHI,0,0,0,0,0,0,,0,0,0,0,,0,0,0,0,0,0.0,0,0,0,0.0,0,0,0,0,0,0,0,,1,1,0,0,0.0
00-0033858,2026_03_ATL_GB,3,GB,ATL,0,0,0,0,0,0,,0,0,0,0,,3,2,16,0,4,0.0588235294117647,0,0,0,0.0,0,0,0,0,0,0,0,,0,0,0,0,3.6
00-0033860,2026_03_LV_NO,3,NO,LV,0,0,0,0,0,0,,0,0,0,0,,0,0,0,0,0,0.0,2,3,0,0.0,0,0,0,0,0,0,0,,0,0,0,0,0.0
00-0033873,2026_03_KC_MIA,3,KC,MIA,20,24,246,2,1,0,12.9238600855466,1,1,0,0,-0.580469726817682,0,0,0,0,0,0.0,0,0,0,0.0,0,0,0,0,0,0,0,,0,0,0,0,15.94
00-0033876,2026_03_CAR_CLE,3,CLE,CAR,0,0,0,0,0,0,,0,0,0,0,,0,0,0,0,0,0.0,1,0,0,0.0,1,0,1,0,0,0,0,,0,0,0,0,0.0
00-0033881,2026_03_LA_DEN,3,DEN,LA,0,0,0,0,0,0,,0,0,0,0,,2,0,0,0,0,0.0645161290322581,0,0,0,0.0,0,0,0,0,0,0,0,,0,0,0,0,0.0
00-0033886,2026_03_CIN_PIT,3,PIT,CIN,0,0,0,0,0,0,,0,0,0,0,,0,0,0,0,0,0.0,0,1,0,0.0,1,0,0,0,0,0,0,,0,0,0,0,0.0
00-0033890,2026_03_ARI_SF,3,ARI,SF,0,0,0,0,0,0,,0,0,0,0,,0,0,0,0,0,0.0,1,3,0,0.0,0,0,0,0,0,0,0,,0,0,0,0,0.0
00-0033904,2026_03_LAC_BUF,3,BUF,LAC,0,0,0,0,0,0,,0,0,0,0,,0,0,0,0,0,0.0,0,0,0,0.0,0,0,0,0,0,0,0,,0,0,2,15,0.0
00-0033906,2026_03_LV_NO,3,NO,LV,0,0,0,0,0,0,,9,36,0,0,-1.24739197525196,1,1,5,0,6,0.025,0,0,0,0.0,0,0,0,0,0,0,0,,0,0,0,0,5.1
00-0033908,2026_03_SEA_WAS,3,SEA,WAS,0,0,0,0,0,0,,0,0,0,0,,5,4,46,1,23,0.111111111111111,0,0,0,0.0,0,0,0,0,0,0,0,,0,0,0,0,14.6
00-0033914,2026_03_MIN_TB,3,TB,MIN,0,0,0,0,0,0,,0,0,0,0,,0,0,0,0,0,0.0,2,3,1,1.0,1,0,0,0,0,0,0,,0,0,1,5,0.0
00-0033921,2026_03_MIN_TB,3,TB,MIN,0,0,0,0,0,0,,0,0,0,0,,4,3,25,0,18,0.114285714285714,0,0,0,0.0,0,0,0,0,0,0,0,,0,0,0,0,5.5
00-0033935,2026_03_BAL_DAL,3,BAL,DAL,0,0,0,0,0,0,,0,0,0,0,,0,0,0,0,0,0.0,0,0,0,0.0,2,0,0,0,0,0,0,,0,0,0,0,0.0
00-0033941,2026_03_CIN_PIT,3,PIT,CIN,0,0,0,0,0,0,,0,0,0,0,,0,0,0,0,0,0.0,5,4,0,0.0,0,0,0,0,0,0,0,,0,0,0,0,0.0
00-0033952,2026_03_HOU_IND,3,IND,HOU,0,0,0,0,0,0,,0,0,0,0,,0,0,0,0,0,0.0,1,0,0,0.0,0,0,1,0,0,0,0,,0,0,0,0,0.0
00-0033964,2026_03_MIN_TB,3,TB,MIN,0,0,0,0,0,0,,0,0,0,0,,0,0,0,0,0,0.0,1,1,0,0.0,0,0,0,0,0,0,0,,0,0,0,0,0.0
00-0034091,2026_03_HOU_IND,3,HOU,IND,0,0,0,0,0,0,,0,0,0,0,,0,0,0,0,0,0.0,0,1,0,0.0,0,0,0,0,0,0,0,,0,0,0,0,0.0
00-0034160,2026_03_SEA_WAS,3,SEA,WAS,0,0,0,0,0,0,,0,0,0,0,,0,0,0,0,0,0.0,0,0,0,0.0,0,0,0,0,0,0,0,,0,0,0,0,0.0
00-0034161,2026_03_LV_NO,3,NO,LV,0,0,0,0,0,0,,0,0,0,0,,0,0,0,0,0,0.0,0,0,0,0.0,0,0,0,0,0,0,0,,3,4,1,0,0.0
00-0034162,2026_03_LAC_BUF,3,LAC,BUF,0,0,0,0,0,0,,0,0,0,0,,0,0,0,0,0,0.0,0,0,0,0.0,0,0,0,0,0,0,0,,0,0,0,0,0.0
00-0034163,2026_03_TEN_NYG,3,TEN,NYG,0,0,0,0,0,0,,0,0,0,0,,0,0,0,0,0,0.0,0,0,0,0.0,0,0,0,0,0,0,0,,0,0,1,5,0.0
00-0034173,2026_03_ARI_SF,3,SF,ARI,0,0,0,0,0,0,,0,0,0,0,,0,0,0,0,0,0.0,0,0,0,0.0,0,0,0,0,0,1,1,57.0,3,5,0,0,0.0
00-0034234,2026_03_LA_DEN,3,LA,DEN,0,0,0,0,0,0,,0,0,0,0,,0,0,0,0,0,0.0,2,2,0,0.0,0,0,1,0,0,0,0,,0,0,0,0,0.0
00-0034248,2026_03_TEN_NYG,3,NYG,TEN,0,0,0,0,0,0,,0,0,0,0,,0,0,0,0,0,0.0,1,0,0,0.0,0,0,0,0,0,0,0,,0,0,1,15,0.0
00-0034272,2026_03_LAC_BUF,3,LAC,BUF,0,0,0,0,0,0,,0,0,0,0,,1,0,0,0,0,0.0303030303030303,0,0,0,0.0,0,0,0,0,0,0,0,,0,0,0,0,0.0
00-0034275,2026_03_LV_NO,3,LV,NO,0,0,0,0,0,0,,0,0,0,0,,0,0,0,0,0,0.0,0,0,0,0.0,1,0,0,0,0,0,0,,0,0,0,0,0.0
00-0034278,2026_03_HOU_IND,3,HOU,IND,0,0,0,0,0,0,,0,0,0,0,,0,0,0,0,0,0.0,1,0,0,0.0,0,0,0,0,0,0,0,,0,0,0,0,0.0
00-0034285,2026_03_KC_MIA,3,MIA,KC,0,0,0,0,0,0,,0,0,0,0,,0,0,0,0,0,0.0,2,1,1,0.0,1,0,0,0,0,0,0,,0,0,0,0,0.0
00-0034333,2026_03_SEA_WAS,3,WAS,SEA,0,0,0,0,0,0,,0,0,0,0,,0,0,0,0,0,0.0,0,1,0,0.0,0,0,0,0,0,0,0,,0,0,0,0,0.0
00-0034348,2026_03_LA_DEN,3,DEN,LA,0,0,0,0,0,0,,0,0,0,0,,7,3,46,0,14,0.225806451612903,0,0,0,0.0,0,0,0,0,0,0,0,,0,0,0,0,7.6
00-0034350,2026_03_SEA_WAS,3,SEA,WAS,0,0,0,0,0,0,,0,0,0,0,,0,0,0,0,0,0.0,0,2,0,0.0,0,0,1,0,0,0,0,,0,0,0,0,0.0
00-0034356,2026_03_LAC_BUF,3,LAC,BUF,0,0,0,0,0,0,,0,0,0,0,,0,0,0,0,0,0.0,0,0,0,0.0,0,0,1,0,0,0,0,,0,0,0,0,0.0
00-0034361,2026_03_LV_NO,3,NO,LV,0,0,0,0,0,0,,0,0,0,0,,0,0,0,0,0,0.0,3,1,0,0.0,0,0,0,0,0,0,0,,0,0,1,7,0.0
00-0034373,2026_03_SEA_WAS,3,WAS,SEA,0,0,0,0,0,0,,0,0,0,0,,0,0,0,0,0,0.0,1,0,0,0.0,0,0,0,0,0,0,0,,0,0,0,0,0.0
00-0034376,2026_03_LV_NO,3,LV,NO,0,0,0,0,0,0,,0,0,0,0,,0,0,0,0,0,0.0,7,1,0,0.0,0,0,1,0,0,0,0,,0,0,0,0,0.0
00-0034381,2026_03_ARI_SF,3,ARI,SF,0,0,0,0,0,0,,0,0,0,0,,0,0,0,0,0,0.0,0,0,0,0.0,0,0,0,0,0,0,0,,0,0,1,6,0.0
00-0034383,2026_03_HOU_IND,3,HOU,IND,0,0,0,0,0,0,,0,0,0,0,,3,3,30,0,3,0.12,0,0,0,0.0,0,0,0,0,0,0,0,,0,0,0,0,6.0
00-0034384,2026_03_NYJ_DET,3,DET,NYJ,0,0,0,0,0,0,,0,0,0,0,,0,0,0,0,0,0.0,5,3,0,0.0,0,0,1,0,0,0,0,,0,0,1,16,0.0
00-0034391,2026_03_ARI_SF,3,SF,ARI,0,0,0,0,0,0,,0,0,0,0,,0,0,0,0,0,0.0,2,0,0,0.0,0,0,0,0,0,0,0,,0,0,0,0,0.0
00-0034397,2026_03_SEA_WAS,3,WAS,SEA,0,0,0,0,0,0,,0,0,0,0,,0,0,0,0,0,0.0,1,0,0,0.0,0,0,1,0,0,0,0,,0,0,0,0,0.0
00-0034413,2026_03_NE_JAX,3,JAX,NE,0,0,0,0,0,0,,0,0,0,0,,0,0,0,0,0,0.0,2,4,0,0.0,2,0,0,0,0,0,0,,0,0,0,0,0.0
00-0034419,2026_03_TEN_NYG,3,NYG,TEN,0,0,0,0,0,0,,0,0,0,0,,0,0,0,0,0,0.0,0,0,0,0.0,0,0,0,0,0,0,0,,0,0,0,0,0.0
00-0034431,2026_03_ATL_GB,3,GB,ATL,0,0,0,0,0,0,,0,0,0,0,,0,0,0,0,0,0.0,3,7,1,0.0,0,0,0,0,0,0,0,,0,0,0,0,0.0
00-0034437,2026_03_NE_JAX,3,JAX,NE,0,0,0,0,0,0,,0,0,0,0,,0,0,0,0,0,0.0,0,0,0,0.0,0,0,0,0,0,0,0,,0,0,0,0,0.0
00-0034446,2026_03_CIN_PIT,3,CIN,PIT,0,0,0,0,0,0,,0,0,0,0,,0,0,0,0,0,0.0,1,1,0,0.0,0,0,0,0,0,0,0,,0,0,0,0,0.0
00-0034465,2026_03_SEA_WAS,3,WAS,SEA,0,0,0,0,0,0,,0,0,0,0,,0,0,0,0,0,0.0,5,2,0,0.0,0,0,1,0,0,0,0,,0,0,0,0,0.0
00-0034473,2026_03_NE_JAX,3,JAX,NE,0,0,0,0,0,0,,0,0,0,0,,0,0,0,0,0,0.0,1,1,0,0.0,0,0,0,0,0,0,0,,0,0,0,0,0.0
00-0034495,2026_03_HOU_IND,3,HOU,IND,0,0,0,0,0,0,,0,0,0,0,,0,0,0,0,0,0.0,0,0,0,0.0,0,0,0,0,0,0,0,,0,0,1,10,0.0
00-0034573,2026_03_HOU_IND,3,IND,HOU,0,0,0,0,0,0,,0,0,0,0,,0,0,0,0,0,0.0,6,2,0,0.0,0,0,1,0,0,0,0,,0,0,1,9,0.0
00-0034613,2026_03_CIN_PIT,3,CIN,PIT,0,0,0,0,0,0,,0,0,0,0,,2,2,13,0,4,0.0540540540540541,0,0,0,0.0,0,0,0,0,0,0,0,,0,0,0,0,3.3
00-0034657,2026_03_NE_JAX,3,JAX,NE,0,0,0,0,0,0,,0,0,0,0,,0,0,0,0,0,0.0,2,1,0,0.0,0,0,0,0,0,0,0,,0,0,1,5,0.0
00-0034673,2026_03_TEN_NYG,3,NYG,TEN,0,0,0,0,0,0,,0,0,0,0,,0,0,0,0,0,0.0,6,4,0,0.0,1,0,1,0,0,0,0,,0,0,1,6,0.0
00-0034675,2026_03_ATL_GB,3,ATL,GB,0,0,0,0,0,0,,0,0,0,0,,0,0,0,0,0,0.0,1,3,0,0.0,0,0,1,0,0,0,0,,0,0,0,0,0.0
00-0034720,2026_03_NE_JAX,3,NE,JAX,0,0,0,0,0,0,,0,0,0,0,,0,0,0,0,0,0.0,2,5,0,0.0,0,0,0,0,0,0,0,,0,0,0,0,0.0
00-0034721,2026_03_CAR_CLE,3,CLE,CAR,0,0,0,0,0,0,,0,0,0,0,,0,0,0,0,0,0.0,0,0,0,0.0,0,0,0,0,0,0,0,,0,0,0,0,0.0
00-0034753,2026_03_BAL_DAL,3,BAL,DAL,0,0,0,0,0,0,,0,0,0,0,,5,3,24,0,11,0.25,0,0,0,0.0,0,0,0,0,0,0,0,,0,0,0,0,5.4
00-0034754,2026_03_CIN_PIT,3,CIN,PIT,0,0,0,0,0,0,,0,0,0,0,,0,0,0,0,0,0.0,2,0,0,0.0,0,0,0,0,0,0,0,,0,0,0,0,0.0
00-0034760,2026_03_LV_NO,3,NO,LV,0,0,0,0,0,0,,0,0,0,0,,0,0,0,0,0,0.0,0,3,0,0.0,1,0,0,0,0,0,0,,0,0,0,0,0.0
00-0034773,2026_03_MIN_TB,3,TB,MIN,0,0,0,0,0,0,,0,0,0,0,,0,0,0,0,0,0.0,1,3,0,0.0,1,0,2,0,0,0,0,,0,0,0,0,0.0
00-0034778,2026_03_NE_JAX,3,NE,JAX,0,0,0,0,0,0,,0,0,0,0,,0,0,0,0,0,0.0,7,1,1,0.0,0,0,1,0,0,0,0,,0,0,1,3,0.0
00-0034782,2026_03_NYJ_DET,3,NYJ,DET,0,0,0,0,0,0,,0,0,0,0,,0,0,0,0,0,0.0,1,3,0,0.0,1,0,0,0,0,0,0,,0,0,0,0,0.0
00-0034790,2026_03_LAC_BUF,3,LAC,BUF,0,0,0,0,0,0,,0,0,0,0,,0,0,0,0,0,0.0,3,1,0,0.0,0,0,0,0,0,0,0,,0,0,0,0,0.0
00-0034794,2026_03_NYJ_DET,3,NYJ,DET,0,0,0,0,0,0,,0,0,0,0,,0,0,0,0,0,0.0,0,0,0,0.0,0,0,0,0,0,1,1,42.0,1,1,0,0,0.0
00-0034796,2026_03_BAL_DAL,3,BAL,DAL,15,20,186,2,0,0,11.9279783958449,6,50,0,0,2.36241434168187,0,0,0,0,0,0.0,0,0,0,0.0,0,0,0,0,0,0,0,,0,0,0,0,20.44
00-0034801,2026_03_ATL_GB,3,ATL,GB,0,0,0,0,0,0,,0,0,0,0,,0,0,0,0,0,0.0,0,1,0,0.0,0,0,0,0,0,0,0,,0,0,1,10,0.0
00-0034805,2026_03_TEN_NYG,3,TEN,NYG,0,0,0,0,0,0,,0,0,0,0,,0,0,0,0,0,0.0,1,0,1,0.0,1,0,1,0,0,0,0,,0,0,0,0,0.0
00-0034807,2026_03_ARI_SF,3,SF,ARI,0,0,0,0,0,0,,0,0,0,0,,0,0,0,0,0,0.0,1,0,0,1.0,2,0,0,0,0,0,0,,0,0,0,0,0.0
00-0034810,2026_03_CIN_PIT,3,PIT,CIN,0,0,0,0,0,0,,0,0,0,0,,0,0,0,0,0,0.0,0,0,0,0.0,1,0,0,0,0,0,0,,0,0,0,0,0.0
00-0034815,2026_03_ARI_SF,3,SF,ARI,0,0,0,0,0,0,,0,0,0,0,,0,0,0,0,0,0.0,8,9,1,0.0,1,0,0,0,0,0,0,,0,0,1,15,0.0
00-0034825,2026_03_HOU_IND,3,IND,HOU,0,0,0,0,0,0,,0,0,0,0,,0,0,0,0,0,0.0,0,0,0,0.0,1,0,0,0,0,0,0,,0,0,0,0,0.0
00-0034827,2026_03_LAC_BUF,3,BUF,LAC,0,0,0,0,0,0,,0,0,0,0,,10,6,67,0,23,0.384615384615385,1,0,0,0.0,0,0,0,0,0,0,0,,0,0,0,0,12.7
00-0034829,2026_03_CIN_PIT,3,CIN,PIT,0,0,0,0,0,0,,0,0,0,0,,3,3,37,1,5,0.0810810810810811,0,0,0,0.0,0,0,0,0,0,0,0,,0,0,0,0,12.7
00-0034832,2026_03_LAC_BUF,3,BUF,LAC,0,0,0,0,0,0,,0,0,0,0,,0,0,0,0,0,0.0,0,3,0,0.0,2,0,0,0,0,0,0,,0,0,1,15,0.0
00-0034837,2026_03_TEN_NYG,3,TEN,NYG,0,0,0,0,0,0,,0,0,0,0,,1,0,0,0,0,0.0285714285714286,0,0,0,0.0,0,0,0,0,0,0,0,,0,0,0,0,0.0
00-0034843,2026_03_ATL_GB,3,ATL,GB,0,0,0,0,0,0,,0,0,0,0,,0,0,0,0,0,0.0,6,1,0,0.0,0,0,0,0,0,0,0,,0,0,1,34,0.0
00-0034844,2026_03_PHI_CHI,3,PHI,CHI,0,0,0,0,0,0,,15,82,0,0,2.24305316479877,2,1,-2,0,4,0.08,0,0,0,0.0,0,0,0,0,0,0,0,,0,0,0,0,9.0
00-0034854,2026_03_ARI_SF,3,SF,ARI,0,0,0,0,0,0,,0,0,0,0,,0,0,0,0,0,0.0,2,0,0,0.0,0,0,0,0,0,0,0,,0,0,0,0,0.0
00-0034855,2026_03_MIN_TB,3,TB,MIN,17,34,217,1,1,6,-10.8777687180051,2,6,0,0,0.574664990766905,0,0,0,0,0,0.0,0,0,0,0.0,0,0,0,0,0,0,0,,0,0,0,0,11.28
00-0034856,2026_03_CAR_CLE,3,CLE,CAR,0,0,0,0,0,0,,0,0,0,0,,0,0,0,0,0,0.0,3,0,0,0.0,0,0,1,0,0,0,0,,0,0,0,0,0.0
00-0034857,2026_03_LAC_BUF,3,BUF,LAC,16,26,204,0,2,4,-0.418563716653253,8,22,2,0,3.40158438042272,1,1,1,0,9,0.0384615384615385,0,0,0,0.0,0,0,0,0,0,0,0,,0,0,0,0,17.46
00-0034869,2026_03_SEA_WAS,3,SEA,WAS,31,45,379,4,2,0,4.08015748056989,1,5,0,0,1.60618665697984,0,0,0,0,0,0.0,0,0,0,0.0,0,0,0,0,0,0,0,,0,0,0,0,27.66
00-0034874,2026_03_BAL_DAL,3,BAL,DAL,0,0,0,0,0,0,,0,0,0,0,,0,0,0,0,0,0.0,3,6,1,1.0,1,0,0,1,0,0,0,,0,0,0,0,0.0
00-0034941,2026_03_NE_JAX,3,NE,JAX,0,0,0,0,0,0,,0,0,0,0,,0,0,0,0,0,0.0,0,0,0,0.0,0,0,0,0,0,0,0,,0,0,0,0,0.0
00-0034960,2026_03_NE_JAX,3,JAX,NE,0,0,0,0,0,0,,0,0,0,0,,8,7,64,1,10,0.296296296296296,0,1,0,0.0,0,0,0,0,0,0,0,,0,0,0,0,19.4
00-0034967,2026_03_BAL_DAL,3,DAL,BAL,0,0,0,0,0,0,,0,0,0,0,,0,0,0,0,0,0.0,1,0,0,0.0,0,0,0,0,0,0,0,,0,0,0,0,0.0
00-0034973,2026_03_LV_NO,3,LV,NO,0,0,0,0,0,0,,0,0,0,0,,0,0,0,0,0,0.0,1,1,0,0.0,2,0,1,1,0,0,0,,0,0,0,0,0.0
00-0034975,2026_03_BAL_DAL,3,BAL,DAL,0,0,0,0,0,0,,5,33,0,0,2.64889811945613,0,0,0,0,0,0.0,0,0,0,0.0,0,0,0,0,0,0,0,,0,0,0,0,3.3
00-0034981,2026_03_HOU_IND,3,HOU,IND,0,0,0,0,0,0,,0,0,0,0,,4,2,7,1,3,0.16,0,0,0,0.0,0,0,0,0,0,0,0,,0,0,0,0,8.7
00-0034982,2026_03_ARI_SF,3,SF,ARI,0,0,0,0,0,0,,0,0,0,0,,0,0,0,0,0,0.0,3,5,0,0.0,0,0,0,0,0,0,0,,0,0,0,0,0.0
00-0034993,2026_03_PHI_CHI,3,PHI,CHI,0,0,0,0,0,0,,0,0,0,0,,0,0,0,0,0,0.0,4,1,0,0.0,0,0,0,0,0,0,0,,0,0,0,0,0.0
00-0035026,2026_03_ARI_SF,3,SF,ARI,0,0,0,0,0,0,,0,0,0,0,,0,0,0,0,0,0.0,0,1,0,0.0,1,0,0,0,0,0,0,,0,0,0,0,0.0
00-0035125,2026_03_LAC_BUF,3,LAC,BUF,0,0,0,0,0,0,,0,0,0,0,,4,3,35,0,20,0.121212121212121,0,0,0,0.0,0,0,0,0,0,0,0,,0,0,0,0,6.5
00-0035133,2026_03_ATL_GB,3,GB,ATL,0,0,0,0,0,0,,0,0,0,0,,0,0,0,0,0,0.0,3,3,0,0.0,0,0,0,0,0,0,0,,0,0,0,0,0.0
00-0035144,2026_03_ARI_SF,3,ARI,SF,0,0,0,0,0,0,,0,0,0,0,,0,0,0,0,0,0.0,2,4,0,0.0,0,0,0,0,0,0,0,,0,0,0,0,0.0
00-0035156,2026_03_NYJ_DET,3,DET,NYJ,0,0,0,0,0,0,,0,0,0,0,,0,0,0,0,0,0.0,0,0,0,0.0,0,0,0,0,0,0,0,,0,0,0,0,0.0
00-0035166,2026_03_HOU_IND,3,HOU,IND,0,0,0,0,0,0,,0,0,0,0,,0,0,0,0,0,0.0,2,9,0,0.0,0,0,0,0,0,0,0,,0,0,0,0,0.0
00-0035190,2026_03_LV_NO,3,LV,NO,0,0,0,0,0,0,,0,0,0,0,,0,0,0,0,0,0.0,0,0,0,0.0,0,0,0,0,0,0,0,,0,0,0,0,0.0
00-0035192,2026_03_TEN_NYG,3,TEN,NYG,0,0,0,0,0,0,,0,0,0,0,,0,0,0,0,0,0.0,0,0,0,0.0,0,0,0,0,0,0,1,,1,1,0,0,0.0
00-0035202,2026_03_LAC_BUF,3,LAC,BUF,0,0,0,0,0,0,,0,0,0,0,,0,0,0,0,0,0.0,3,2,0,0.0,0,0,0,0,0,0,0,,0,0,0,0,0.0
00-0035208,2026_03_ATL_GB,3,ATL,GB,0,0,0,0,0,0,,0,0,0,0,,2,2,9,0,9,0.0869565217391304,0,0,0,0.0,0,0,0,0,0,0,0,,0,0,0,0,2.9
00-0035228,2026_03_MIN_TB,3,MIN,TB,15,29,168,1,1,3,-12.0939466357189,2,17,0,0,1.77151457150467,0,0,0,0,0,0.0,0,0,0,0.0,0,0,0,0,0,0,0,,0,0,0,0,10.42
00-0035229,2026_03_MIN_TB,3,MIN,TB,0,0,0,0,0,0,,0,0,0,0,,4,2,11,0,11,0.16,0,0,0,0.0,0,0,0,0,0,0,0,,0,0,0,0,3.1
00-0035230,2026_03_LAC_BUF,3,BUF,LAC,0,0,0,0,0,0,,0,0,0,0,,0,0,0,0,0,0.0,1,0,0,0.0,3,0,0,0,0,0,0,,0,0,0,0,0.0
00-0035234,2026_03_CAR_CLE,3,CLE,CAR,0,0,0,0,0,0,,0,0,0,0,,0,0,0,0,0,0.0,0,0,0,0.0,0,0,0,0,0,0,0,,0,0,3,15,0.0
00-0035236,2026_03_MIN_TB,3,MIN,TB,0,0,0,0,0,0,,0,0,0,0,,0,0,0,0,0,0.0,0,1,0,0.0,0,0,0,0,0,0,0,,0,0,0,0,0.0
00-0035237,2026_03_ATL_GB,3,ATL,GB,0,0,0,0,0,0,,0,0,0,0,,0,0,0,0,0,0.0,0,0,0,0.0,0,0,0,0,0,0,0,,0,0,1,10,0.0
00-0035240,2026_03_NE_JAX,3,JAX,NE,0,0,0,0,0,0,,0,0,0,0,,0,0,0,0,0,0.0,1,1,0,0.0,0,0,0,0,0,0,0,,0,0,1,10,0.0
00-0035248,2026_03_LA_DEN,3,DEN,LA,0,0,0,0,0,0,,0,0,0,0,,0,0,0,0,0,0.0,1,1,1,1.0,5,0,0,0,0,0,0,,0,0,0,0,0.0
00-0035249,2026_03_MIN_TB,3,MIN,TB,0,0,0,0,0,0,,0,0,0,0,,0,0,0,0,0,0.0,0,0,0,0.0,0,0,0,0,0,0,0,,0,0,1,11,0.0
00-0035253,2026_03_LAC_BUF,3,BUF,LAC,0,0,0,0,0,0,,0,0,0,0,,0,0,0,0,0,0.0,3,2,0,0.0,0,1,2,0,0,0,0,,0,0,1,5,0.0
00-0035254,2026_03_MIN_TB,3,TB,MIN,0,0,0,0,0,0,,0,0,0,0,,0,0,0,0,0,0.0,1,0,1,1.0,1,0,0,0,0,0,0,,0,0,0,0,0.0
00-0035261,2026_03_TEN_NYG,3,TEN,NYG,0,0,0,0,0,0,,17,74,0,0,-1.43699108925648,4,4,22,0,20,0.114285714285714,0,0,0,0.0,0,0,0,0,0,0,0,,0,0,0,0,13.6
00-0035262,2026_03_KC_MIA,3,KC,MIA,0,0,0,0,0,0,,0,0,0,0,,0,0,0,0,0,0.0,2,4,1,0.0,0,0,0,0,0,0,0,,0,0,0,0,0.0
00-0035269,2026_03_LV_NO,3,LV,NO,0,0,0,0,0,0,,0,0,0,0,,0,0,0,0,0,0.0,0,0,0,0.0,0,0,0,0,0,3,3,41.0,2,2,1,0,0.0
00-0035272,2026_03_MIN_TB,3,MIN,TB,0,0,0,0,0,0,,0,0,0,0,,0,0,0,0,0,0.0,0,3,0,0.5,2,1,1,0,0,0,0,,0,0,0,0,0.0
00-0035276,2026_03_MIN_TB,3,MIN,TB,0,0,0,0,0,0,,0,0,0,0,,0,0,0,0,0,0.0,3,5,1,1.0,2,0,1,0,0,0,0,,0,0,0,0,0.0
00-0035277,2026_03_CAR_CLE,3,CAR,CLE,0,0,0,0,0,0,,0,0,0,0,,0,0,0,0,0,0.0,1,0,0,0.0,0,0,0,0,0,0,0,,0,0,1,17,0.0
00-0035279,2026_03_SEA_WAS,3,WAS,SEA,0,0,0,0,0,0,,0,0,0,0,,0,0,0,0,0,0.0,0,1,0,0.0,0,0,0,0,0,0,0,,0,0,0,0,0.0
00-0035280,2026_03_ATL_GB,3,ATL,GB,0,0,0,0,0,0,,0,0,0,0,,0,0,0,0,0,0.0,0,0,0,0.0,0,0,0,0,0,0,0,,0,0,0,0,0.0
00-0035286,2026_03_CIN_PIT,3,PIT,CIN,0,0,0,0,0,0,,0,0,0,0,,0,0,0,0,0,0.0,1,0,0,0.0,0,0,0,0,0,0,0,,0,0,0,0,0.0
00-0035316,2026_03_LV_NO,3,NO,LV,0,0,0,0,0,0,,0,0,0,0,,0,0,0,0,0,0.0,3,5,1,0.0,0,0,0,0,0,0,0,,0,0,0,0,0.0
00-0035352,2026_03_CAR_CLE,3,CAR,CLE,0,0,0,0,0,0,,0,0,0,0,,0,0,0,0,0,0.0,1,5,0,0.0,0,0,0,0,0,0,0,,0,0,0,0,0.0
00-0035357,2026_03_PHI_CHI,3,CHI,PHI,0,0,0,0,0,0,,0,0,0,0,,0,0,0,0,0,0.0,2,1,0,0.0,0,0,0,0,0,0,0,,0,0,1,21,0.0
00-0035358,2026_03_MIN_TB,3,TB,MIN,0,0,0,0,0,0,,0,0,0,0,,0,0,0,0,0,0.0,0,0,0,0.0,0,0,0,0,0,3,3,54.0,1,1,0,0,0.0
00-0035363,2026_03_CIN_PIT,3,CIN,PIT,0,0,0,0,0,0,,0,0,0,0,,0,0,0,0,0,0.0,0,1,0,0.0,0,0,0,0,0,0,0,,0,0,0,0,0.0
00-0035378,2026_03_ARI_SF,3,ARI,SF,0,0,0,0,0,0,,0,0,0,0,,0,0,0,0,0,0.0,1,9,0,0.0,0,0,0,0,0,0,0,,0,0,0,0,0.0
00-0035386,2026_03_PHI_CHI,3,CHI,PHI,0,0,0,0,0,0,,0,0,0,0,,0,0,0,0,0,0.0,1,1,1,0.0,0,1,3,0,0,0,0,,0,0,0,0,0.0
00-0035402,2026_03_LV_NO,3,NO,LV,0,0,0,0,0,0,,0,0,0,0,,0,0,0,0,0,0.0,1,3,0,0.0,0,0,0,0,0,0,0,,0,0,0,0,0.0
00-0035408,2026_03_BAL_DAL,3,BAL,DAL,0,0,0,0,0,0,,0,0,0,0,,0,0,0,0,0,0.0,1,0,0,0.0,0,0,0,0,0,0,0,,0,0,0,0,0.0
00-0035409,2026_03_SEA_WAS,3,WAS,SEA,0,0,0,0,0,0,,0,0,0,0,,0,0,0,0,0,0.0,1,0,0,0.0,0,0,0,0,0,0,0,,0,0,0,0,0.0
00-0035413,2026_03_ARI_SF,3,SF,ARI,0,0,0,0,0,0,,0,0,0,0,,0,0,0,0,0,0.0,1,0,0,0.0,0,0,0,0,0,0,0,,0,0,0,0,0.0
00-0035500,2026_03_LAC_BUF,3,BUF,LAC,0,0,0,0,0,0,,0,0,0,0,,0,0,0,0,0,0.0,0,0,0,0.0,0,0,0,0,0,0,0,,0,0,0,0,0.0
00-0035525,2026_03_PHI_CHI,3,CHI,PHI,0,0,0,0,0,0,,0,0,0,0,,0,0,0,0,0,0.0,3,2,1,0.0,0,0,0,0,0,0,0,,0,0,0,0,0.0
00-0035537,2026_03_LAC_BUF,3,BUF,LAC,0,0,0,0,0,0,,0,0,0,0,,4,4,50,0,50,0.153846153846154,0,0,0,0.0,0,0,0,0,0,0,0,,0,0,0,0,9.0
00-0035544,2026_03_NYJ_DET,3,DET,NYJ,0,0,0,0,0,0,,0,0,0,0,,0,0,0,0,0,0.0,0,0,0,0.0,0,0,0,0,0,0,0,,0,0,0,0,0.0
00-0035594,2026_03_CIN_PIT,3,PIT,CIN,0,0,0,0,0,0,,1,0,0,0,-0.481771995720919,0,0,0,0,0,0.0,0,1,0,0.0,0,0,0,0,0,0,0,,0,0,0,0,0.0
00-0035617,2026_03_NYJ_DET,3,NYJ,DET,0,0,0,0,0,0,,0,0,0,0,,0,0,0,0,0,0.0,0,1,0,0.0,0,0,0,0,0,0,0,,0,0,0,0,0.0
00-0035631,2026_03_CIN_PIT,3,CIN,PIT,0,0,0,0,0,0,,0,0,0,0,,2,1,0,0,3,0.0540540540540541,0,0,0,0.0,0,0,0,0,0,0,0,,0,0,0,0,1.0
00-0035632,2026_03_TEN_NYG,3,TEN,NYG,0,0,0,0,0,0,,0,0,0,0,,0,0,0,0,0,0.0,5,1,0,0.0,0,0,1,0,0,0,0,,0,0,0,0,0.0
00-0035637,2026_03_NYJ_DET,3,DET,NYJ,0,0,0,0,0,0,,0,0,0,0,,0,0,0,0,0,0.0,2,0,0,0.0,0,0,0,0,0,0,0,,0,0,0,0,0.0
00-0035640,2026_03_CIN_PIT,3,PIT,CIN,0,0,0,0,0,0,,0,0,0,0,,5,3,31,1,8,0.161290322580645,0,0,0,0.0,0,0,0,0,0,0,0,,0,0,2,17,12.1
00-0035642,2026_03_NE_JAX,3,JAX,NE,0,0,0,0,0,0,,0,0,0,0,,0,0,0,0,0,0.0,1,4,0,0.0,0,0,0,0,0,0,0,,0,0,0,0,0.0
00-0035643,2026_03_TEN_NYG,3,TEN,NYG,0,0,0,0,0,0,,0,0,0,0,,0,0,0,0,0,0.0,5,5,2,1.0,2,0,0,0,0,0,0,,0,0,1,5,0.0
00-0035644,2026_03_LV_NO,3,NO,LV,0,0,0,0,0,0,,0,0,0,0,,4,4,33,2,20,0.1,0,0,0,0.0,0,0,0,0,0,0,0,,0,0,0,0,19.3
00-0035647,2026_03_PHI_CHI,3,CHI,PHI,0,0,0,0,0,0,,0,0,0,0,,0,0,0,0,0,0.0,1,0,1,1.0,1,0,0,0,0,0,0,,0,0,0,0,0.0
00-0035659,2026_03_SEA_WAS,3,WAS,SEA,0,0,0,0,0,0,,0,0,0,0,,9,6,77,1,6,0.3,0,0,0,0.0,0,0,0,0,0,0,0,,0,0,0,0,19.7
00-0035667,2026_03_LAC_BUF,3,BUF,LAC,0,0,0,0,0,0,,0,0,0,0,,0,0,0,0,0,0.0,0,2,0,0.0,0,0,0,0,0,0,0,,0,0,0,0,0.0
00-0035672,2026_03_TEN_NYG,3,TEN,NYG,0,0,0,0,0,0,,0,0,0,0,,0,0,0,0,0,0.0,1,4,0,0.0,0,0,1,0,0,0,0,,0,0,0,0,0.0
00-0035674,2026_03_HOU_IND,3,IND,HOU,0,0,0,0,0,0,,0,0,0,0,,0,0,0,0,0,0.0,0,1,0,0.0,0,0,0,0,0,0,0,,0,0,0,0,0.0
00-0035680,2026_03_CAR_CLE,3,CLE,CAR,0,0,0,0,0,0,,0,0,0,0,,0,0,0,0,0,0.0,4,4,1,0.0,1,0,0,0,0,0,0,,0,0,0,0,0.0
00-0035683,2026_03_CIN_PIT,3,CIN,PIT,0,0,0,0,0,0,,0,0,0,0,,0,0,0,0,0,0.0,3,1,3,2.0,2,0,0,0,0,0,0,,0,0,0,0,0.0
00-0035685,2026_03_HOU_IND,3,HOU,IND,0,0,0,0,0,0,,11,33,0,0,-5.79132543760352,2,2,15,0,4,0.08,0,0,0,0.0,0,0,0,0,0,0,0,,0,0,0,0,6.8
00-0035687,2026_03_CAR_CLE,3,CAR,CLE,0,0,0,0,0,0,,0,0,0,0,,0,0,0,0,0,0.0,1,3,0,0.0,0,0,0,0,0,0,0,,0,0,1,15,0.0
00-0035689,2026_03_LAC_BUF,3,BUF,LAC,0,0,0,0,0,0,,1,0,0,0,-1.78763503627852,1,1,5,0,2,0.0384615384615385,1,0,0,0.0,0,0,0,0,0,0,0,,0,0,1,10,1.5
00-0035699,2026_03_CIN_PIT,3,PIT,CIN,0,0,0,0,0,0,,0,0,0,0,,0,0,0,0,0,0.0,3,2,0,0.0,0,0,1,0,0,0,0,,0,0,0,0,0.0
00-0035705,2026_03_BAL_DAL,3,DAL,BAL,0,0,0,0,0,0,,0,0,0,0,,0,0,0,0,0,0.0,2,1,0,0.0,0,0,0,0,0,0,0,,0,0,0,0,0.0
00-0035710,2026_03_HOU_IND,3,IND,HOU,24,36,235,1,1,4,-6.87154260138176,3,5,0,0,2.62262196611846,0,0,0,0,0,0.0,0,0,0,0.0,0,0,0,0,0,0,0,,0,0,0,0,7.9
00-0035713,2026_03_TEN_NYG,3,NYG,TEN,0,0,0,0,0,0,,0,0,0,0,,0,0,0,0,0,0.0,0,0,0,0.0,1,0,0,0,0,0,0,,0,0,0,0,0.0
00-0035718,2026_03_BAL_DAL,3,DAL,BAL,0,0,0,0,0,0,,0,0,0,0,,0,0,0,0,0,0.0,2,0,1,0.0,0,0,0,0,0,0,0,,0,0,0,0,0.0
00-0035719,2026_03_ARI_SF,3,SF,ARI,0,0,0,0,0,0,,2,14,0,0,-0.273387995897792,0,0,80,1,80,0.0,0,0,0,0.0,0,0,0,0,0,0,0,,0,0,0,0,15.4
00-0035763,2026_03_LA_DEN,3,DEN,LA,0,0,0,0,0,0,,0,0,0,0,,0,0,0,0,0,0.0,2,2,1,0.0,1,0,1,0,0,0,0,,0,0,0,0,0.0
00-0035795,2026_03_MIN_TB,3,MIN,TB,0,0,0,0,0,0,,0,0,0,0,,0,0,0,0,0,0.0,5,3,0,0.0,0,0,0,0,0,0,0,,0,0,0,0,0.0
00-0035821,2026_03_ARI_SF,3,SF,ARI,0,0,0,0,0,0,,0,0,0,0,,0,0,0,0,0,0.0,0,0,0,0.0,0,0,0,0,0,0,0,,0,0,0,0,0.0
00-0035859,2026_03_ARI_SF,3,ARI,SF,0,0,0,0,0,0,,0,0,0,0,,0,0,0,0,0,0.0,0,0,0,0.0,0,0,0,0,0,0,0,,0,0,0,0,0.0
00-0035889,2026_03_TEN_NYG,3,TEN,NYG,0,0,0,0,0,0,,0,0,0,0,,0,0,0,0,0,0.0,0,0,0,0.0,0,0,0,0,0,0,0,,0,0,0,0,0.0
00-0035891,2026_03_LV_NO,3,LV,NO,0,0,0,0,0,0,,0,0,0,0,,3,1,4,1,0,0.1,1,0,0,0.0,0,0,0,0,0,0,0,,0,0,0,0,7.4
00-0035942,2026_03_MIN_TB,3,TB,MIN,0,0,0,0,0,0,,0,0,0,0,,0,0,0,0,0,0.0,1,2,0,0.0,0,0,0,0,0,0,0,,0,0,0,0,0.0
00-0036036,2026_03_BAL_DAL,3,DAL,BAL,0,0,0,0,0,0,,0,0,0,0,,0,0,0,0,0,0.0,0,0,0,0.0,0,0,0,0,0,0,0,,0,0,1,10,0.0
00-0036037,2026_03_LAC_BUF,3,BUF,LAC,0,0,0,0,0,0,,0,0,0,0,,0,0,0,0,0,0.0,1,1,0,0.0,0,0,0,0,0,0,0,,0,0,0,0,0.0
00-0036040,2026_03_LV_NO,3,NO,LV,0,0,0,0,0,0,,0,0,0,0,,8,8,53,2,38,0.2,1,0,0,0.0,0,0,0,1,0,0,0,,0,0,0,0,23.3
00-0036124,2026_03_NYJ_DET,3,DET,NYJ,0,0,0,0,0,0,,0,0,0,0,,0,0,0,0,0,0.0,1,0,0,0.0,0,0,0,0,0,0,0,,0,0,0,0,0.0
00-0036130,2026_03_BAL_DAL,3,BAL,DAL,0,0,0,0,0,0,,0,0,0,0,,0,0,0,0,0,0.0,1,2,0,0.0,0,0,0,0,0,0,0,,0,0,1,15,0.0
00-0036158,2026_03_LA_DEN,3,DEN,LA,0,0,0,0,0,0,,17,49,0,0,-1.94047590342234,2,1,4,0,4,0.0645161290322581,0,0,0,0.0,0,0,0,0,0,0,0,,0,0,0,0,6.3
00-0036159,2026_03_KC_MIA,3,MIA,KC,0,0,0,0,0,0,,0,0,0,0,,0,0,0,0,0,0.0,1,1,0,0.0,2,0,0,0,0,0,0,,0,0,0,0,0.0
00-0036162,2026_03_LAC_BUF,3,BUF,LAC,0,0,0,0,0,0,,0,0,0,0,,0,0,0,0,0,0.0,0,0,0,0.0,0,0,0,0,0,1,1,28.0,3,3,0,0,0.0
00-0036171,2026_03_KC_MIA,3,MIA,KC,0,0,0,0,0,0,,0,0,0,0,,0,0,0,0,0,0.0,1,0,0,0.0,0,0,0,0,0,0,0,,0,0,0,0,0.0
00-0036193,2026_03_LV_NO,3,NO,LV,0,0,0,0,0,0,,0,0,0,0,,0,0,0,0,0,0.0,2,1,0,0.0,0,0,1,1,0,0,0,,0,0,0,0,0.0
00-0036204,2026_03_ATL_GB,3,ATL,GB,0,0,0,0,0,0,,0,0,0,0,,0,0,0,0,0,0.0,0,2,0,0.0,0,0,0,0,0,0,0,,0,0,0,0,0.0
00-0036220,2026_03_CAR_CLE,3,CAR,CLE,0,0,0,0,0,0,,0,0,0,0,,0,0,0,0,0,0.0,5,0,0,0.0,0,0,1,0,0,0,0,,0,0,0,0,0.0
00-0036221,2026_03_LA_DEN,3,DEN,LA,0,0,0,0,0,0,,0,0,0,0,,0,0,0,0,0,0.0,10,2,1,0.0,1,0,1,0,0,0,0,,0,0,0,0,0.0
00-0036222,2026_03_MIN_TB,3,MIN,TB,0,0,0,0,0,0,,0,0,0,0,,0,0,0,0,0,0.0,2,4,0,0.0,0,1,1,0,0,0,0,,0,0,0,0,0.0
00-0036223,2026_03_HOU_IND,3,IND,HOU,0,0,0,0,0,0,,23,68,0,0,-4.04576532868668,3,2,4,0,11,0.0857142857142857,0,0,0,0.0,0,0,0,0,0,0,0,,0,0,0,0,9.2
00-0036224,2026_03_PHI_CHI,3,PHI,CHI,0,0,0,0,0,0,,0,0,0,0,,0,0,0,0,0,0.0,1,0,0,0.0,1,0,0,1,0,0,0,,0,0,0,0,0.0
00-0036231,2026_03_CIN_PIT,3,CIN,PIT,0,0,0,0,0,0,,0,0,0,0,,0,0,0,0,0,0.0,4,4,0,0.0,0,0,1,0,0,0,0,,0,0,0,0,0.0
00-0036244,2026_03_LA_DEN,3,LA,DEN,0,0,0,0,0,0,,0,0,0,0,,1,0,0,0,0,0.0204081632653061,0,0,0,0.0,0,0,0,0,0,0,0,,0,0,0,0,0.0
00-0036246,2026_03_TEN_NYG,3,NYG,TEN,0,0,0,0,0,0,,0,0,0,0,,0,0,0,0,0,0.0,0,0,0,0.0,0,0,0,0,0,0,0,,0,0,1,5,0.0
00-0036248,2026_03_KC_MIA,3,MIA,KC,0,0,0,0,0,0,,0,0,0,0,,0,0,0,0,0,0.0,0,0,0,0.0,0,0,0,0,0,0,0,,0,0,1,5,0.0
00-0036252,2026_03_CIN_PIT,3,PIT,CIN,0,0,0,0,0,0,,0,0,0,0,,5,2,16,0,5,0.161290322580645,0,0,0,0.0,0,0,0,0,0,0,0,,0,0,1,5,3.6
00-0036253,2026_03_LV_NO,3,NO,LV,0,0,0,0,0,0,,0,0,0,0,,0,0,0,0,0,0.0,2,1,0,0.0,0,0,0,0,0,0,0,,0,0,0,0,0.0
00-0036256,2026_03_ARI_SF,3,SF,ARI,0,0,0,0,0,0,,0,0,0,0,,0,0,0,0,0,0.0,0,0,0,0.0,0,0,0,0,0,0,0,,0,0,1,5,0.0
00-0036258,2026_03_PHI_CHI,3,CHI,PHI,0,0,0,0,0,0,,0,0,0,0,,0,0,0,0,0,0.0,0,0,0,0.0,0,0,0,0,0,0,0,,0,0,1,15,0.0
00-0036259,2026_03_MIN_TB,3,MIN,TB,0,0,0,0,0,0,,0,0,0,0,,2,1,1,0,0,0.08,0,0,0,0.0,0,0,0,0,0,0,0,,0,0,0,0,1.1
00-0036260,2026_03_SEA_WAS,3,WAS,SEA,0,0,0,0,0,0,,0,0,0,0,,0,0,0,0,0,0.0,0,2,0,0.0,1,0,0,0,0,0,0,,0,0,0,0,0.0
00-0036262,2026_03_NE_JAX,3,JAX,NE,0,0,0,0,0,0,,0,0,0,0,,0,0,0,0,0,0.0,3,2,0,0.5,1,0,0,1,0,0,0,,0,0,0,0,0.0
00-0036264,2026_03_ATL_GB,3,GB,ATL,28,53,312,2,1,1,3.57120850867047,1,0,0,0,-0.352745797485113,0,0,0,0,0,0.0,0,0,0,0.0,0,0,0,0,0,0,0,,0,0,0,0,18.48
00-0036265,2026_03_CAR_CLE,3,CAR,CLE,0,0,0,0,0,0,,4,16,0,0,-0.106209853547625,1,1,-2,0,5,0.0238095238095238,0,0,0,0.0,0,0,0,0,0,0,0,,0,0,0,0,2.4
00-0036266,2026_03_TEN_NYG,3,TEN,NYG,0,0,0,0,0,0,,0,0,0,0,,0,0,0,0,0,0.0,0,2,0,0.0,0,0,0,0,0,0,0,,0,0,0,0,0.0
00-0036275,2026_03_PHI_CHI,3,CHI,PHI,0,0,0,0,0,0,,20,84,0,0,-0.818306592293084,3,2,4,0,5,0.0882352941176471,0,0,0,0.0,0,0,0,0,0,0,0,,0,0,1,5,10.8
00-0036280,2026_03_TEN_NYG,3,NYG,TEN,0,0,0,0,0,0,,0,0,0,0,,0,0,0,0,0,0.0,0,0,0,0.0,0,0,0,0,0,0,0,,0,0,0,0,0.0
00-0036281,2026_03_ATL_GB,3,ATL,GB,0,0,0,0,0,0,,0,0,0,0,,0,0,0,0,0,0.0,8,0,0,0.0,0,0,3,0,0,0,0,,0,0,0,0,0.0
00-0036282,2026_03_CAR_CLE,3,CLE,CAR,0,0,0,0,0,0,,0,0,0,0,,0,0,0,0,0,0.0,2,2,0,0.0,0,0,0,0,0,0,0,,0,0,0,0,0.0
00-0036286,2026_03_SEA_WAS,3,WAS,SEA,0,0,0,0,0,0,,0,0,0,0,,0,0,0,0,0,0.0,3,0,1,0.0,1,0,0,0,0,0,0,,0,0,1,15,0.0
00-0036290,2026_03_PHI_CHI,3,CHI,PHI,0,0,0,0,0,0,,0,0,0,0,,1,0,0,0,0,0.0294117647058824,0,0,0,0.0,0,0,0,0,0,0,0,,0,0,0,0,0.0
00-0036292,2026_03_PHI_CHI,3,CHI,PHI,0,0,0,0,0,0,,0,0,0,0,,0,0,0,0,0,0.0,5,0,1,0.0,0,0,0,0,0,0,0,,0,0,0,0,0.0
00-0036293,2026_03_LV_NO,3,LV,NO,0,0,0,0,0,0,,0,0,0,0,,0,0,0,0,0,0.0,7,1,1,1.0,1,0,0,1,0,0,0,,0,0,1,5,0.0
00-0036298,2026_03_HOU_IND,3,IND,HOU,0,0,0,0,0,0,,0,0,0,0,,0,0,0,0,0,0.0,3,4,0,0.0,0,0,1,0,0,0,0,,0,0,0,0,0.0
00-0036302,2026_03_BAL_DAL,3,BAL,DAL,0,0,0,0,0,0,,0,0,0,0,,0,0,0,0,0,0.0,5,3,0,0.0,0,0,0,0,0,0,0,,0,0,0,0,0.0
00-0036305,2026_03_CAR_CLE,3,CAR,CLE,0,0,0,0,0,0,,0,0,0,0,,0,0,0,0,0,0.0,1,0,1,1.0,1,0,0,0,0,0,0,,0,0,0,0,0.0
00-0036306,2026_03_CAR_CLE,3,CLE,CAR,0,0,0,0,0,0,,0,0,0,0,,0,0,0,0,0,0.0,1,0,0,0.0,0,0,0,0,0,0,0,,0,0,0,0,0.0
00-0036309,2026_03_TEN_NYG,3,NYG,TEN,0,0,0,0,0,0,,1,9,0,0,1.1479798903456,3,2,20,0,0,0.142857142857143,0,0,0,0.0,0,0,0,0,0,0,0,,0,0,0,0,4.9
00-0036313,2026_03_PHI_CHI,3,PHI,CHI,0,0,0,0,0,0,,0,0,0,0,,0,0,0,0,0,0.0,0,0,0,0.0,0,0,0,0,0,0,0,,0,0,0,0,0.0
00-0036321,2026_03_LV_NO,3,NO,LV,0,0,0,0,0,0,,0,0,0,0,,0,0,0,0,0,0.0,2,0,2,2.0,2,0,0,1,0,0,0,,0,0,0,0,0.0
00-0036322,2026_03_MIN_TB,3,MIN,TB,0,0,0,0,0,0,,0,0,0,0,,2,2,32,0,14,0.08,0,0,0,0.0,0,0,0,0,0,0,0,,0,0,0,0,5.2
00-0036323,2026_03_CIN_PIT,3,PIT,CIN,0,0,0,0,0,0,,0,0,0,0,,0,0,0,0,0,0.0,4,9,1,0.0,0,0,1,0,0,0,0,,0,0,0,0,0.0
00-0036327,2026_03_NE_JAX,3,JAX,NE,0,0,0,0,0,0,,0,0,0,0,,0,0,0,0,0,0.0,0,1,0,0.0,0,0,0,0,0,0,0,,0,0,0,0,0.0
00-0036329,2026_03_ARI_SF,3,SF,ARI,0,0,0,0,0,0,,0,0,0,0,,0,0,0,0,0,0.0,0,1,0,0.0,0,0,0,0,0,0,0,,0,0,0,0,0.0
00-0036331,2026_03_ARI_SF,3,ARI,SF,0,0,0,0,0,0,,0,0,0,0,,0,0,0,0,0,0.0,0,0,0,0.0,0,0,0,0,0,0,0,,0,0,0,0,0.0
00-0036335,2026_03_NYJ_DET,3,DET,NYJ,0,0,0,0,0,0,,0,0,0,0,,0,0,0,0,0,0.0,2,0,2,2.0,2,0,0,0,0,0,0,,0,0,0,0,0.0
00-0036337,2026_03_PHI_CHI,3,CHI,PHI,0,0,0,0,0,0,,0,0,0,0,,0,0,0,0,0,0.0,0,1,0,0.0,0,0,0,0,0,0,0,,0,0,0,0,0.0
00-0036338,2026_03_LAC_BUF,3,LAC,BUF,0,0,0,0,0,0,,0,0,0,0,,0,0,0,0,0,0.0,4,2,0,0.0,0,0,1,0,0,0,0,,0,0,0,0,0.0
00-0036341,2026_03_ARI_SF,3,SF,ARI,0,0,0,0,0,0,,0,0,0,0,,0,0,0,0,0,0.0,3,0,0,0.0,0,0,0,0,0,0,0,,0,0,0,0,0.0
00-0036347,2026_03_MIN_TB,3,MIN,TB,0,0,0,0,0,0,,0,0,0,0,,0,0,0,0,0,0.0,1,0,0,0.0,0,0,0,0,0,0,0,,0,0,0,0,0.0
00-0036348,2026_03_MIN_TB,3,MIN,TB,0,0,0,0,0,0,,0,0,0,0,,0,0,0,0,0,0.0,4,5,0,0.5,1,0,1,0,0,0,0,,0,0,1,15,0.0
00-0036349,2026_03_LA_DEN,3,LA,DEN,0,0,0,0,0,0,,0,0,0,0,,0,0,0,0,0,0.0,3,0,0,0.0,0,0,0,0,0,0,0,,0,0,0,0,0.0
00-0036355,2026_03_LAC_BUF,3,LAC,BUF,20,34,226,1,1,2,-6.36960965001577,4,17,0,0,1.64032828557538,0,0,0,0,0,0.0,0,0,0,0.0,0,0,0,0,0,0,0,,0,0,0,0,12.74
00-0036356,2026_03_CAR_CLE,3,CAR,CLE,0,0,0,0,0,0,,0,0,0,0,,0,0,0,0,0,0.0,1,0,0,0.0,0,0,0,0,0,0,0,,0,0,0,0,0.0
00-0036358,2026_03_BAL_DAL,3,DAL,BAL,0,0,0,0,0,0,,0,0,0,0,,8,7,112,0,39,0.2,0,0,0,0.0,0,0,0,0,0,0,0,,0,0,0,0,20.2
00-0036362,2026_03_KC_MIA,3,MIA,KC,0,0,0,0,0,0,,0,0,0,0,,0,0,0,0,0,0.0,1,2,0,0.0,0,0,0,0,0,0,0,,0,0,0,0,0.0
00-0036366,2026_03_PHI_CHI,3,CHI,PHI,0,0,0,0,0,0,,0,0,0,0,,0,0,0,0,0,0.0,1,0,0,0.0,0,0,0,0,0,0,0,,0,0,0,0,0.0
00-0036369,2026_03_BAL_DAL,3,BAL,DAL,0,0,0,0,0,0,,0,0,0,0,,0,0,0,0,0,0.0,0,0,0,0.0,0,0,0,0,0,0,0,,0,0,3,15,0.0
00-0036374,2026_03_KC_MIA,3,KC,MIA,0,0,0,0,0,0,,0,0,0,0,,0,0,0,0,0,0.0,1,2,0,0.0,0,0,0,1,0,0,0,,0,0,1,5,0.0
00-0036375,2026_03_SEA_WAS,3,WAS,SEA,0,0,0,0,0,0,,0,0,0,0,,0,0,0,0,0,0.0,4,2,0,0.0,0,0,4,1,0,0,0,,0,0,0,0,0.0
00-0036380,2026_03_KC_MIA,3,KC,MIA,0,0,0,0,0,0,,0,0,0,0,,0,0,0,0,0,0.0,3,3,0,0.0,0,0,0,0,0,0,0,,0,0,0,0,0.0
00-0036388,2026_03_ATL_GB,3,GB,ATL,0,0,0,0,0,0,,0,0,0,0,,0,0,0,0,0,0.0,4,1,0,0.0,0,1,1,0,0,0,0,,0,0,0,0,0.0
00-0036389,2026_03_PHI_CHI,3,PHI,CHI,16,25,153,0,1,2,-10.9558900449192,4,25,1,0,3.59094701625872,0,0,0,0,0,0.0,0,0,0,0.0,0,0,0,0,0,0,0,,0,0,1,10,12.62
00-0036408,2026_03_LV_NO,3,NO,LV,0,0,0,0,0,0,,0,0,0,0,,0,0,0,0,0,0.0,0,0,0,0.0,0,0,0,0,0,0,0,,0,0,1,5,0.0
00-0036409,2026_03_KC_MIA,3,MIA,KC,0,0,0,0,0,0,,0,0,0,0,,0,0,0,0,0,0.0,3,7,0,0.0,0,0,0,0,0,0,0,,0,0,0,0,0.0
00-0036410,2026_03_CIN_PIT,3,CIN,PIT,0,0,0,0,0,0,,0,0,0,0,,7,6,90,1,7,0.189189189189189,0,0,0,0.0,0,0,0,0,0,0,0,,0,0,0,0,21.0
00-0036411,2026_03_MIN_TB,3,TB,MIN,0,0,0,0,0,0,,0,0,0,0,,0,0,0,0,0,0.0,1,4,0,0.0,0,0,0,0,0,0,0,,0,0,0,0,0.0
00-0036418,2026_03_PHI_CHI,3,PHI,CHI,0,0,0,0,0,0,,0,0,0,0,,0,0,0,0,0,0.0,3,4,2,0.0,0,0,1,0,0,0,0,,0,0,0,0,0.0
00-0036425,2026_03_MIN_TB,3,MIN,TB,0,0,0,0,0,0,,1,2,0,0,-0.687600451754406,0,0,0,0,0,0.0,0,0,0,0.0,0,0,0,0,0,0,0,,0,0,0,0,0.2
00-0036428,2026_03_LA_DEN,3,DEN,LA,0,0,0,0,0,0,,0,0,0,0,,0,0,0,0,0,0.0,4,0,1,0.0,0,0,1,0,0,0,0,,0,0,0,0,0.0
00-0036442,2026_03_CIN_PIT,3,CIN,PIT,28,37,282,3,0,1,14.6521680545717,2,13,0,0,0.479357612319291,0,0,0,0,0,0.0,0,0,0,0.0,0,0,0,0,0,0,0,,0,0,0,0,22.58
00-0036463,2026_03_ATL_GB,3,ATL,GB,0,0,0,0,0,0,,0,0,0,0,,0,0,0,0,0,0.0,2,0,0,0.0,0,0,0,0,0,0,0,,0,0,0,0,2.0
00-0036479,2026_03_LV_NO,3,LV,NO,0,0,0,0,0,0,,0,0,0,0,,0,0,0,0,0,0.0,0,3,0,0.0,0,0,0,0,0,0,0,,0,0,0,0,0.0
00-0036480,2026_03_PHI_CHI,3,CHI,PHI,0,0,0,0,0,0,,0,0,0,0,,0,0,0,0,0,0.0,1,2,1,1.0,1,0,0,0,0,0,0,,0,0,0,0,0.0
00-0036483,2026_03_MIN_TB,3,MIN,TB,0,0,0,0,0,0,,0,0,0,0,,0,0,0,0,0,0.0,0,0,0,0.0,0,0,0,0,0,0,0,,0,0,1,9,0.0
00-0036500,2026_03_NYJ_DET,3,NYJ,DET,0,0,0,0,0,0,,0,0,0,0,,0,0,0,0,0,0.0,4,4,1,0.0,0,0,0,0,0,0,0,,0,0,0,0,0.0
00-0036501,2026_03_PHI_CHI,3,PHI,CHI,0,0,0,0,0,0,,0,0,0,0,,0,0,0,0,0,0.0,3,1,0,0.0,0,0,0,0,0,0,0,,0,0,0,0,0.0
00-0036502,2026_03_TEN_NYG,3,NYG,TEN,0,0,0,0,0,0,,0,0,0,0,,0,0,0,0,0,0.0,3,0,1,0.0,0,0,0,0,0,0,0,,0,0,0,0,0.0
00-0036504,2026_03_CIN_PIT,3,PIT,CIN,0,0,0,0,0,0,,0,0,0,0,,0,0,0,0,0,0.0,2,0,0,0.0,0,0,0,0,0,0,0,,0,0,0,0,0.0
00-0036550,2026_03_BAL_DAL,3,BAL,DAL,0,0,0,0,0,0,,0,0,0,0,,3,2,37,0,12,0.15,0,0,0,0.0,0,0,0,0,0,0,0,,0,0,0,0,5.7
00-0036555,2026_03_CAR_CLE,3,CAR,CLE,0,0,0,0,0,0,,19,82,0,0,-3.43855538843479,4,4,28,0,42,0.0952380952380952,0,0,0,0.0,0,0,0,0,0,0,0,,0,0,0,0,15.0
00-0036563,2026_03_ARI_SF,3,SF,ARI,0,0,0,0,0,0,,0,0,0,0,,0,0,0,0,0,0.0,3,2,0,0.0,0,0,1,0,0,0,0,,0,0,1,19,0.0
00-0036564,2026_03_LA_DEN,3,DEN,LA,0,0,0,0,0,0,,0,0,0,0,,0,0,0,0,0,0.0,2,3,1,1.0,1,2,3,0,1,0,0,,0,0,0,0,0.0
00-0036587,2026_03_TEN_NYG,3,NYG,TEN,0,0,0,0,0,0,,0,0,0,0,,0,0,0,0,0,0.0,1,0,0,0.0,0,0,0,0,0,0,0,,0,0,0,0,0.0
00-0036603,2026_03_LA_DEN,3,LA,DEN,0,0,0,0,0,0,,0,0,0,0,,0,0,0,0,0,0.0,0,0,0,0.0,0,0,0,0,0,0,0,,0,0,1,5,0.0
00-0036613,2026_03_LA_DEN,3,DEN,LA,0,0,0,0,0,0,,1,14,0,0,0.982146841939539,7,2,10,0,3,0.225806451612903,0,0,0,0.0,0,0,0,0,0,0,0,,0,0,0,0,6.4
00-0036617,2026_03_CIN_PIT,3,PIT,CIN,0,0,0,0,0,0,,0,0,0,0,,0,0,0,0,0,0.0,1,1,0,0.0,0,0,1,0,0,0,0,,0,0,0,0,0.0
00-0036621,2026_03_KC_MIA,3,KC,MIA,0,0,0,0,0,0,,0,0,0,0,,0,0,0,0,0,0.0,8,3,1,0.0,0,0,1,0,0,0,0,,0,0,0,0,0.0
00-0036623,2026_03_KC_MIA,3,KC,MIA,0,0,0,0,0,0,,0,0,0,0,,0,0,0,0,0,0.0,0,0,0,0.0,0,0,0,0,0,0,0,,0,0,1,10,0.0
00-0036624,2026_03_NYJ_DET,3,DET,NYJ,0,0,0,0,0,0,,0,0,0,0,,0,0,0,0,0,0.0,2,0,1,1.0,2,0,0,0,0,0,0,,0,0,0,0,0.0
00-0036626,2026_03_SEA_WAS,3,WAS,SEA,0,0,0,0,0,0,,0,0,0,0,,1,0,0,0,0,0.0333333333333333,0,0,0,0.0,0,0,0,0,0,0,0,,0,0,0,0,0.0
00-0036628,2026_03_SEA_WAS,3,WAS,SEA,0,0,0,0,0,0,,0,0,0,0,,1,1,9,0,7,0.0333333333333333,0,0,0,0.0,0,0,0,0,0,0,0,,0,0,1,5,1.9
00-0036629,2026_03_HOU_IND,3,IND,HOU,0,0,0,0,0,0,,0,0,0,0,,0,0,0,0,0,0.0,1,1,0,0.0,0,0,0,0,0,0,0,,0,0,0,0,0.0
00-0036630,2026_03_CAR_CLE,3,CLE,CAR,0,0,0,0,0,0,,0,0,0,0,,0,0,0,0,0,0.0,0,1,0,0.0,0,0,0,0,0,0,0,,0,0,0,0,0.0
00-0036637,2026_03_KC_MIA,3,KC,MIA,0,0,0,0,0,0,,0,0,0,0,,3,3,39,0,17,0.130434782608696,0,0,0,0.0,0,0,0,0,0,0,0,,0,0,0,0,6.9
00-0036642,2026_03_CIN_PIT,3,CIN,PIT,0,0,0,0,0,0,,0,0,0,0,,0,0,0,0,0,0.0,0,2,0,0.0,0,0,0,0,0,0,0,,0,0,0,0,0.0
00-0036646,2026_03_ARI_SF,3,ARI,SF,0,0,0,0,0,0,,0,0,0,0,,0,0,0,0,0,0.0,0,0,0,0.0,0,0,0,0,0,0,0,,0,0,1,15,0.0
00-0036648,2026_03_ATL_GB,3,GB,ATL,0,0,0,0,0,0,,0,0,0,0,,0,0,0,0,0,0.0,0,1,0,0.0,0,0,0,0,0,0,0,,0,0,0,0,0.0
00-0036655,2026_03_NE_JAX,3,JAX,NE,0,0,0,0,0,0,,0,0,0,0,,0,0,0,0,0,0.0,0,0,0,0.0,0,0,0,0,0,0,0,,0,0,1,10,0.0
00-0036658,2026_03_ATL_GB,3,GB,ATL,0,0,0,0,0,0,,0,0,0,0,,0,0,0,0,0,0.0,0,3,1,0.0,0,0,0,0,0,0,0,,0,0,0,0,0.0
00-0036660,2026_03_KC_MIA,3,KC,MIA,0,0,0,0,0,0,,0,0,0,0,,0,0,0,0,0,0.0,0,0,0,0.0,0,0,0,0,0,0,0,,0,0,1,10,0.0
00-0036672,2026_03_LA_DEN,3,LA,DEN,0,0,0,0,0,0,,0,0,0,0,,0,0,0,0,0,0.0,0,1,0,0.0,0,0,0,0,0,0,0,,0,0,0,0,0.0
00-0036682,2026_03_KC_MIA,3,MIA,KC,0,0,0,0,0,0,,0,0,0,0,,0,0,0,0,0,0.0,0,1,0,0.0,0,0,0,0,0,0,0,,0,0,0,0,0.0
00-0036683,2026_03_LA_DEN,3,DEN,LA,0,0,0,0,0,0,,0,0,0,0,,0,0,0,0,0,0.0,2,0,0,0.0,0,0,0,0,0,0,0,,0,0,0,0,0.0
00-0036695,2026_03_ARI_SF,3,SF,ARI,0,0,0,0,0,0,,0,0,0,0,,0,0,0,0,0,0.0,0,1,0,0.0,0,0,0,0,0,0,0,,0,0,0,0,0.0
00-0036727,2026_03_LA_DEN,3,DEN,LA,0,0,0,0,0,0,,0,0,0,0,,0,0,0,0,0,0.0,0,1,0,0.0,0,0,0,0,0,0,0,,0,0,0,0,0.0
00-0036754,2026_03_NYJ_DET,3,DET,NYJ,0,0,0,0,0,0,,0,0,0,0,,2,2,7,0,3,0.0645161290322581,0,0,0,0.0,0,0,0,0,0,0,0,,0,0,0,0,2.7
00-0036813,2026_03_NE_JAX,3,NE,JAX,0,0,0,0,0,0,,0,0,0,0,,0,0,0,0,0,0.0,1,2,0,0.0,1,0,0,0,0,0,0,,0,0,0,0,0.0
00-0036816,2026_03_KC_MIA,3,MIA,KC,0,0,0,0,0,0,,0,0,0,0,,0,0,0,0,0,0.0,0,1,0,0.0,0,0,0,0,0,1,1,37.0,1,1,0,0,0.0
00-0036825,2026_03_CAR_CLE,3,CAR,CLE,0,0,0,0,0,0,,0,0,0,0,,0,0,0,0,0,0.0,0,1,0,0.0,0,0,0,0,0,0,0,,0,0,0,0,0.0
00-0036833,2026_03_ATL_GB,3,ATL,GB,0,0,0,0,0,0,,0,0,0,0,,0,0,0,0,0,0.0,0,0,0,0.0,0,0,0,0,0,0,0,,0,0,1,4,0.0
00-0036844,2026_03_ARI_SF,3,SF,ARI,0,0,0,0,0,0,,0,0,0,0,,0,0,0,0,0,0.0,3,1,0,0.0,0,0,0,0,0,0,0,,0,0,0,0,0.0
00-0036854,2026_03_CIN_PIT,3,CIN,PIT,0,0,0,0,0,0,,0,0,0,0,,0,0,0,0,0,0.0,0,0,0,0.0,0,0,0,0,0,2,2,50.0,3,3,0,0,0.0
00-0036862,2026_03_CIN_PIT,3,PIT,CIN,0,0,0,0,0,0,,0,0,0,0,,1,1,23,1,0,0.032258064516129,0,0,0,0.0,0,0,0,0,0,0,0,,0,0,0,0,9.3
00-0036874,2026_03_LA_DEN,3,DEN,LA,0,0,0,0,0,0,,0,0,0,0,,0,0,0,0,0,0.0,6,2,0,0.0,0,0,0,0,0,0,0,,0,0,0,0,0.0
00-0036875,2026_03_NE_JAX,3,NE,JAX,0,0,0,0,0,0,,7,22,0,0,3.57132028602064,3,3,16,0,16,0.1,0,0,0,0.0,0,0,0,0,0,0,0,,0,0,0,0,6.8
00-0036880,2026_03_NYJ_DET,3,DET,NYJ,0,0,0,0,0,0,,0,0,0,0,,0,0,0,0,0,0.0,0,0,0,0.0,0,0,0,0,0,0,0,,0,0,1,10,0.0
00-0036883,2026_03_HOU_IND,3,HOU,IND,0,0,0,0,0,0,,0,0,0,0,,0,0,0,0,0,0.0,2,4,0,0.0,0,0,0,0,0,0,0,,0,0,0,0,0.0
00-0036887,2026_03_ARI_SF,3,SF,ARI,0,0,0,0,0,0,,0,0,0,0,,1,0,0,0,0,0.0384615384615385,0,1,0,0.0,0,0,0,0,0,0,0,,0,0,0,0,0.0
00-0036888,2026_03_LAC_BUF,3,BUF,LAC,0,0,0,0,0,0,,0,0,0,0,,0,0,0,0,0,0.0,1,1,0,0.0,0,0,0,0,0,0,0,,0,0,0,0,0.0
00-0036893,2026_03_TEN_NYG,3,NYG,TEN,0,0,0,0,0,0,,9,52,0,0,1.37183479283704,0,0,0,0,0,0.0,0,0,0,0.0,0,0,0,0,0,0,0,,0,0,0,0,5.2
00-0036894,2026_03_CIN_PIT,3,PIT,CIN,0,0,0,0,0,0,,1,1,0,0,0.385468833032064,4,2,30,0,19,0.129032258064516,0,0,0,0.0,0,0,0,0,0,0,0,,0,0,0,0,5.1
00-0036900,2026_03_CIN_PIT,3,CIN,PIT,0,0,0,0,0,0,,0,0,0,0,,12,9,98,1,28,0.324324324324324,0,0,0,0.0,0,0,0,0,0,0,0,,0,0,0,0,24.8
00-0036901,2026_03_LV_NO,3,LV,NO,0,0,0,0,0,0,,0,0,0,0,,0,0,0,0,0,0.0,1,1,0,0.0,0,0,0,0,0,0,0,,0,0,0,0,0.0
00-0036902,2026_03_NYJ_DET,3,NYJ,DET,0,0,0,0,0,0,,0,0,0,0,,0,0,0,0,0,0.0,0,2,0,0.0,0,0,0,0,0,0,0,,0,0,0,0,0.0
00-0036903,2026_03_CAR_CLE,3,CAR,CLE,0,0,0,0,0,0,,0,0,0,0,,0,0,0,0,0,0.0,0,1,0,0.0,0,0,0,0,0,0,0,,0,0,0,0,0.0
00-0036909,2026_03_KC_MIA,3,KC,MIA,0,0,0,0,0,0,,0,0,0,0,,0,0,0,0,0,0.0,1,1,0,0.0,0,0,0,0,0,0,0,,0,0,0,0,0.0
00-0036912,2026_03_PHI_CHI,3,PHI,CHI,0,0,0,0,0,0,,0,0,0,0,,8,6,65,0,27,0.32,0,0,0,0.0,0,0,0,0,0,0,0,,0,0,0,0,12.5
00-0036914,2026_03_LAC_BUF,3,BUF,LAC,0,0,0,0,0,0,,0,0,0,0,,0,0,0,0,0,0.0,5,3,4,2.0,3,0,0,0,0,0,0,,0,0,1,15,0.0
00-0036916,2026_03_NE_JAX,3,NE,JAX,0,0,0,0,0,0,,0,0,0,0,,0,0,0,0,0,0.0,3,2,0,0.0,0,0,0,0,0,0,0,,0,0,1,5,0.0
00-0036919,2026_03_MIN_TB,3,TB,MIN,0,0,0,0,0,0,,3,-4,0,0,-2.38206362782512,5,2,14,0,18,0.142857142857143,1,0,0,0.0,0,0,0,0,0,0,0,,0,0,0,0,3.0
00-0036922,2026_03_LV_NO,3,LV,NO,0,0,0,0,0,0,,0,0,0,0,,0,0,0,0,0,0.0,1,0,0,0.0,1,0,0,0,0,0,0,,0,0,0,0,0.0
00-0036927,2026_03_LV_NO,3,NO,LV,0,0,0,0,0,0,,0,0,0,0,,0,0,0,0,0,0.0,2,1,0,0.0,1,0,0,0,0,0,0,,0,0,0,0,0.0
00-0036933,2026_03_ARI_SF,3,ARI,SF,0,0,0,0,0,0,,0,0,0,0,,0,0,0,0,0,0.0,3,0,0,0.0,0,0,2,0,0,0,0,,0,0,0,0,0.0
00-0036934,2026_03_CAR_CLE,3,CAR,CLE,0,0,0,0,0,0,,0,0,0,0,,0,0,0,0,0,0.0,0,2,0,0.0,1,0,0,0,0,0,0,,0,0,0,0,0.0
00-0036940,2026_03_SEA_WAS,3,WAS,SEA,0,0,0,0,0,0,,0,0,0,0,,0,0,0,0,0,0.0,0,5,0,0.0,2,0,0,0,0,0,0,,0,0,0,0,0.0
00-0036941,2026_03_NYJ_DET,3,NYJ,DET,0,0,0,0,0,0,,0,0,0,0,,0,0,0,0,0,0.0,5,1,1,1.0,1,0,0,0,0,0,0,,0,0,0,0,0.0
00-0036942,2026_03_ARI_SF,3,SF,ARI,0,0,0,0,0,0,,0,0,0,0,,0,0,0,0,0,0.0,0,1,0,0.0,0,0,1,0,0,0,0,,0,0,0,0,0.0
00-0036943,2026_03_LA_DEN,3,DEN,LA,0,0,0,0,0,0,,0,0,0,0,,0,0,0,0,0,0.0,0,0,0,0.0,0,0,0,0,0,0,0,,0,0,1,5,0.0
00-0036944,2026_03_CAR_CLE,3,CAR,CLE,0,0,0,0,0,0,,0,0,0,0,,0,0,0,0,0,0.0,1,1,0,0.0,0,0,0,0,0,0,0,,0,0,0,0,0.0
00-0036962,2026_03_CAR_CLE,3,CAR,CLE,0,0,0,0,0,0,,0,0,0,0,,0,0,0,0,0,0.0,2,2,1,0.0,0,0,0,0,0,0,0,,0,0,0,0,0.0
00-0036963,2026_03_NYJ_DET,3,DET,NYJ,0,0,0,0,0,0,,0,0,0,0,,8,4,19,1,3,0.258064516129032,0,0,0,0.0,0,0,0,0,0,0,0,,0,0,0,0,11.9
00-0036964,2026_03_NYJ_DET,3,DET,NYJ,0,0,0,0,0,0,,0,0,0,0,,0,0,0,0,0,0.0,5,3,1,0.0,0,0,0,0,0,0,0,,0,0,0,0,0.0
00-0036970,2026_03_ATL_GB,3,ATL,GB,0,0,0,0,0,0,,0,0,0,0,,2,1,5,0,0,0.0869565217391304,0,0,0,0.0,0,0,0,0,0,0,0,,0,0,0,0,1.5
00-0036971,2026_03_NE_JAX,3,JAX,NE,19,29,182,3,1,1,7.55768720564685,4,25,0,0,2.49052802060032,0,0,0,0,0,0.0,0,0,0,0.0,0,0,0,0,0,0,0,,0,0,0,0,19.78
00-0036973,2026_03_LV_NO,3,NO,LV,0,0,0,0,0,0,,13,57,0,0,1.32632189465221,2,2,13,0,13,0.05,0,0,0,0.0,0,0,0,0,0,0,0,,0,0,0,0,9.0
00-0036976,2026_03_LAC_BUF,3,BUF,LAC,0,0,0,0,0,0,,0,0,0,0,,0,0,0,0,0,0.0,0,0,0,0.0,0,0,0,0,0,0,0,,0,0,1,5,0.0
00-0036981,2026_03_NE_JAX,3,NE,JAX,0,0,0,0,0,0,,0,0,0,0,,0,0,0,0,0,0.0,1,1,0,0.0,1,0,0,0,0,0,0,,0,0,0,0,0.0
00-0036982,2026_03_TEN_NYG,3,NYG,TEN,0,0,0,0,0,0,,0,0,0,0,,0,0,0,0,0,0.0,2,0,0,0.0,0,0,0,0,0,0,0,,0,0,0,0,0.0
00-0036987,2026_03_NYJ_DET,3,NYJ,DET,0,0,0,0,0,0,,0,0,0,0,,0,0,0,0,0,0.0,3,0,1,0.0,0,0,0,0,0,0,0,,0,0,0,0,0.0
00-0036989,2026_03_LV_NO,3,LV,NO,0,0,0,0,0,0,,0,0,0,0,,0,0,0,0,0,0.0,3,0,1,1.0,3,0,0,1,0,0,0,,0,0,0,0,0.0
00-0036990,2026_03_ATL_GB,3,ATL,GB,0,0,0,0,0,0,,0,0,0,0,,0,0,0,0,0,0.0,1,1,0,0.0,1,0,1,0,0,0,0,,0,0,0,0,0.0
00-0036993,2026_03_MIN_TB,3,TB,MIN,0,0,0,0,0,0,,0,0,0,0,,0,0,0,0,0,0.0,1,0,0,0.0,0,0,0,0,0,0,0,,0,0,0,0,0.0
00-0036994,2026_03_SEA_WAS,3,SEA,WAS,0,0,0,0,0,0,,0,0,0,0,,0,0,0,0,0,0.0,3,5,0,0.0,0,0,1,0,0,0,0,,0,0,0,0,0.0
00-0036995,2026_03_ARI_SF,3,ARI,SF,0,0,0,0,0,0,,0,0,0,0,,0,0,0,0,0,0.0,0,1,1,0.0,1,0,0,0,0,0,0,,0,0,0,0,0.0
00-0036996,2026_03_TEN_NYG,3,NYG,TEN,0,0,0,0,0,0,,0,0,0,0,,0,0,0,0,0,0.0,1,2,0,0.0,0,0,2,0,0,0,0,,0,0,0,0,0.0
00-0036997,2026_03_BAL_DAL,3,DAL,BAL,0,0,0,0,0,0,,19,98,1,0,-0.896825789532159,3,2,5,0,9,0.075,0,0,0,0.0,0,0,0,0,0,0,0,,0,0,0,0,18.3
00-0036998,2026_03_TEN_NYG,3,NYG,TEN,0,0,0,0,0,0,,0,0,0,0,,0,0,0,0,0,0.0,0,2,0,0.0,0,1,2,0,0,0,0,,0,0,0,0,0.0
00-0037004,2026_03_ARI_SF,3,ARI,SF,0,0,0,0,0,0,,0,0,0,0,,1,1,5,0,0,0.02,0,0,0,0.0,0,0,0,0,0,0,0,,0,0,0,0,1.5
00-0037005,2026_03_CAR_CLE,3,CAR,CLE,0,0,0,0,0,0,,0,0,0,0,,4,3,41,0,27,0.0952380952380952,0,0,0,0.0,0,0,0,0,0,0,0,,0,0,0,0,7.1
00-0037007,2026_03_CAR_CLE,3,CAR,CLE,0,0,0,0,0,0,,0,0,0,0,,0,0,0,0,0,0.0,2,1,1,0.0,1,0,0,0,0,0,0,,0,0,0,0,0.0
00-0037034,2026_03_LAC_BUF,3,BUF,LAC,0,0,0,0,0,0,,0,0,0,0,,0,0,0,0,0,0.0,0,5,0,0.0,0,0,1,0,0,0,0,,0,0,0,0,0.0
00-0037073,2026_03_PHI_CHI,3,PHI,CHI,0,0,0,0,0,0,,0,0,0,0,,0,0,0,0,0,0.0,0,3,0,0.0,0,0,0,0,0,0,0,,0,0,0,0,0.0
00-0037074,2026_03_LV_NO,3,LV,NO,0,0,0,0,0,0,,0,0,0,0,,0,0,0,0,0,0.0,2,6,1,0.0,0,0,0,0,0,0,0,,0,0,0,0,0.0
00-0037075,2026_03_ATL_GB,3,GB,ATL,0,0,0,0,0,0,,0,0,0,0,,0,0,0,0,0,0.0,2,2,0,0.0,0,0,0,0,0,0,0,,0,0,0,0,0.0
00-0037079,2026_03_PHI_CHI,3,PHI,CHI,0,0,0,0,0,0,,0,0,0,0,,0,0,0,0,0,0.0,3,2,0,0.0,0,0,0,0,0,0,0,,0,0,2,10,0.0
00-0037082,2026_03_HOU_IND,3,HOU,IND,0,0,0,0,0,0,,0,0,0,0,,0,0,0,0,0,0.0,1,0,0,0.0,0,0,0,0,0,0,0,,0,0,0,0,0.0
00-0037083,2026_03_NYJ_DET,3,NYJ,DET,0,0,0,0,0,0,,0,0,0,0,,0,0,0,0,0,0.0,2,1,0,0.0,0,0,0,0,0,0,0,,0,0,0,0,0.0
00-0037085,2026_03_LA_DEN,3,DEN,LA,0,0,0,0,0,0,,1,2,0,0,0.473328080377542,1,1,12,0,6,0.032258064516129,0,0,0,0.0,0,0,0,0,0,0,0,,0,0,0,0,2.4
00-0037091,2026_03_ATL_GB,3,GB,ATL,0,0,0,0,0,0,,0,0,0,0,,1,0,0,0,0,0.0196078431372549,1,1,0,0.0,0,0,0,0,0,0,0,,0,0,0,0,0.0
00-0037093,2026_03_LV_NO,3,LV,NO,0,0,0,0,0,0,,0,0,0,0,,0,0,0,0,0,0.0,2,0,0,0.0,0,0,0,0,0,0,0,,0,0,0,0,0.0
00-0037094,2026_03_ATL_GB,3,GB,ATL,0,0,0,0,0,0,,0,0,0,0,,0,0,0,0,0,0.0,0,1,0,0.0,0,0,0,0,0,0,0,,0,0,0,0,0.0
00-0037096,2026_03_PHI_CHI,3,CHI,PHI,0,0,0,0,0,0,,0,0,0,0,,0,0,0,0,0,0.0,3,1,0,0.0,0,0,0,0,0,0,0,,0,0,0,0,0.0
00-0037120,2026_03_BAL_DAL,3,DAL,BAL,0,0,0,0,0,0,,6,22,0,0,-1.05955862096744,1,1,-5,0,1,0.025,0,0,0,0.0,0,0,0,0,0,0,0,,0,0,0,0,2.7
00-0037130,2026_03_HOU_IND,3,HOU,IND,0,0,0,0,0,0,,0,0,0,0,,0,0,0,0,0,0.0,5,4,0,0.0,0,1,2,0,0,0,0,,0,0,0,0,0.0
00-0037132,2026_03_PHI_CHI,3,PHI,CHI,0,0,0,0,0,0,,0,0,0,0,,0,0,0,0,0,0.0,0,0,0,0.0,0,0,0,0,0,0,0,,0,0,0,0,0.0
00-0037137,2026_03_SEA_WAS,3,SEA,WAS,0,0,0,0,0,0,,0,0,0,0,,0,0,0,0,0,0.0,4,2,0,0.0,0,0,0,0,0,0,0,,0,0,1,14,0.0
00-0037155,2026_03_TEN_NYG,3,TEN,NYG,0,0,0,0,0,0,,0,0,0,0,,0,0,0,0,0,0.0,1,0,0,0.0,0,0,0,0,0,0,0,,0,0,0,0,0.0
00-0037190,2026_03_HOU_IND,3,IND,HOU,0,0,0,0,0,0,,0,0,0,0,,0,0,0,0,0,0.0,4,1,0,0.0,0,0,2,0,0,0,0,,0,0,1,7,0.0
00-0037191,2026_03_LA_DEN,3,LA,DEN,0,0,0,0,0,0,,0,0,0,0,,0,0,0,0,0,0.0,3,2,0,0.0,0,0,1,0,0,0,0,,0,0,1,5,0.0
00-0037192,2026_03_KC_MIA,3,KC,MIA,0,0,0,0,0,0,,0,0,0,0,,0,0,0,0,0,0.0,1,1,1,0.0,1,1,1,0,0,0,0,,0,0,1,5,0.0
00-0037193,2026_03_CIN_PIT,3,CIN,PIT,0,0,0,0,0,0,,0,0,0,0,,0,0,0,0,0,0.0,2,0,0,0.0,0,0,0,0,0,0,0,,0,0,0,0,0.0
00-0037195,2026_03_LA_DEN,3,LA,DEN,0,0,0,0,0,0,,0,0,0,0,,0,0,0,0,0,0.0,1,1,1,0.0,0,0,2,0,0,0,0,,0,0,0,0,0.0
00-0037196,2026_03_CAR_CLE,3,CAR,CLE,0,0,0,0,0,0,,0,0,0,0,,0,0,0,0,0,0.0,0,0,0,0.0,0,0,0,0,0,0,0,,0,0,1,5,0.0
00-0037208,2026_03_KC_MIA,3,KC,MIA,0,0,0,0,0,0,,0,0,0,0,,0,0,0,0,0,0.0,1,2,0,0.0,0,0,0,0,0,0,0,,0,0,0,0,0.0
00-0037224,2026_03_LAC_BUF,3,LAC,BUF,0,0,0,0,0,0,,0,0,0,0,,0,0,0,0,0,0.0,0,0,0,0.0,0,0,0,0,0,3,4,33.0,1,1,0,0,0.0
00-0037228,2026_03_CIN_PIT,3,PIT,CIN,0,0,0,0,0,0,,17,127,0,0,3.27661277566222,4,3,49,0,57,0.129032258064516,0,0,0,0.0,0,0,0,0,0,0,0,,0,0,0,0,20.6
00-0037235,2026_03_NE_JAX,3,JAX,NE,0,0,0,0,0,0,,0,0,0,0,,0,0,0,0,0,0.0,1,2,0,0.0,0,0,0,0,0,0,0,,0,0,0,0,0.0
00-0037236,2026_03_NYJ_DET,3,DET,NYJ,0,0,0,0,0,0,,0,0,0,0,,0,0,0,0,0,0.0,0,2,0,0.5,1,0,0,0,0,0,0,,0,0,0,0,0.0
00-0037237,2026_03_HOU_IND,3,HOU,IND,0,0,0,0,0,0,,0,0,0,0,,0,0,0,0,0,0.0,1,0,0,0.0,0,0,0,0,0,0,0,,0,0,0,0,0.0
00-0037238,2026_03_ATL_GB,3,ATL,GB,0,0,0,0,0,0,,0,0,0,0,,10,9,194,0,112,0.434782608695652,1,0,0,0.0,0,0,0,0,0,0,0,,0,0,0,0,28.4
00-0037239,2026_03_LV_NO,3,NO,LV,0,0,0,0,0,0,,0,0,0,0,,13,9,107,0,30,0.325,0,0,0,0.0,0,0,0,0,0,0,0,,0,0,0,0,19.7
00-0037240,2026_03_NYJ_DET,3,DET,NYJ,0,0,0,0,0,0,,0,0,0,0,,4,4,49,0,1,0.129032258064516,0,0,0,0.0,0,0,0,0,0,0,0,,0,0,0,0,8.9
00-0037246,2026_03_HOU_IND,3,HOU,IND,0,0,0,0,0,0,,0,0,0,0,,0,0,0,0,0,0.0,0,2,0,0.0,0,0,1,0,0,0,0,,0,0,0,0,0.0
00-0037247,2026_03_BAL_DAL,3,DAL,BAL,0,0,0,0,0,0,,0,0,0,0,,11,7,82,0,23,0.275,0,0,0,0.0,0,0,0,0,0,0,0,,0,0,0,0,15.2
00-0037248,2026_03_LAC_BUF,3,BUF,LAC,0,0,0,0,0,0,,24,154,1,1,0.493368108640425,1,0,0,0,0,0.0384615384615385,0,0,0,0.0,0,0,0,0,0,0,0,,0,0,0,0,19.4
00-0037249,2026_03_LA_DEN,3,DEN,LA,0,0,0,0,0,0,,0,0,0,0,,0,0,0,0,0,0.0,1,1,1,1.0,2,0,0,0,0,0,0,,0,0,0,0,0.0
00-0037252,2026_03_KC_MIA,3,MIA,KC,0,0,0,0,0,0,,0,0,0,0,,7,5,55,0,22,0.2,0,0,0,0.0,0,0,0,0,0,0,0,,0,0,0,0,10.5
00-0037253,2026_03_NE_JAX,3,NE,JAX,0,0,0,0,0,0,,0,0,0,0,,0,0,0,0,0,0.0,3,1,0,0.0,0,1,3,0,0,0,0,,0,0,0,0,0.0
00-0037254,2026_03_LAC_BUF,3,BUF,LAC,0,0,0,0,0,0,,0,0,0,0,,0,0,0,0,0,0.0,3,2,0,0.0,0,0,0,0,0,0,0,,0,0,0,0,0.0
00-0037255,2026_03_NYJ_DET,3,NYJ,DET,0,0,0,0,0,0,,0,0,0,0,,0,0,0,0,0,0.0,0,0,0,0.0,0,0,0,0,0,0,0,,0,0,1,10,0.0
00-0037256,2026_03_SEA_WAS,3,WAS,SEA,0,0,0,0,0,0,,8,35,0,0,-1.56245874191731,1,1,6,1,0,0.0333333333333333,0,0,0,0.0,0,0,0,0,0,0,0,,0,0,0,0,11.1
00-0037259,2026_03_TEN_NYG,3,NYG,TEN,0,0,0,0,0,0,,0,0,0,0,,0,0,0,0,0,0.0,0,0,0,0.0,0,0,0,0,0,0,0,,0,0,0,0,0.0
00-0037261,2026_03_LAC_BUF,3,BUF,LAC,0,0,0,0,0,0,,0,0,0,0,,3,1,6,0,2,0.115384615384615,0,0,0,0.0,0,0,0,0,0,0,0,,0,0,0,0,1.6
00-0037262,2026_03_LV_NO,3,LV,NO,0,0,0,0,0,0,,0,0,0,0,,0,0,0,0,0,0.0,0,0,0,0.0,0,0,0,0,0,0,0,,0,0,1,0,0.0
00-0037263,2026_03_ARI_SF,3,ARI,SF,0,0,0,0,0,0,,2,-1,0,0,-1.11138939118246,4,4,10,0,32,0.08,0,0,0,0.0,0,0,0,0,0,0,0,,0,0,0,0,4.9
00-0037268,2026_03_MIN_TB,3,TB,MIN,0,0,0,0,0,0,,0,0,0,0,,0,0,0,0,0,0.0,1,0,0,0.0,0,0,2,0,0,0,0,,0,0,0,0,0.0
00-0037270,2026_03_BAL_DAL,3,DAL,BAL,0,0,0,0,0,0,,0,0,0,0,,0,0,0,0,0,0.0,5,1,0,0.0,1,0,0,0,0,0,0,,0,0,0,0,0.0
00-0037271,2026_03_PHI_CHI,3,CHI,PHI,0,0,0,0,0,0,,0,0,0,0,,0,0,0,0,0,0.0,1,1,0,0.0,0,0,0,0,0,0,0,,0,0,0,0,0.0
00-0037275,2026_03_BAL_DAL,3,DAL,BAL,0,0,0,0,0,0,,0,0,0,0,,0,0,0,0,0,0.0,1,0,1,0.0,0,0,0,0,0,0,0,,0,0,1,19,0.0
00-0037278,2026_03_LA_DEN,3,DEN,LA,0,0,0,0,0,0,,0,0,0,0,,0,0,0,0,0,0.0,1,0,0,0.0,0,0,0,0,0,0,0,,0,0,1,5,0.0
00-0037284,2026_03_KC_MIA,3,KC,MIA,0,0,0,0,0,0,,0,0,0,0,,0,0,0,0,0,0.0,0,0,0,0.0,0,0,0,0,0,0,0,,0,0,0,0,0.0
00-0037288,2026_03_LAC_BUF,3,BUF,LAC,0,0,0,0,0,0,,0,0,0,0,,0,0,0,0,0,0.0,2,1,0,0.0,0,0,1,0,0,0,0,,0,0,1,3,0.0
00-0037289,2026_03_NYJ_DET,3,DET,NYJ,0,0,0,0,0,0,,0,0,0,0,,0,0,0,0,0,0.0,0,2,0,0.0,0,0,0,0,0,0,0,,0,0,0,0,0.0
00-0037291,2026_03_LV_NO,3,LV,NO,0,0,0,0,0,0,,0,0,0,0,,3,1,16,0,2,0.1,0,0,0,0.0,0,0,0,0,0,0,0,,0,0,0,0,2.6
00-0037301,2026_03_MIN_TB,3,MIN,TB,0,0,0,0,0,0,,0,0,0,0,,0,0,0,0,0,0.0,1,1,0,0.0,0,0,0,0,0,0,0,,0,0,0,0,0.0
00-0037304,2026_03_LV_NO,3,LV,NO,0,0,0,0,0,0,,0,0,0,0,,0,0,0,0,0,0.0,0,0,0,0.0,0,0,0,0,0,0,0,,0,0,0,0,0.0
00-0037310,2026_03_BAL_DAL,3,DAL,BAL,0,0,0,0,0,0,,0,0,0,0,,0,0,0,0,0,0.0,0,1,0,0.0,0,0,0,0,0,0,0,,0,0,0,0,0.0
00-0037311,2026_03_MIN_TB,3,TB,MIN,0,0,0,0,0,0,,0,0,0,0,,0,0,0,0,0,0.0,0,1,0,0.0,0,0,0,0,0,0,0,,0,0,0,0,0.0
00-0037312,2026_03_PHI_CHI,3,PHI,CHI,0,0,0,0,0,0,,0,0,0,0,,0,0,0,0,0,0.0,0,1,0,0.0,0,0,0,0,0,0,0,,0,0,0,0,0.0
00-0037313,2026_03_NE_JAX,3,JAX,NE,0,0,0,0,0,0,,0,0,0,0,,0,0,0,0,0,0.0,1,0,0,0.0,0,0,1,0,0,0,0,,0,0,0,0,0.0
00-0037317,2026_03_ATL_GB,3,ATL,GB,0,0,0,0,0,0,,0,0,0,0,,0,0,0,0,0,0.0,2,2,0,0.0,0,0,0,0,0,0,0,,0,0,0,0,0.0
00-0037323,2026_03_SEA_WAS,3,SEA,WAS,0,0,0,0,0,0,,0,0,0,0,,0,0,0,0,0,0.0,0,2,0,0.0,0,0,1,0,0,0,0,,0,0,0,0,0.0
00-0037336,2026_03_CIN_PIT,3,PIT,CIN,0,0,0,0,0,0,,0,0,0,0,,0,0,0,0,0,0.0,1,0,0,0.0,0,0,0,0,0,0,0,,0,0,0,0,0.0
00-0037428,2026_03_LAC_BUF,3,BUF,LAC,0,0,0,0,0,0,,0,0,0,0,,0,0,0,0,0,0.0,0,0,0,0.0,0,0,0,0,0,0,0,,0,0,2,20,0.0
00-0037457,2026_03_HOU_IND,3,HOU,IND,0,0,0,0,0,0,,0,0,0,0,,0,0,0,0,0,0.0,3,4,0,0.0,0,0,0,0,0,0,0,,0,0,0,0,0.0
00-0037493,2026_03_NE_JAX,3,NE,JAX,0,0,0,0,0,0,,0,0,0,0,,0,0,0,0,0,0.0,0,1,0,0.0,0,0,0,0,0,0,0,,0,0,0,0,0.0
00-0037500,2026_03_LV_NO,3,NO,LV,0,0,0,0,0,0,,0,0,0,0,,0,0,0,0,0,0.0,0,0,0,0.0,0,0,0,0,0,0,0,,0,0,0,0,0.0
00-0037512,2026_03_LV_NO,3,LV,NO,0,0,0,0,0,0,,0,0,0,0,,0,0,0,0,0,0.0,5,1,0,0.0,0,0,0,0,0,0,0,,0,0,0,0,0.0
00-0037527,2026_03_LV_NO,3,LV,NO,0,0,0,0,0,0,,0,0,0,0,,0,0,0,0,0,0.0,0,1,0,0.0,0,0,0,0,0,0,0,,0,0,0,0,0.0
00-0037545,2026_03_SEA_WAS,3,SEA,WAS,0,0,0,0,0,0,,0,0,0,0,,3,2,14,0,8,0.0666666666666667,0,0,0,0.0,0,0,0,0,0,0,0,,0,0,0,0,3.4
00-0037547,2026_03_ATL_GB,3,GB,ATL,0,0,0,0,0,0,,0,0,0,0,,0,0,0,0,0,0.0,0,0,0,0.0,0,0,0,0,0,0,0,,0,0,0,0,0.0
00-0037561,2026_03_BAL_DAL,3,DAL,BAL,0,0,0,0,0,0,,0,0,0,0,,0,0,0,0,0,0.0,5,3,0,0.0,0,0,0,0,0,0,0,,0,0,2,54,0.0
00-0037587,2026_03_LA_DEN,3,LA,DEN,0,0,0,0,0,0,,0,0,0,0,,0,0,0,0,0,0.0,1,2,0,0.0,0,0,0,0,0,0,0,,0,0,0,0,0.0
00-0037594,2026_03_TEN_NYG,3,TEN,NYG,0,0,0,0,0,0,,0,0,0,0,,0,0,0,0,0,0.0,1,0,0,0.0,0,0,0,0,0,0,0,,0,0,0,0,0.0
00-0037596,2026_03_ARI_SF,3,ARI,SF,0,0,0,0,0,0,,0,0,0,0,,0,0,0,0,0,0.0,4,4,1,0.0,1,0,0,0,0,0,0,,0,0,1,5,0.0
00-0037611,2026_03_TEN_NYG,3,NYG,TEN,0,0,0,0,0,0,,0,0,0,0,,0,0,0,0,0,0.0,0,1,0,0.0,0,0,0,0,0,0,0,,0,0,0,0,0.0
00-0037614,2026_03_CAR_CLE,3,CAR,CLE,0,0,0,0,0,0,,0,0,0,0,,5,2,19,1,0,0.119047619047619,0,0,0,0.0,0,0,0,0,0,0,0,,0,0,0,0,9.9
00-0037615,2026_03_LV_NO,3,LV,NO,0,0,0,0,0,0,,0,0,0,0,,0,0,0,0,0,0.0,11,1,1,0.0,0,0,1,1,0,0,0,,0,0,0,0,0.0
00-0037663,2026_03_TEN_NYG,3,TEN,NYG,0,0,0,0,0,0,,0,0,0,0,,0,0,0,0,0,0.0,0,4,0,0.0,0,0,0,0,0,0,0,,0,0,0,0,0.0
00-0037665,2026_03_CAR_CLE,3,CLE,CAR,0,0,0,0,0,0,,0,0,0,0,,0,0,0,0,0,0.0,0,2,0,0.0,0,0,0,0,0,0,0,,0,0,1,8,0.0
00-0037692,2026_03_BAL_DAL,3,DAL,BAL,0,0,0,0,0,0,,0,0,0,0,,0,0,0,0,0,0.0,0,0,0,0.0,0,0,0,0,0,3,4,38.0,2,2,2,0,0.0
00-0037711,2026_03_NE_JAX,3,NE,JAX,0,0,0,0,0,0,,0,0,0,0,,0,0,0,0,0,0.0,0,1,0,0.0,0,0,0,0,0,0,0,,0,0,0,0,0.0
00-0037740,2026_03_NYJ_DET,3,NYJ,DET,0,0,0,0,0,0,,0,0,0,0,,13,10,107,1,18,0.361111111111111,0,0,0,0.0,0,0,0,0,0,0,0,,0,0,0,0,26.7
00-0037741,2026_03_ATL_GB,3,ATL,GB,0,0,0,0,0,0,,0,0,0,0,,3,1,11,0,5,0.130434782608696,0,0,0,0.0,0,0,0,0,0,0,0,,0,0,0,0,2.1
00-0037742,2026_03_SEA_WAS,3,WAS,SEA,0,0,0,0,0,0,,0,0,0,0,,2,2,13,1,4,0.0666666666666667,0,0,0,0.0,0,0,0,0,0,0,0,,0,0,0,0,9.3
00-0037743,2026_03_CIN_PIT,3,CIN,PIT,0,0,0,0,0,0,,0,0,0,0,,0,0,0,0,0,0.0,2,2,0,0.0,0,0,1,0,0,0,0,,0,0,0,0,0.0
00-0037744,2026_03_ARI_SF,3,ARI,SF,0,0,0,0,0,0,,0,0,0,0,,11,9,75,0,18,0.22,0,0,0,0.0,0,0,0,0,0,0,0,,0,0,1,10,16.5
00-0037746,2026_03_ATL_GB,3,ATL,GB,0,0,0,0,0,0,,10,50,1,0,3.34871428151382,0,0,0,0,0,0.0,0,0,0,0.0,0,0,0,0,0,0,0,,0,0,0,0,11.0
00-0037755,2026_03_NYJ_DET,3,NYJ,DET,0,0,0,0,0,0,,0,0,0,0,,1,1,20,0,1,0.0277777777777778,0,0,0,0.0,0,0,0,0,0,0,0,,0,0,0,0,3.0
00-0037756,2026_03_BAL_DAL,3,BAL,DAL,0,0,0,0,0,0,,0,0,0,0,,0,0,0,0,0,0.0,2,1,2,0.0,0,0,0,1,0,0,0,,0,0,0,0,0.0
00-0037758,2026_03_TEN_NYG,3,TEN,NYG,0,0,0,0,0,0,,0,0,0,0,,0,0,0,0,0,0.0,2,3,0,0.0,0,0,0,0,0,0,0,,0,0,0,0,0.0
00-0037799,2026_03_LA_DEN,3,DEN,LA,0,0,0,0,0,0,,0,0,0,0,,0,0,0,0,0,0.0,1,1,0,0.0,2,0,0,0,0,0,0,,0,0,0,0,0.0
00-0037801,2026_03_BAL_DAL,3,DAL,BAL,0,0,0,0,0,0,,1,9,1,0,1.77838166756555,2,1,9,0,6,0.05,0,0,0,0.0,0,0,0,0,0,0,0,,0,0,0,0,8.8
00-0037805,2026_03_NYJ_DET,3,NYJ,DET,0,0,0,0,0,0,,0,0,0,0,,5,5,39,1,24,0.138888888888889,0,0,0,0.0,0,0,0,0,0,0,0,,0,0,0,0,14.9
00-0037815,2026_03_ATL_GB,3,ATL,GB,0,0,0,0,0,0,,0,0,0,0,,0,0,0,0,0,0.0,1,1,1,1.0,4,0,0,0,0,0,0,,0,0,0,0,0.0
00-0037816,2026_03_NE_JAX,3,NE,JAX,0,0,0,0,0,0,,0,0,0,0,,4,3,49,0,12,0.133333333333333,0,0,0,0.0,0,0,0,0,0,0,0,,0,0,1,10,7.9
00-0037819,2026_03_SEA_WAS,3,WAS,SEA,0,0,0,0,0,0,,0,0,0,0,,0,0,0,0,0,0.0,2,1,1,0.0,0,0,0,0,0,0,0,,0,0,0,0,0.0
00-0037823,2026_03_ATL_GB,3,ATL,GB,0,0,0,0,0,0,,0,0,0,0,,0,0,0,0,0,0.0,1,0,0,0.0,0,0,0,0,0,0,0,,0,0,0,0,0.0
00-0037825,2026_03_LV_NO,3,LV,NO,0,0,0,0,0,0,,0,0,0,0,,0,0,0,0,0,0.0,0,0,0,0.0,0,0,0,0,0,0,0,,0,0,1,4,0.0
00-0037834,2026_03_ARI_SF,3,SF,ARI,15,27,297,4,0,0,22.9302931105173,2,34,0,0,0.874333725252654,0,0,0,0,0,0.0,0,0,0,0.0,0,0,0,0,0,0,0,,0,0,0,0,31.28
00-0037835,2026_03_MIN_TB,3,TB,MIN,0,0,0,0,0,0,,0,0,0,0,,0,0,0,0,0,0.0,0,0,0,0.0,0,0,0,0,0,0,0,,0,0,1,7,0.0
00-0037838,2026_03_TEN_NYG,3,NYG,TEN,0,0,0,0,0,0,,0,0,0,0,,5,2,13,0,5,0.238095238095238,0,0,0,0.0,0,0,0,0,0,0,0,,0,0,0,0,3.3
00-0037840,2026_03_LA_DEN,3,LA,DEN,0,0,0,0,0,0,,15,88,0,0,1.61789961036993,7,6,70,0,30,0.142857142857143,0,0,0,0.0,0,0,0,0,0,0,0,,0,0,0,0,21.8
00-0037841,2026_03_LA_DEN,3,LA,DEN,0,0,0,0,0,0,,0,0,0,0,,0,0,0,0,0,0.0,3,3,0,0.0,0,0,1,0,0,0,0,,0,0,2,9,0.0
00-0038038,2026_03_BAL_DAL,3,BAL,DAL,0,0,0,0,0,0,,0,0,0,0,,0,0,0,0,0,0.0,3,4,1,0.0,0,0,2,0,0,0,0,,0,0,0,0,0.0
00-0038039,2026_03_ARI_SF,3,SF,ARI,0,0,0,0,0,0,,0,0,0,0,,0,0,0,0,0,0.0,3,2,0,0.0,0,0,0,0,0,0,0,,0,0,0,0,0.0
00-0038041,2026_03_BAL_DAL,3,DAL,BAL,0,0,0,0,0,0,,0,0,0,0,,5,3,23,1,10,0.125,0,0,0,0.0,0,0,0,0,0,0,0,,0,0,0,0,9.3
00-0038090,2026_03_ATL_GB,3,GB,ATL,0,0,0,0,0,0,,0,0,0,0,,7,3,31,0,24,0.137254901960784,0,0,0,0.0,0,0,0,0,0,0,0,,0,0,0,0,6.1
00-0038094,2026_03_TEN_NYG,3,NYG,TEN,0,0,0,0,0,0,,0,0,0,0,,0,0,0,0,0,0.0,0,0,0,0.0,0,0,0,0,0,0,0,,0,0,0,0,0.0
00-0038100,2026_03_SEA_WAS,3,WAS,SEA,0,0,0,0,0,0,,0,0,0,0,,0,0,0,0,0,0.0,3,1,0,0.0,0,0,0,0,0,0,0,,0,0,0,0,0.0
00-0038101,2026_03_CAR_CLE,3,CAR,CLE,0,0,0,0,0,0,,0,0,0,0,,0,0,0,0,0,0.0,1,3,0,0.0,0,0,1,0,0,0,0,,0,0,0,0,0.0
00-0038103,2026_03_LAC_BUF,3,LAC,BUF,0,0,0,0,0,0,,0,0,0,0,,0,0,0,0,0,0.0,0,0,0,0.0,0,0,0,0,0,0,0,,0,0,2,10,0.0
00-0038104,2026_03_KC_MIA,3,KC,MIA,0,0,0,0,0,0,,0,0,0,0,,2,2,22,0,2,0.0869565217391304,0,0,0,0.0,0,0,0,0,0,0,0,,0,0,0,0,4.2
00-0038106,2026_03_LA_DEN,3,DEN,LA,0,0,0,0,0,0,,0,0,0,0,,0,0,0,0,0,0.0,1,0,1,1.0,1,0,0,0,0,0,0,,0,0,0,0,0.0
00-0038115,2026_03_TEN_NYG,3,TEN,NYG,0,0,0,0,0,0,,0,0,0,0,,2,2,16,0,17,0.0571428571428571,0,0,0,0.0,0,0,0,0,0,0,0,,0,0,1,10,3.6
00-0038116,2026_03_PHI_CHI,3,PHI,CHI,0,0,0,0,0,0,,0,0,0,0,,0,0,0,0,0,0.0,0,2,0,0.0,0,0,0,0,0,0,0,,0,0,0,0,0.0
00-0038117,2026_03_TEN_NYG,3,TEN,NYG,0,0,0,0,0,0,,0,0,0,0,,11,7,57,1,35,0.314285714285714,0,0,0,0.0,0,0,0,0,0,0,0,,0,0,0,0,18.7
00-0038120,2026_03_NYJ_DET,3,NYJ,DET,0,0,0,0,0,0,,13,32,0,0,-4.14852076978423,3,3,23,0,25,0.0833333333333333,0,0,0,0.0,0,0,0,0,0,0,0,,0,0,0,0,8.5
00-0038121,2026_03_TEN_NYG,3,TEN,NYG,0,0,0,0,0,0,,0,0,0,0,,0,0,0,0,0,0.0,4,0,1,1.0,1,0,0,0,0,0,0,,0,0,0,0,0.0
00-0038123,2026_03_NYJ_DET,3,NYJ,DET,0,0,0,0,0,0,,0,0,0,0,,0,0,0,0,0,0.0,4,3,0,0.0,0,0,1,0,0,0,0,,0,0,0,0,0.0
00-0038124,2026_03_ATL_GB,3,GB,ATL,0,0,0,0,0,0,,0,0,0,0,,10,7,96,1,26,0.196078431372549,0,0,0,0.0,0,0,0,0,0,0,0,,0,0,1,10,22.6
00-0038125,2026_03_NYJ_DET,3,DET,NYJ,0,0,0,0,0,0,,0,0,0,0,,0,0,0,0,0,0.0,4,3,0,0.0,0,0,0,0,0,0,0,,0,0,0,0,0.0
00-0038127,2026_03_HOU_IND,3,HOU,IND,0,0,0,0,0,0,,0,0,0,0,,0,0,0,0,0,0.0,1,2,0,0.0,0,0,0,0,0,0,0,,0,0,0,0,0.0
00-0038128,2026_03_KC_MIA,3,MIA,KC,20,36,210,0,1,0,-4.04699744208483,9,56,0,1,-1.00314236244838,0,0,0,0,0,0.0,0,0,0,0.0,0,0,0,0,0,0,0,,0,0,0,0,10.0
00-0038129,2026_03_MIN_TB,3,TB,MIN,0,0,0,0,0,0,,0,0,0,0,,6,3,56,0,42,0.171428571428571,0,0,0,0.0,0,0,0,0,0,0,0,,0,0,0,0,8.6
00-0038133,2026_03_CIN_PIT,3,CIN,PIT,0,0,0,0,0,0,,0,0,0,0,,0,0,0,0,0,0.0,0,1,0,0.0,0,0,0,0,0,0,0,,0,0,0,0,0.0
00-0038134,2026_03_KC_MIA,3,KC,MIA,0,0,0,0,0,0,,18,70,1,0,-4.94048628013115,2,2,3,1,10,0.0869565217391304,0,0,0,0.0,0,0,0,0,0,0,0,,0,0,0,0,21.3
00-0038135,2026_03_CIN_PIT,3,PIT,CIN,0,0,0,0,0,0,,0,0,0,0,,0,0,0,0,0,0.0,3,5,0,0.0,0,0,0,0,0,0,0,,0,0,0,0,0.0
00-0038359,2026_03_LA_DEN,3,LA,DEN,0,0,0,0,0,0,,0,0,0,0,,0,0,0,0,0,0.0,0,0,0,0.0,0,0,0,0,0,0,0,,0,0,0,0,0.0
00-0038366,2026_03_LA_DEN,3,LA,DEN,0,0,0,0,0,0,,0,0,0,0,,0,0,0,0,0,0.0,0,1,0,0.0,0,0,0,0,0,0,0,,0,0,0,0,0.0
00-0038386,2026_03_PHI_CHI,3,PHI,CHI,0,0,0,0,0,0,,0,0,0,0,,0,0,0,0,0,0.0,1,1,1,0.0,0,0,0,0,0,0,0,,0,0,0,0,0.0
00-0038387,2026_03_LV_NO,3,NO,LV,0,0,0,0,0,0,,0,0,0,0,,0,0,0,0,0,0.0,1,1,0,0.0,1,0,0,0,0,0,0,,0,0,0,0,0.0
00-0038393,2026_03_PHI_CHI,3,PHI,CHI,0,0,0,0,0,0,,0,0,0,0,,5,2,32,0,7,0.2,0,0,0,0.0,0,0,0,0,0,0,0,,0,0,0,0,5.2
00-0038398,2026_03_ATL_GB,3,GB,ATL,0,0,0,0,0,0,,0,0,0,0,,0,0,0,0,0,0.0,1,1,0,0.0,0,0,0,0,0,0,0,,0,0,0,0,0.0
00-0038399,2026_03_TEN_NYG,3,NYG,TEN,0,0,0,0,0,0,,0,0,0,0,,0,0,0,0,0,0.0,0,1,0,0.0,0,0,0,1,0,0,0,,0,0,0,0,0.0
00-0038409,2026_03_CIN_PIT,3,PIT,CIN,0,0,0,0,0,0,,1,0,0,0,-0.511382138734916,0,0,0,0,0,0.0,0,0,0,0.0,0,0,0,0,0,0,0,,0,0,0,0,0.0
00-0038412,2026_03_PHI_CHI,3,PHI,CHI,0,0,0,0,0,0,,0,0,0,0,,0,0,0,0,0,0.0,0,3,0,0.0,1,0,0,0,0,0,0,,0,0,1,5,0.0
00-0038414,2026_03_LAC_BUF,3,LAC,BUF,0,0,0,0,0,0,,0,0,0,0,,0,0,0,0,0,0.0,1,0,0,0.0,0,0,0,0,0,0,0,,0,0,0,0,0.0
00-0038428,2026_03_CAR_CLE,3,CLE,CAR,0,0,0,0,0,0,,0,0,0,0,,0,0,0,0,0,0.0,0,0,0,0.0,0,0,0,0,0,2,2,48.0,1,1,0,0,0.0
00-0038454,2026_03_LAC_BUF,3,LAC,BUF,0,0,0,0,0,0,,8,52,0,0,-0.0044389521047567,3,3,-5,1,6,0.0909090909090909,0,0,0,0.0,0,0,0,0,0,0,0,,0,0,0,0,13.7
00-0038463,2026_03_ATL_GB,3,GB,ATL,0,0,0,0,0,0,,0,0,0,0,,0,0,0,0,0,0.0,0,3,1,0.0,0,0,0,0,0,0,0,,0,0,1,15,0.0
00-0038476,2026_03_NE_JAX,3,NE,JAX,3,5,30,0,0,0,-0.536269539035857,1,2,0,0,-0.409445349825546,0,0,0,0,0,0.0,0,0,0,0.0,0,0,0,0,0,0,0,,0,0,0,0,1.4
00-0038488,2026_03_SEA_WAS,3,SEA,WAS,0,0,0,0,0,0,,0,0,0,0,,1,1,20,0,7,0.0222222222222222,3,0,0,0.0,0,0,0,0,0,0,0,,0,0,0,0,3.0
00-0038489,2026_03_KC_MIA,3,KC,MIA,0,0,0,0,0,0,,0,0,0,0,,0,0,0,0,0,0.0,0,3,0,0.0,0,0,0,0,0,0,0,,0,0,0,0,0.0
00-0038498,2026_03_PHI_CHI,3,PHI,CHI,0,0,0,0,0,0,,0,0,0,0,,0,0,0,0,0,0.0,0,0,0,0.0,0,0,0,0,0,0,0,,0,0,1,5,0.0
00-0038504,2026_03_BAL_DAL,3,BAL,DAL,0,0,0,0,0,0,,0,0,0,0,,0,0,0,0,0,0.0,5,2,2,0.0,0,0,0,0,0,0,0,,0,0,1,13,0.0
00-0038505,2026_03_BAL_DAL,3,BAL,DAL,0,0,0,0,0,0,,0,0,0,0,,0,0,0,0,0,0.0,1,1,0,0.0,1,0,1,0,0,0,0,,0,0,0,0,0.0
00-0038514,2026_03_TEN_NYG,3,TEN,NYG,0,0,0,0,0,0,,0,0,0,0,,0,0,0,0,0,0.0,1,0,0,0.0,0,0,0,0,0,0,0,,0,0,0,0,0.0
00-0038519,2026_03_KC_MIA,3,KC,MIA,0,0,0,0,0,0,,0,0,0,0,,0,0,0,0,0,0.0,0,0,0,0.0,0,0,0,0,0,0,0,,0,0,0,0,0.0
00-0038540,2026_03_ARI_SF,3,ARI,SF,0,0,0,0,0,0,,0,0,0,0,,0,0,0,0,0,0.0,0,0,0,0.0,0,0,0,0,0,0,0,,0,0,1,10,0.0
00-0038542,2026_03_ATL_GB,3,ATL,GB,0,0,0,0,0,0,,29,194,2,0,8.70096714532701,2,2,19,0,29,0.0869565217391304,0,0,0,0.0,0,0,0,0,0,0,0,,0,0,0,0,35.3
00-0038543,2026_03_SEA_WAS,3,SEA,WAS,1,1,14,0,0,0,0.925090614531655,0,0,0,0,,14,10,128,2,7,0.311111111111111,0,0,0,0.0,0,0,0,0,0,0,0,,0,0,2,9,35.36
00-0038544,2026_03_LAC_BUF,3,LAC,BUF,0,0,0,0,0,0,,0,0,0,0,,6,3,40,0,25,0.181818181818182,0,0,0,0.0,0,0,0,0,0,0,0,,0,0,0,0,7.0
00-0038546,2026_03_CIN_PIT,3,CIN,PIT,0,0,0,0,0,0,,0,0,0,0,,0,0,0,0,0,0.0,0,0,0,0.0,1,0,0,0,0,0,0,,0,0,0,0,0.0
00-0038547,2026_03_BAL_DAL,3,DAL,BAL,0,0,0,0,0,0,,0,0,0,0,,1,1,9,0,3,0.025,0,0,0,0.0,0,0,0,0,0,0,0,,0,0,1,5,1.9
00-0038549,2026_03_CIN_PIT,3,CIN,PIT,0,0,0,0,0,0,,0,0,0,0,,0,0,0,0,0,0.0,0,0,0,0.0,0,0,1,0,0,0,0,,0,0,0,0,0.0
00-0038551,2026_03_LV_NO,3,NO,LV,0,0,0,0,0,0,,4,14,0,0,-0.180375358904712,3,2,5,0,4,0.075,0,0,0,0.0,0,0,0,0,0,0,0,,0,0,0,0,3.9
00-0038552,2026_03_LA_DEN,3,DEN,LA,0,0,0,0,0,0,,0,0,0,0,,0,0,0,0,0,0.0,3,3,0,0.0,0,0,1,0,0,0,0,,0,0,1,13,0.0
00-0038553,2026_03_LAC_BUF,3,LAC,BUF,0,0,0,0,0,0,,0,0,0,0,,0,0,0,0,0,0.0,5,4,0,0.0,0,0,0,1,0,0,0,,0,0,0,0,0.0
00-0038554,2026_03_ARI_SF,3,SF,ARI,0,0,0,0,0,0,,0,0,0,0,,0,0,0,0,0,0.0,2,4,0,0.0,0,0,1,0,0,0,0,,0,0,0,0,0.0
00-0038555,2026_03_PHI_CHI,3,PHI,CHI,0,0,0,0,0,0,,0,0,0,0,,1,1,5,0,5,0.04,0,0,0,0.0,0,0,0,0,0,0,0,,0,0,0,0,-0.5
00-0038557,2026_03_LAC_BUF,3,BUF,LAC,0,0,0,0,0,0,,0,0,0,0,,0,0,0,0,0,0.0,4,5,0,0.0,0,0,0,0,0,0,0,,0,0,0,0,0.0
00-0038558,2026_03_CIN_PIT,3,PIT,CIN,0,0,0,0,0,0,,0,0,0,0,,4,3,67,0,56,0.129032258064516,0,0,0,0.0,0,0,0,0,0,0,0,,0,0,0,0,9.7
00-0038559,2026_03_ARI_SF,3,ARI,SF,0,0,0,0,0,0,,0,0,0,0,,17,11,89,1,28,0.34,0,0,0,0.0,0,0,0,0,0,0,0,,0,0,0,0,25.9
00-0038560,2026_03_CIN_PIT,3,CIN,PIT,0,0,0,0,0,0,,0,0,0,0,,0,0,0,0,0,0.0,3,1,0,0.0,0,1,1,0,0,0,0,,0,0,0,0,0.0
00-0038563,2026_03_LV_NO,3,LV,NO,0,0,0,0,0,0,,0,0,0,0,,4,4,43,0,8,0.133333333333333,0,0,0,0.0,0,0,0,0,0,0,0,,0,0,1,10,8.3
00-0038564,2026_03_NE_JAX,3,NE,JAX,0,0,0,0,0,0,,0,0,0,0,,0,0,0,0,0,0.0,0,0,0,0.0,0,0,0,0,0,0,0,,0,0,2,15,0.0
00-0038565,2026_03_CAR_CLE,3,CLE,CAR,0,0,0,0,0,0,,0,0,0,0,,0,0,0,0,0,0.0,6,2,0,0.0,0,0,1,0,0,0,0,,0,0,1,4,0.0
00-0038567,2026_03_ARI_SF,3,ARI,SF,0,0,0,0,0,0,,0,0,0,0,,0,0,0,0,0,0.0,0,0,0,0.0,0,0,0,0,0,3,3,49.0,3,3,0,0,0.0
00-0038570,2026_03_NE_JAX,3,JAX,NE,0,0,0,0,0,0,,0,0,0,0,,0,0,0,0,0,0.0,4,3,0,0.0,0,0,1,0,0,0,0,,0,0,0,0,0.0
00-0038573,2026_03_LAC_BUF,3,LAC,BUF,0,0,0,0,0,0,,0,0,0,0,,0,0,0,0,0,0.0,0,0,0,0.0,0,0,0,0,0,0,0,,0,0,0,0,0.0
00-0038574,2026_03_CAR_CLE,3,CLE,CAR,0,0,0,0,0,0,,0,0,0,0,,0,0,0,0,0,0.0,1,1,2,1.0,1,0,0,0,0,0,0,,0,0,0,0,0.0
00-0038577,2026_03_CIN_PIT,3,PIT,CIN,0,0,0,0,0,0,,0,0,0,0,,0,0,0,0,0,0.0,1,0,0,0.0,0,0,0,0,0,0,0,,0,0,0,0,0.0
00-0038588,2026_03_LV_NO,3,NO,LV,0,0,0,0,0,0,,0,0,0,0,,0,0,0,0,0,0.0,0,0,0,0.0,0,0,0,0,0,0,0,,0,0,0,0,0.0
00-0038596,2026_03_NE_JAX,3,JAX,NE,0,0,0,0,0,0,,0,0,0,0,,0,0,0,0,0,0.0,1,4,0,0.0,0,0,0,0,0,0,0,,0,0,1,15,0.0
00-0038597,2026_03_CIN_PIT,3,CIN,PIT,0,0,0,0,0,0,,13,61,0,0,0.855313690495677,2,2,8,0,9,0.0540540540540541,0,0,0,0.0,0,0,0,0,0,0,0,,0,0,0,0,8.9
00-0038605,2026_03_LA_DEN,3,DEN,LA,0,0,0,0,0,0,,0,0,0,0,,0,0,0,0,0,0.0,1,0,0,0.0,0,0,0,0,0,0,0,,0,0,0,0,0.0
00-0038606,2026_03_NE_JAX,3,JAX,NE,0,0,0,0,0,0,,0,0,0,0,,5,3,40,1,4,0.185185185185185,0,0,0,0.0,0,0,0,0,0,0,0,,0,0,0,0,13.0
00-0038608,2026_03_HOU_IND,3,HOU,IND,0,0,0,0,0,0,,0,0,0,0,,2,2,21,0,6,0.08,0,0,0,0.0,0,0,0,0,0,0,0,,0,0,0,0,4.1
00-0038611,2026_03_NE_JAX,3,JAX,NE,0,0,0,0,0,0,,8,37,1,0,2.08605821855599,0,0,0,0,0,0.0,0,0,0,0.0,0,0,0,0,0,0,0,,0,0,0,0,9.7
00-0038618,2026_03_HOU_IND,3,HOU,IND,0,0,0,0,0,0,,2,4,0,0,-0.506214332359377,6,3,51,0,3,0.24,0,0,0,0.0,0,0,0,0,0,0,0,,0,0,0,0,8.5
00-0038620,2026_03_TEN_NYG,3,TEN,NYG,0,0,0,0,0,0,,0,0,0,0,,0,0,0,0,0,0.0,0,0,0,0.0,0,0,0,0,0,0,0,,0,0,1,9,0.0
00-0038621,2026_03_NE_JAX,3,NE,JAX,0,0,0,0,0,0,,0,0,0,0,,5,1,38,0,6,0.166666666666667,0,0,0,0.0,0,0,0,0,0,0,0,,0,0,0,0,4.8
00-0038623,2026_03_ARI_SF,3,ARI,SF,0,0,0,0,0,0,,0,0,0,0,,0,0,0,0,0,0.0,0,1,0,0.0,0,0,0,0,0,0,0,,0,0,0,0,0.0
00-0038625,2026_03_BAL_DAL,3,DAL,BAL,0,0,0,0,0,0,,0,0,0,0,,0,0,0,0,0,0.0,4,3,0,0.0,0,0,0,0,0,0,0,,0,0,0,0,0.0
00-0038629,2026_03_BAL_DAL,3,BAL,DAL,0,0,0,0,0,0,,0,0,0,0,,0,0,0,0,0,0.0,0,0,0,0.0,0,0,0,0,0,0,0,,0,0,2,10,0.0
00-0038640,2026_03_ARI_SF,3,ARI,SF,0,0,0,0,0,0,,0,0,0,0,,1,0,0,0,0,0.02,0,0,0,0.0,0,0,0,0,0,0,0,,0,0,0,0,0.0
00-0038642,2026_03_CIN_PIT,3,CIN,PIT,0,0,0,0,0,0,,0,0,0,0,,0,0,0,0,0,0.0,1,0,0,0.0,0,0,0,0,0,0,0,,0,0,0,0,0.0
00-0038643,2026_03_ARI_SF,3,SF,ARI,0,0,0,0,0,0,,0,0,0,0,,0,0,0,0,0,0.0,0,2,0,0.0,0,0,0,0,0,0,0,,0,0,0,0,0.0
00-0038660,2026_03_NYJ_DET,3,DET,NYJ,0,0,0,0,0,0,,0,0,0,0,,0,0,0,0,0,0.0,6,0,0,0.0,0,0,0,0,0,0,0,,0,0,1,10,0.0
00-0038685,2026_03_ATL_GB,3,GB,ATL,0,0,0,0,0,0,,0,0,0,0,,1,1,4,0,5,0.0196078431372549,1,0,0,0.0,0,0,0,0,0,0,0,,0,0,0,0,1.4
00-0038715,2026_03_CAR_CLE,3,CLE,CAR,0,0,0,0,0,0,,0,0,0,0,,0,0,0,0,0,0.0,3,5,0,0.0,0,1,1,0,0,0,0,,0,0,0,0,0.0
00-0038728,2026_03_HOU_IND,3,HOU,IND,0,0,0,0,0,0,,0,0,0,0,,4,1,20,0,0,0.16,0,0,0,0.0,0,0,0,0,0,0,0,,0,0,0,0,3.0
00-0038740,2026_03_LV_NO,3,NO,LV,0,0,0,0,0,0,,0,0,0,0,,0,0,0,0,0,0.0,0,0,0,0.0,0,0,0,0,0,0,0,,0,0,0,0,0.0
00-0038778,2026_03_MIN_TB,3,MIN,TB,0,0,0,0,0,0,,0,0,0,0,,0,0,0,0,0,0.0,1,0,0,0.0,0,0,1,0,0,0,0,,0,0,0,0,0.0
00-0038782,2026_03_ARI_SF,3,ARI,SF,0,0,0,0,0,0,,0,0,0,0,,0,0,0,0,0,0.0,0,3,0,0.0,0,0,0,0,0,0,0,,0,0,0,0,0.0
00-0038783,2026_03_LA_DEN,3,DEN,LA,0,0,0,0,0,0,,0,0,0,0,,2,1,8,1,4,0.0645161290322581,0,0,0,0.0,0,0,0,0,0,0,0,,0,0,0,0,7.8
00-0038791,2026_03_CAR_CLE,3,CAR,CLE,0,0,0,0,0,0,,0,0,0,0,,0,0,0,0,0,0.0,1,0,0,0.0,0,0,0,0,0,0,0,,0,0,1,5,0.0
00-0038797,2026_03_SEA_WAS,3,SEA,WAS,0,0,0,0,0,0,,9,14,0,0,-3.31723151443293,0,0,0,0,0,0.0,0,0,0,0.0,0,0,0,0,0,0,0,,0,0,0,0,1.4
00-0038807,2026_03_MIN_TB,3,MIN,TB,0,0,0,0,0,0,,0,0,0,0,,0,0,0,0,0,0.0,0,3,0,0.5,2,0,0,0,0,0,0,,0,0,0,0,0.0
00-0038820,2026_03_NYJ_DET,3,DET,NYJ,0,0,0,0,0,0,,0,0,0,0,,0,0,0,0,0,0.0,8,2,3,0.0,0,0,1,0,0,0,0,,0,0,0,0,0.0
00-0038824,2026_03_KC_MIA,3,MIA,KC,0,0,0,0,0,0,,0,0,0,0,,3,2,15,0,1,0.0857142857142857,0,1,0,0.0,0,0,0,0,0,0,0,,0,0,1,9,3.5
00-0038840,2026_03_CAR_CLE,3,CAR,CLE,0,0,0,0,0,0,,0,0,0,0,,6,4,83,0,15,0.142857142857143,0,0,0,0.0,0,0,0,0,0,0,0,,0,0,0,0,12.3
00-0038866,2026_03_SEA_WAS,3,SEA,WAS,0,0,0,0,0,0,,0,0,0,0,,0,0,0,0,0,0.0,2,1,0,0.0,0,0,0,0,0,0,0,,0,0,1,15,0.0
00-0038896,2026_03_NYJ_DET,3,DET,NYJ,0,0,0,0,0,0,,0,0,0,0,,0,0,0,0,0,0.0,0,0,0,0.0,0,0,0,0,0,0,0,,0,0,0,0,0.0
00-0038922,2026_03_SEA_WAS,3,SEA,WAS,0,0,0,0,0,0,,0,0,0,0,,0,0,0,0,0,0.0,5,4,1,0.0,0,0,0,0,0,0,0,,0,0,0,0,0.0
00-0038933,2026_03_LAC_BUF,3,BUF,LAC,0,0,0,0,0,0,,0,0,0,0,,3,2,38,0,18,0.115384615384615,0,0,0,0.0,0,0,0,0,0,0,0,,0,0,0,0,3.8
00-0038935,2026_03_NE_JAX,3,JAX,NE,0,0,0,0,0,0,,0,0,0,0,,5,3,32,0,27,0.185185185185185,0,0,0,0.0,0,0,0,0,0,0,0,,0,0,0,0,6.2
00-0038978,2026_03_PHI_CHI,3,PHI,CHI,0,0,0,0,0,0,,0,0,0,0,,0,0,0,0,0,0.0,1,2,0,0.0,0,0,0,0,0,0,0,,0,0,0,0,0.0
00-0038980,2026_03_ATL_GB,3,ATL,GB,0,0,0,0,0,0,,0,0,0,0,,0,0,0,0,0,0.0,0,0,1,0.0,0,0,0,0,0,0,0,,0,0,0,0,0.0
00-0038994,2026_03_MIN_TB,3,MIN,TB,0,0,0,0,0,0,,0,0,0,0,,9,5,90,1,9,0.36,0,0,0,0.0,0,0,0,0,0,0,0,,0,0,0,0,20.0
00-0038996,2026_03_ATL_GB,3,GB,ATL,0,0,0,0,0,0,,0,0,0,0,,8,4,26,0,18,0.156862745098039,0,0,0,0.0,0,0,0,0,0,0,0,,0,0,0,0,6.6
00-0038997,2026_03_HOU_IND,3,IND,HOU,0,0,0,0,0,0,,0,0,0,0,,11,5,77,0,25,0.314285714285714,0,0,0,0.0,0,0,0,0,0,0,0,,0,0,0,0,12.7
00-0039001,2026_03_PHI_CHI,3,PHI,CHI,0,0,0,0,0,0,,0,0,0,0,,0,0,0,0,0,0.0,0,0,0,0.0,0,0,0,0,0,0,0,,0,0,1,10,0.0
00-0039002,2026_03_ATL_GB,3,ATL,GB,0,0,0,0,0,0,,0,0,0,0,,0,0,0,0,0,0.0,1,0,0,0.0,0,0,0,0,0,0,0,,0,0,0,0,0.0
00-0039006,2026_03_KC_MIA,3,KC,MIA,0,0,0,0,0,0,,0,0,0,0,,0,0,0,0,0,0.0,0,1,0,0.0,0,0,0,0,0,0,0,,0,0,0,0,0.0
00-0039007,2026_03_ARI_SF,3,ARI,SF,0,0,0,0,0,0,,0,0,0,0,,0,0,0,0,0,0.0,0,1,0,0.0,0,0,0,0,0,0,0,,0,0,0,0,0.0
00-0039013,2026_03_PHI_CHI,3,PHI,CHI,0,0,0,0,0,0,,0,0,0,0,,0,0,0,0,0,0.0,0,1,0,0.0,0,0,1,0,0,0,0,,0,0,0,0,0.0
00-0039018,2026_03_NYJ_DET,3,DET,NYJ,0,0,0,0,0,0,,0,0,0,0,,0,0,0,0,0,0.0,4,2,0,0.0,0,0,0,0,0,0,0,,0,0,0,0,0.0
00-0039019,2026_03_TEN_NYG,3,NYG,TEN,0,0,0,0,0,0,,0,0,0,0,,0,0,0,0,0,0.0,0,0,0,0.0,0,0,0,0,0,0,0,,0,0,1,10,0.0
00-0039031,2026_03_HOU_IND,3,IND,HOU,0,0,0,0,0,0,,0,0,0,0,,0,0,0,0,0,0.0,1,2,1,1.5,3,0,0,0,0,0,0,,0,0,1,5,0.0
00-0039032,2026_03_TEN_NYG,3,TEN,NYG,0,0,0,0,0,0,,3,5,0,0,-1.09219776821556,0,0,0,0,0,0.0,0,0,0,0.0,0,0,0,0,0,0,0,,0,0,0,0,0.5
00-0039040,2026_03_KC_MIA,3,MIA,KC,0,0,0,0,0,0,,3,17,0,0,0.765418052906171,1,0,0,0,0,0.0285714285714286,0,0,0,0.0,0,0,0,0,0,0,0,,0,0,0,0,1.7
00-0039041,2026_03_ARI_SF,3,ARI,SF,0,0,0,0,0,0,,0,0,0,0,,3,3,20,0,12,0.06,1,1,0,0.0,0,0,0,0,0,0,0,,0,0,1,10,5.0
00-0039047,2026_03_SEA_WAS,3,SEA,WAS,0,0,0,0,0,0,,0,0,0,0,,0,0,0,0,0,0.0,2,2,1,1.0,2,0,0,0,0,0,0,,0,0,0,0,0.0
00-0039049,2026_03_MIN_TB,3,TB,MIN,0,0,0,0,0,0,,0,0,0,0,,0,0,0,0,0,0.0,1,3,0,0.0,0,0,0,0,0,0,0,,0,0,0,0,0.0
00-0039050,2026_03_MIN_TB,3,TB,MIN,0,0,0,0,0,0,,0,0,0,0,,1,0,0,0,0,0.0285714285714286,0,0,0,0.0,0,0,0,0,0,0,0,,0,0,1,10,0.0
00-0039053,2026_03_NE_JAX,3,NE,JAX,0,0,0,0,0,0,,0,0,0,0,,0,0,0,0,0,0.0,1,0,0,0.0,0,0,0,0,0,0,0,,0,0,0,0,0.0
00-0039058,2026_03_LA_DEN,3,LA,DEN,0,0,0,0,0,0,,0,0,0,0,,0,0,0,0,0,0.0,0,0,0,0.0,0,0,0,0,0,0,0,,0,0,1,10,0.0
00-0039059,2026_03_LA_DEN,3,LA,DEN,0,0,0,0,0,0,,0,0,0,0,,0,0,0,0,0,0.0,1,0,0,0.0,0,0,0,0,0,0,0,,0,0,0,0,0.0
00-0039061,2026_03_LA_DEN,3,LA,DEN,0,0,0,0,0,0,,0,0,0,0,,0,0,0,0,0,0.0,0,2,0,0.0,0,0,0,0,0,0,0,,0,0,0,0,0.0
00-0039063,2026_03_MIN_TB,3,TB,MIN,0,0,0,0,0,0,,0,0,0,0,,0,0,0,0,0,0.0,2,0,0,0.0,0,0,0,0,0,0,0,,0,0,0,0,0.0
00-0039064,2026_03_BAL_DAL,3,BAL,DAL,0,0,0,0,0,0,,1,20,0,0,1.64934066441492,6,5,84,0,34,0.3,0,0,0,0.0,0,0,0,0,0,0,0,,0,0,0,0,15.4
00-0039065,2026_03_NYJ_DET,3,DET,NYJ,0,0,0,0,0,0,,0,0,0,0,,4,3,44,0,14,0.129032258064516,0,0,0,0.0,0,0,0,0,0,0,0,,0,0,0,0,7.4
00-0039066,2026_03_LV_NO,3,LV,NO,0,0,0,0,0,0,,0,0,0,0,,3,3,32,1,20,0.1,0,0,0,0.0,0,0,0,0,0,0,0,,0,0,0,0,12.2
00-0039067,2026_03_KC_MIA,3,KC,MIA,0,0,0,0,0,0,,0,0,0,0,,9,7,88,0,55,0.391304347826087,0,0,0,0.0,0,0,0,0,0,0,0,,0,0,1,6,15.8
00-0039068,2026_03_MIN_TB,3,TB,MIN,0,0,0,0,0,0,,0,0,0,0,,0,0,0,0,0,0.0,2,0,0,0.0,0,0,0,0,0,0,0,,0,0,0,0,0.0
00-0039070,2026_03_ATL_GB,3,ATL,GB,0,0,0,0,0,0,,0,0,0,0,,0,0,0,0,0,0.0,1,1,0,0.0,2,0,0,0,0,0,0,,0,0,0,0,0.0
00-0039074,2026_03_LA_DEN,3,LA,DEN,0,0,0,0,0,0,,0,0,0,0,,3,2,19,0,15,0.0612244897959184,0,0,0,0.0,0,0,0,0,0,0,0,,0,0,0,0,3.9
00-0039077,2026_03_LA_DEN,3,LA,DEN,0,0,0,0,0,0,,0,0,0,0,,0,0,0,0,0,0.0,0,0,0,0.0,0,0,0,0,0,0,0,,0,0,1,10,0.0
00-0039108,2026_03_HOU_IND,3,HOU,IND,0,0,0,0,0,0,,0,0,0,0,,0,0,0,0,0,0.0,5,2,3,2.5,3,0,0,1,0,0,0,,0,0,0,0,0.0
00-0039110,2026_03_CIN_PIT,3,PIT,CIN,0,0,0,0,0,0,,0,0,0,0,,0,0,0,0,0,0.0,0,0,0,0.0,1,0,0,0,0,0,0,,0,0,0,0,0.0
00-0039111,2026_03_LAC_BUF,3,LAC,BUF,0,0,0,0,0,0,,0,0,0,0,,0,0,0,0,0,0.0,5,1,1,1.5,2,0,0,0,0,0,0,,0,0,0,0,0.0
00-0039112,2026_03_ATL_GB,3,GB,ATL,0,0,0,0,0,0,,0,0,0,0,,0,0,0,0,0,0.0,1,3,0,0.0,1,0,0,0,0,0,0,,0,0,0,0,0.0
00-0039137,2026_03_LA_DEN,3,LA,DEN,0,0,0,0,0,0,,0,0,0,0,,0,0,0,0,0,0.0,0,4,0,0.0,0,0,0,0,0,0,0,,0,0,0,0,0.0
00-0039138,2026_03_LA_DEN,3,LA,DEN,0,0,0,0,0,0,,0,0,0,0,,0,0,0,0,0,0.0,3,2,0,0.0,0,0,1,0,0,0,0,,0,0,1,0,0.0
00-0039139,2026_03_NYJ_DET,3,DET,NYJ,0,0,0,0,0,0,,20,99,2,0,-0.0267233224003576,8,7,65,1,57,0.258064516129032,0,0,0,0.0,0,0,0,0,0,0,0,,0,0,0,0,41.4
00-0039140,2026_03_PHI_CHI,3,PHI,CHI,0,0,0,0,0,0,,0,0,0,0,,0,0,0,0,0,0.0,0,1,0,0.0,0,0,0,0,0,0,0,,0,0,1,10,0.0
00-0039142,2026_03_NYJ_DET,3,NYJ,DET,0,0,0,0,0,0,,0,0,0,0,,0,0,0,0,0,0.0,1,0,0,0.0,0,0,0,0,0,0,0,,0,0,0,0,0.0
00-0039147,2026_03_NE_JAX,3,NE,JAX,0,0,0,0,0,0,,0,0,0,0,,0,0,0,0,0,0.0,2,0,0,0.0,0,0,1,0,0,0,0,,0,0,0,0,0.0
00-0039148,2026_03_ARI_SF,3,SF,ARI,0,0,0,0,0,0,,0,0,0,0,,0,0,0,0,0,0.0,1,2,1,1.0,1,0,0,0,0,0,0,,0,0,0,0,0.0
00-0039149,2026_03_SEA_WAS,3,WAS,SEA,0,0,0,0,0,0,,0,0,0,0,,0,0,0,0,0,0.0,4,1,0,0.0,0,0,0,0,0,0,0,,0,0,1,2,0.0
00-0039150,2026_03_CAR_CLE,3,CAR,CLE,26,48,291,1,1,3,-5.91398153563015,0,0,0,0,,0,0,0,0,0,0.0,0,0,0,0.0,0,0,0,0,0,0,0,,0,0,1,10,13.64
00-0039151,2026_03_LA_DEN,3,LA,DEN,0,0,0,0,0,0,,0,0,0,0,,0,0,0,0,0,0.0,0,2,0,0.0,0,0,0,0,0,0,0,,0,0,2,28,0.0
00-0039156,2026_03_KC_MIA,3,MIA,KC,0,0,0,0,0,0,,0,0,0,0,,0,0,0,0,0,0.0,2,1,0,0.0,0,0,0,0,0,0,0,,0,0,0,0,0.0
00-0039157,2026_03_MIN_TB,3,TB,MIN,0,0,0,0,0,0,,0,0,0,0,,0,0,0,0,0,0.0,0,0,0,0.0,0,0,0,0,0,0,0,,0,0,1,10,0.0
00-0039163,2026_03_HOU_IND,3,HOU,IND,16,27,167,1,0,3,-3.09171249371042,2,10,0,0,2.19686711480608,0,0,0,0,0,0.0,0,0,0,0.0,0,0,0,0,0,0,0,,0,0,0,0,11.68
00-0039169,2026_03_SEA_WAS,3,SEA,WAS,0,0,0,0,0,0,,0,0,0,0,,0,0,0,0,0,0.0,5,1,0,0.0,0,0,0,0,0,0,0,,0,0,0,0,0.0
00-0039172,2026_03_NYJ_DET,3,DET,NYJ,0,0,0,0,0,0,,0,0,0,0,,0,0,0,0,0,0.0,0,0,0,0.0,0,0,0,0,0,1,1,30.0,4,4,0,0,0.0
00-0039178,2026_03_HOU_IND,3,IND,HOU,0,0,0,0,0,0,,0,0,0,0,,0,0,0,0,0,0.0,2,1,0,0.0,0,0,0,0,0,0,0,,0,0,0,0,0.0
00-0039232,2026_03_BAL_DAL,3,BAL,DAL,0,0,0,0,0,0,,0,0,0,0,,0,0,0,0,0,0.0,3,1,0,0.0,0,0,1,0,0,0,0,,0,0,1,20,0.0
00-0039239,2026_03_ARI_SF,3,ARI,SF,0,0,0,0,0,0,,0,0,0,0,,0,0,0,0,0,0.0,0,1,0,0.0,0,0,0,0,0,0,0,,0,0,0,0,0.0
00-0039299,2026_03_SEA_WAS,3,SEA,WAS,0,0,0,0,0,0,,3,10,0,0,-0.254452104738448,5,5,48,0,58,0.111111111111111,1,0,0,0.0,0,0,0,0,0,0,0,,0,0,0,0,10.8
00-0039309,2026_03_SEA_WAS,3,SEA,WAS,0,0,0,0,0,0,,0,0,0,0,,0,0,0,0,0,0.0,2,5,0,0.0,1,0,0,0,0,0,0,,0,0,0,0,0.0
00-0039313,2026_03_CIN_PIT,3,CIN,PIT,0,0,0,0,0,0,,0,0,0,0,,0,0,0,0,0,0.0,0,1,0,0.0,0,0,0,0,0,0,0,,0,0,0,0,0.0
00-0039323,2026_03_CIN_PIT,3,CIN,PIT,0,0,0,0,0,0,,0,0,0,0,,0,0,0,0,0,0.0,0,0,0,0.0,0,0,0,0,0,0,0,,0,0,0,0,0.0
00-0039324,2026_03_KC_MIA,3,KC,MIA,0,0,0,0,0,0,,0,0,0,0,,0,0,0,0,0,0.0,1,0,0,0.0,0,0,0,0,0,0,0,,0,0,0,0,0.0
00-0039337,2026_03_TEN_NYG,3,NYG,TEN,0,0,0,0,0,0,,0,0,0,0,,6,5,26,0,21,0.285714285714286,0,0,0,0.0,0,0,0,0,0,0,0,,0,0,0,0,7.6
00-0039338,2026_03_LV_NO,3,LV,NO,0,0,0,0,0,0,,0,0,0,0,,13,10,116,1,28,0.433333333333333,0,0,0,0.0,0,0,0,0,0,0,0,,0,0,0,0,27.6
00-0039340,2026_03_HOU_IND,3,IND,HOU,0,0,0,0,0,0,,0,0,0,0,,0,0,0,0,0,0.0,2,0,0,0.0,1,0,0,0,0,0,0,,0,0,0,0,0.0
00-0039343,2026_03_HOU_IND,3,HOU,IND,0,0,0,0,0,0,,0,0,0,0,,0,0,0,0,0,0.0,5,3,1,0.0,0,0,0,0,0,0,0,,0,0,0,0,0.0
00-0039345,2026_03_ARI_SF,3,SF,ARI,0,0,0,0,0,0,,0,0,0,0,,0,0,0,0,0,0.0,7,6,0,0.0,0,0,1,0,0,0,0,,0,0,0,0,0.0
00-0039347,2026_03_NYJ_DET,3,NYJ,DET,0,0,0,0,0,0,,0,0,0,0,,0,0,0,0,0,0.0,0,1,0,0.0,0,0,0,0,0,0,0,,0,0,0,0,0.0
00-0039353,2026_03_NE_JAX,3,JAX,NE,0,0,0,0,0,0,,0,0,0,0,,0,0,0,0,0,0.0,3,1,0,0.0,0,1,1,0,0,0,0,,0,0,1,5,0.0
00-0039355,2026_03_SEA_WAS,3,WAS,SEA,0,0,0,0,0,0,,0,0,0,0,,0,0,0,0,0,0.0,0,0,0,0.0,0,0,0,0,0,0,0,,0,0,0,0,0.0
00-0039360,2026_03_ARI_SF,3,SF,ARI,0,0,0,0,0,0,,0,0,0,0,,0,0,0,0,0,0.0,1,3,0,0.0,0,0,0,0,0,0,0,,0,0,0,0,0.0
00-0039361,2026_03_MIN_TB,3,TB,MIN,0,0,0,0,0,0,,15,46,0,0,-2.72967537184013,4,2,12,0,2,0.114285714285714,0,0,0,0.0,0,0,0,0,0,0,0,,0,0,1,14,7.8
00-0039364,2026_03_NYJ_DET,3,DET,NYJ,0,0,0,0,0,0,,6,26,0,0,0.709219882031903,1,1,11,0,6,0.032258064516129,0,0,0,0.0,0,0,0,0,0,0,0,,0,0,0,0,4.7
00-0039365,2026_03_ARI_SF,3,SF,ARI,0,0,0,0,0,0,,0,0,0,0,,2,0,0,0,0,0.0769230769230769,0,0,0,0.0,0,0,0,0,0,0,0,,0,0,0,0,0.0
00-0039366,2026_03_LAC_BUF,3,LAC,BUF,0,0,0,0,0,0,,0,0,0,0,,0,0,0,0,0,0.0,2,1,0,0.0,0,0,0,1,0,0,0,,0,0,0,0,0.0
00-0039369,2026_03_LAC_BUF,3,LAC,BUF,0,0,0,0,0,0,,0,0,0,0,,0,0,0,0,0,0.0,2,2,0,0.0,0,0,0,0,0,0,0,,0,0,0,0,0.0
00-0039371,2026_03_LA_DEN,3,DEN,LA,0,0,0,0,0,0,,0,0,0,0,,0,0,0,0,0,0.0,1,0,0,0.0,0,0,0,0,0,0,0,,0,0,0,0,0.0
00-0039372,2026_03_NYJ_DET,3,NYJ,DET,0,0,0,0,0,0,,0,0,0,0,,0,0,0,0,0,0.0,1,0,0,0.0,0,0,0,0,0,0,0,,0,0,0,0,0.0
00-0039374,2026_03_LV_NO,3,LV,NO,0,0,0,0,0,0,,0,0,0,0,,0,0,0,0,0,0.0,0,1,0,0.0,0,0,0,0,0,0,0,,0,0,0,0,0.0
00-0039377,2026_03_HOU_IND,3,IND,HOU,0,0,0,0,0,0,,0,0,0,0,,0,0,0,0,0,0.0,0,2,0,0.0,0,0,0,0,0,0,0,,0,0,0,0,0.0
00-0039380,2026_03_CAR_CLE,3,CAR,CLE,0,0,0,0,0,0,,0,0,0,0,,0,0,0,0,0,0.0,0,1,0,0.0,0,0,0,0,0,0,0,,0,0,0,0,0.0
00-0039384,2026_03_TEN_NYG,3,NYG,TEN,0,0,0,0,0,0,,1,3,0,0,0.826640825951472,0,0,0,0,0,0.0,1,0,0,0.0,0,0,0,0,0,0,0,,0,0,0,0,0.3
00-0039387,2026_03_BAL_DAL,3,DAL,BAL,0,0,0,0,0,0,,0,0,0,0,,0,0,0,0,0,0.0,0,1,0,0.0,0,0,0,0,0,0,0,,0,0,0,0,0.0
00-0039391,2026_03_LAC_BUF,3,LAC,BUF,0,0,0,0,0,0,,1,6,0,0,0.591159732663073,3,1,14,0,17,0.0909090909090909,0,0,0,0.0,0,0,0,0,0,0,0,,0,0,0,0,3.0
00-0039395,2026_03_HOU_IND,3,HOU,IND,0,0,0,0,0,0,,0,0,0,0,,0,0,0,0,0,0.0,1,0,0,0.0,0,0,0,0,0,0,0,,0,0,0,0,0.0
00-0039401,2026_03_LV_NO,3,NO,LV,0,0,0,0,0,0,,0,0,0,0,,0,0,0,0,0,0.0,2,1,2,1.0,1,0,0,0,0,0,0,,0,0,0,0,0.0
00-0039404,2026_03_MIN_TB,3,MIN,TB,0,0,0,0,0,0,,0,0,0,0,,0,0,0,0,0,0.0,0,0,0,0.0,0,0,0,0,0,3,3,56.0,2,2,0,0,0.0
00-0039407,2026_03_LV_NO,3,LV,NO,0,0,0,0,0,0,,0,0,0,0,,0,0,0,0,0,0.0,0,1,0,0.0,0,0,0,0,0,0,0,,0,0,0,0,0.0
00-0039409,2026_03_NE_JAX,3,JAX,NE,0,0,0,0,0,0,,0,0,0,0,,0,0,0,0,0,0.0,0,0,0,0.0,0,0,0,0,0,0,1,,5,5,0,0,0.0
00-0039410,2026_03_BAL_DAL,3,DAL,BAL,0,0,0,0,0,0,,0,0,0,0,,8,2,22,0,8,0.2,0,0,0,0.0,0,0,0,0,0,0,0,,0,0,0,0,4.2
00-0039417,2026_03_CAR_CLE,3,CLE,CAR,0,0,0,0,0,0,,0,0,0,0,,0,0,0,0,0,0.0,2,1,0,0.0,0,0,1,0,0,0,0,,0,0,0,0,0.0
00-0039421,2026_03_MIN_TB,3,MIN,TB,0,0,0,0,0,0,,0,0,0,0,,0,0,0,0,0,0.0,0,1,0,0.0,0,0,0,0,0,0,0,,0,0,0,0,0.0
00-0039424,2026_03_LV_NO,3,NO,LV,0,0,0,0,0,0,,0,0,0,0,,6,3,39,0,12,0.15,0,0,0,0.0,0,0,0,0,0,0,0,,0,0,0,0,6.9
00-0039430,2026_03_TEN_NYG,3,TEN,NYG,0,0,0,0,0,0,,0,0,0,0,,0,0,0,0,0,0.0,0,0,0,0.0,0,0,0,0,0,0,0,,0,0,1,15,0.0
00-0039431,2026_03_NYJ_DET,3,NYJ,DET,0,0,0,0,0,0,,0,0,0,0,,0,0,0,0,0,0.0,0,5,0,0.0,1,0,0,0,0,0,0,,0,0,0,0,0.0
00-0039451,2026_03_NYJ_DET,3,NYJ,DET,0,0,0,0,0,0,,0,0,0,0,,2,1,21,0,0,0.0555555555555556,0,0,0,0.0,0,0,0,0,0,0,0,,0,0,0,0,3.1
00-0039465,2026_03_BAL_DAL,3,DAL,BAL,0,0,0,0,0,0,,0,0,0,0,,0,0,0,0,0,0.0,1,1,0,0.0,0,0,0,0,0,0,0,,0,0,0,0,0.0
00-0039469,2026_03_LAC_BUF,3,BUF,LAC,0,0,0,0,0,0,,0,0,0,0,,0,0,0,0,0,0.0,1,0,0,0.0,0,0,0,0,0,0,0,,0,0,0,0,0.0
00-0039489,2026_03_LAC_BUF,3,LAC,BUF,0,0,0,0,0,0,,0,0,0,0,,0,0,0,0,0,0.0,0,0,0,0.0,0,0,0,0,0,0,0,,0,0,2,15,0.0
00-0039491,2026_03_CAR_CLE,3,CAR,CLE,0,0,0,0,0,0,,0,0,0,0,,4,2,18,0,8,0.0952380952380952,0,0,0,0.0,0,0,0,0,0,0,0,,0,0,0,0,3.8
00-0039498,2026_03_LA_DEN,3,LA,DEN,0,0,0,0,0,0,,0,0,0,0,,0,0,0,0,0,0.0,0,0,0,0.0,0,0,0,0,0,4,4,48.0,2,2,0,0,0.0
00-0039530,2026_03_BAL_DAL,3,DAL,BAL,0,0,0,0,0,0,,0,0,0,0,,1,1,19,0,17,0.025,0,2,0,0.0,0,0,0,0,0,0,0,,0,0,0,0,2.9
00-0039576,2026_03_HOU_IND,3,IND,HOU,0,0,0,0,0,0,,0,0,0,0,,0,0,0,0,0,0.0,0,0,0,0.0,0,0,0,0,0,4,4,58.0,1,1,0,0,0.0
00-0039589,2026_03_MIN_TB,3,TB,MIN,0,0,0,0,0,0,,0,0,0,0,,0,0,0,0,0,0.0,1,0,0,0.0,0,0,0,0,0,0,0,,0,0,0,0,0.0
00-0039622,2026_03_LV_NO,3,NO,LV,0,0,0,0,0,0,,0,0,0,0,,0,0,0,0,0,0.0,1,1,0,0.0,0,0,0,0,0,0,0,,0,0,0,0,0.0
00-0039632,2026_03_CIN_PIT,3,CIN,PIT,0,0,0,0,0,0,,0,0,0,0,,0,0,0,0,0,0.0,1,0,0,0.0,0,0,0,0,0,0,0,,0,0,0,0,0.0
00-0039634,2026_03_NYJ_DET,3,NYJ,DET,0,0,0,0,0,0,,0,0,0,0,,0,0,0,0,0,0.0,0,0,0,0.0,0,0,0,0,0,0,0,,0,0,0,0,0.0
00-0039637,2026_03_CAR_CLE,3,CAR,CLE,0,0,0,0,0,0,,0,0,0,0,,0,0,0,0,0,0.0,2,1,0,0.0,0,0,0,1,0,0,0,,0,0,0,0,0.0
00-0039681,2026_03_SEA_WAS,3,WAS,SEA,0,0,0,0,0,0,,0,0,0,0,,0,0,0,0,0,0.0,0,1,0,0.0,0,0,0,0,0,0,0,,0,0,0,0,0.0
00-0039686,2026_03_SEA_WAS,3,WAS,SEA,0,0,0,0,0,0,,0,0,0,0,,2,1,2,0,4,0.0666666666666667,0,0,0,0.0,0,0,0,0,0,0,0,,0,0,0,0,1.2
00-0039718,2026_03_MIN_TB,3,MIN,TB,0,0,0,0,0,0,,0,0,0,0,,0,0,0,0,0,0.0,0,1,0,0.0,0,0,0,0,0,0,0,,0,0,0,0,0.0
00-0039725,2026_03_LV_NO,3,NO,LV,0,0,0,0,0,0,,0,0,0,0,,0,0,0,0,0,0.0,1,0,0,0.0,0,0,0,0,0,0,0,,0,0,0,0,0.0
00-0039732,2026_03_LA_DEN,3,DEN,LA,17,34,186,2,1,1,-1.07277712648522,4,7,1,0,1.96814008385991,0,0,0,0,0,0.0,0,0,0,0.0,0,0,0,0,0,0,0,,0,0,0,0,24.14
00-0039733,2026_03_NE_JAX,3,JAX,NE,0,0,0,0,0,0,,0,0,0,0,,0,0,0,0,0,0.0,2,4,0,1.0,1,0,0,0,0,0,0,,0,0,0,0,0.0
00-0039734,2026_03_LA_DEN,3,LA,DEN,0,0,0,0,0,0,,0,0,0,0,,0,0,0,0,0,0.0,2,0,0,0.0,1,0,0,0,0,0,0,,0,0,0,0,0.0
00-0039738,2026_03_LA_DEN,3,LA,DEN,0,0,0,0,0,0,,6,15,0,0,-2.08139961818233,4,2,0,0,-1,0.0816326530612245,0,0,0,0.0,0,0,0,0,0,0,0,,0,0,0,0,3.5
00-0039739,2026_03_CIN_PIT,3,PIT,CIN,0,0,0,0,0,0,,0,0,0,0,,6,3,60,1,11,0.193548387096774,0,0,0,0.0,0,0,0,0,0,0,0,,0,0,0,0,15.0
00-0039740,2026_03_PHI_CHI,3,PHI,CHI,0,0,0,0,0,0,,0,0,0,0,,0,0,0,0,0,0.0,2,1,0,0.0,1,0,0,0,0,0,0,,0,0,0,0,0.0
00-0039741,2026_03_CIN_PIT,3,PIT,CIN,0,0,0,0,0,0,,0,0,0,0,,0,0,0,0,0,0.0,0,6,0,0.0,0,0,1,0,0,0,0,,0,0,0,0,0.0
00-0039745,2026_03_PHI_CHI,3,CHI,PHI,0,0,0,0,0,0,,0,0,0,0,,0,0,0,0,0,0.0,0,0,0,0.0,0,0,0,0,0,0,0,,0,0,0,0,0.0
00-0039746,2026_03_PHI_CHI,3,PHI,CHI,0,0,0,0,0,0,,0,0,0,0,,2,1,11,0,8,0.08,0,0,0,0.0,0,0,0,0,0,0,0,,0,0,0,0,2.1
00-0039749,2026_03_LA_DEN,3,LA,DEN,0,0,0,0,0,0,,0,0,0,0,,0,0,0,0,0,0.0,0,1,0,0.0,0,0,0,0,0,0,0,,0,0,0,0,0.0
00-0039752,2026_03_CIN_PIT,3,CIN,PIT,0,0,0,0,0,0,,0,0,0,0,,0,0,0,0,0,0.0,1,1,0,0.0,0,0,0,0,0,0,0,,0,0,1,15,0.0
00-0039763,2026_03_LAC_BUF,3,BUF,LAC,0,0,0,0,0,0,,0,0,0,0,,0,0,0,0,0,0.0,0,2,0,0.0,0,0,0,0,0,0,0,,0,0,0,0,0.0
00-0039770,2026_03_NE_JAX,3,NE,JAX,0,0,0,0,0,0,,0,0,0,0,,0,0,0,0,0,0.0,4,1,0,0.0,0,0,0,0,0,0,0,,0,0,0,0,0.0
00-0039772,2026_03_LA_DEN,3,LA,DEN,0,0,0,0,0,0,,0,0,0,0,,0,0,0,0,0,0.0,2,1,0,0.0,0,1,2,0,0,0,0,,0,0,1,4,0.0
00-0039774,2026_03_LA_DEN,3,LA,DEN,0,0,0,0,0,0,,0,0,0,0,,0,0,0,0,0,0.0,3,3,1,1.0,1,0,0,1,0,0,0,,0,0,0,0,0.0
00-0039776,2026_03_LA_DEN,3,LA,DEN,0,0,0,0,0,0,,0,0,0,0,,0,0,0,0,0,0.0,0,2,0,0.0,0,0,0,0,0,0,0,,0,0,0,0,0.0
00-0039789,2026_03_NYJ_DET,3,NYJ,DET,0,0,0,0,0,0,,0,0,0,0,,0,0,0,0,0,0.0,1,0,0,0.0,0,0,0,0,0,0,0,,0,0,0,0,0.0
00-0039792,2026_03_BAL_DAL,3,BAL,DAL,0,0,0,0,0,0,,0,0,0,0,,1,0,0,0,0,0.05,0,0,0,0.0,0,0,0,0,0,0,0,,0,0,0,0,0.0
00-0039793,2026_03_SEA_WAS,3,SEA,WAS,0,0,0,0,0,0,,0,0,0,0,,9,5,69,0,69,0.2,0,0,0,0.0,0,0,0,0,0,0,0,,0,0,1,5,11.9
00-0039794,2026_03_NYJ_DET,3,NYJ,DET,0,0,0,0,0,0,,4,14,0,0,-0.616358713072259,3,3,3,0,8,0.0833333333333333,1,0,0,0.0,0,0,0,0,0,0,0,,0,0,0,0,4.7
00-0039795,2026_03_SEA_WAS,3,SEA,WAS,0,0,0,0,0,0,,0,0,0,0,,0,0,0,0,0,0.0,1,1,0,0.0,0,0,0,0,0,0,0,,0,0,0,0,0.0
00-0039796,2026_03_BAL_DAL,3,BAL,DAL,0,0,0,0,0,0,,0,0,0,0,,0,0,0,0,0,0.0,0,0,0,0.0,0,0,0,0,0,0,0,,0,0,0,0,0.0
00-0039798,2026_03_NYJ_DET,3,NYJ,DET,0,0,0,0,0,0,,0,0,0,0,,0,0,0,0,0,0.0,0,1,0,0.0,0,0,0,0,0,0,0,,0,0,0,0,0.0
00-0039807,2026_03_ARI_SF,3,ARI,SF,0,0,0,0,0,0,,0,0,0,0,,0,0,0,0,0,0.0,3,1,0,0.0,0,0,1,0,0,0,0,,0,0,0,0,0.0
00-0039808,2026_03_ARI_SF,3,ARI,SF,0,0,0,0,0,0,,0,0,0,0,,0,0,0,0,0,0.0,0,0,0,0.0,0,0,0,0,0,0,0,,0,0,1,5,0.0
00-0039809,2026_03_LA_DEN,3,DEN,LA,0,0,0,0,0,0,,0,0,0,0,,0,0,0,0,0,0.0,2,1,0,0.0,0,0,0,0,0,0,0,,0,0,0,0,0.0
00-0039811,2026_03_ATL_GB,3,GB,ATL,0,0,0,0,0,0,,4,11,0,0,-0.602733107109089,3,2,7,0,17,0.0588235294117647,0,0,0,0.0,0,0,0,0,0,0,0,,0,0,0,0,3.8
00-0039812,2026_03_ATL_GB,3,GB,ATL,0,0,0,0,0,0,,0,0,0,0,,0,0,0,0,0,0.0,1,1,0,0.0,0,0,0,0,0,0,0,,0,0,0,0,0.0
00-0039813,2026_03_ATL_GB,3,GB,ATL,0,0,0,0,0,0,,0,0,0,0,,0,0,0,0,0,0.0,4,6,0,0.0,0,0,0,0,0,0,0,,0,0,0,0,0.0
00-0039816,2026_03_HOU_IND,3,IND,HOU,0,0,0,0,0,0,,0,0,0,0,,0,0,0,0,0,0.0,0,0,0,0.0,0,0,0,0,0,0,0,,0,0,0,0,0.0
00-0039821,2026_03_TEN_NYG,3,NYG,TEN,0,0,0,0,0,0,,0,0,0,0,,0,0,0,0,0,0.0,8,3,0,0.0,0,0,0,0,0,0,0,,0,0,0,0,0.0
00-0039825,2026_03_KC_MIA,3,KC,MIA,0,0,0,0,0,0,,0,0,0,0,,0,0,0,0,0,0.0,1,6,0,0.0,0,0,1,0,0,0,0,,0,0,0,0,0.0
00-0039835,2026_03_LAC_BUF,3,LAC,BUF,0,0,0,0,0,0,,0,0,0,0,,0,0,0,0,0,0.0,3,0,0,0.0,1,0,0,1,0,0,0,,0,0,0,0,0.0
00-0039837,2026_03_ATL_GB,3,ATL,GB,0,0,0,0,0,0,,0,0,0,0,,0,0,0,0,0,0.0,0,0,0,0.0,0,0,1,0,0,0,0,,0,0,0,0,0.0
00-0039838,2026_03_HOU_IND,3,HOU,IND,0,0,0,0,0,0,,0,0,0,0,,0,0,0,0,0,0.0,5,2,1,0.0,0,0,0,0,0,0,0,,0,0,0,0,0.0
00-0039840,2026_03_PHI_CHI,3,CHI,PHI,0,0,0,0,0,0,,0,0,0,0,,0,0,0,0,0,0.0,3,1,0,0.0,1,0,0,1,0,0,0,,0,0,0,0,0.0
00-0039841,2026_03_PHI_CHI,3,PHI,CHI,0,0,0,0,0,0,,0,0,0,0,,0,0,0,0,0,0.0,2,3,0,0.0,0,0,2,0,0,0,0,,0,0,0,0,0.0
00-0039846,2026_03_MIN_TB,3,TB,MIN,0,0,0,0,0,0,,0,0,0,0,,0,0,0,0,0,0.0,3,2,0,0.0,0,0,0,0,0,0,0,,0,0,0,0,0.0
00-0039849,2026_03_ARI_SF,3,ARI,SF,0,0,0,0,0,0,,0,0,0,0,,5,3,40,0,3,0.1,0,0,0,0.0,0,0,0,0,0,0,0,,0,0,0,0,7.0
00-0039850,2026_03_ATL_GB,3,GB,ATL,0,0,0,0,0,0,,0,0,0,0,,0,0,0,0,0,0.0,2,4,1,0.0,0,0,0,0,0,0,0,,0,0,0,0,0.0
00-0039851,2026_03_NE_JAX,3,NE,JAX,14,25,199,0,2,3,-14.1689450502327,4,18,0,0,-0.366563747404143,0,0,0,0,0,0.0,1,0,0,0.0,0,0,0,0,0,0,0,,0,0,0,0,3.76
00-0039852,2026_03_CAR_CLE,3,CLE,CAR,0,0,0,0,0,0,,0,0,0,0,,0,0,0,0,0,0.0,2,1,0,0.0,1,0,0,0,0,0,0,,0,0,0,0,0.0
00-0039854,2026_03_ARI_SF,3,ARI,SF,0,0,0,0,0,0,,0,0,0,0,,0,0,0,0,0,0.0,0,1,0,0.0,0,0,0,0,0,0,0,,0,0,1,15,0.0
00-0039855,2026_03_MIN_TB,3,TB,MIN,0,0,0,0,0,0,,0,0,0,0,,1,0,0,0,0,0.0285714285714286,0,0,0,0.0,0,0,0,0,0,0,0,,0,0,0,0,0.0
00-0039858,2026_03_TEN_NYG,3,TEN,NYG,0,0,0,0,0,0,,0,0,0,0,,0,0,0,0,0,0.0,3,4,0,0.0,0,0,0,0,0,0,0,,0,0,0,0,0.0
00-0039859,2026_03_ATL_GB,3,ATL,GB,0,0,0,0,0,0,,0,0,0,0,,0,0,0,0,0,0.0,0,0,0,0.0,4,0,0,0,0,0,0,,0,0,0,0,0.0
00-0039860,2026_03_LV_NO,3,NO,LV,0,0,0,0,0,0,,0,0,0,0,,0,0,0,0,0,0.0,3,2,0,0.0,0,0,2,0,0,0,0,,0,0,0,0,0.0
00-0039862,2026_03_NYJ_DET,3,DET,NYJ,0,0,0,0,0,0,,0,0,0,0,,0,0,0,0,0,0.0,0,1,0,0.0,0,0,1,0,0,0,0,,0,0,0,0,0.0
00-0039867,2026_03_ATL_GB,3,GB,ATL,0,0,0,0,0,0,,0,0,0,0,,0,0,0,0,0,0.0,2,4,1,0.0,0,0,0,0,0,0,0,,0,0,0,0,0.0
00-0039868,2026_03_LA_DEN,3,DEN,LA,0,0,0,0,0,0,,0,0,0,0,,1,1,21,0,13,0.032258064516129,0,0,0,0.0,0,0,0,0,0,0,0,,0,0,0,0,3.1
00-0039871,2026_03_CIN_PIT,3,PIT,CIN,0,0,0,0,0,0,,0,0,0,0,,0,0,0,0,0,0.0,0,0,0,0.0,0,0,0,0,0,0,0,,0,0,1,5,0.0
00-0039872,2026_03_LAC_BUF,3,BUF,LAC,0,0,0,0,0,0,,0,0,0,0,,0,0,0,0,0,0.0,4,1,0,0.0,0,0,0,0,0,0,0,,0,0,0,0,0.0
00-0039873,2026_03_LAC_BUF,3,BUF,LAC,0,0,0,0,0,0,,0,0,0,0,,0,0,0,0,0,0.0,1,2,0,0.0,0,0,0,0,0,0,0,,0,0,0,0,0.0
00-0039880,2026_03_KC_MIA,3,MIA,KC,0,0,0,0,0,0,,2,5,0,0,-0.892879154358525,10,5,56,0,46,0.285714285714286,0,0,0,0.0,0,0,0,0,0,0,0,,0,0,0,0,11.1
00-0039886,2026_03_NYJ_DET,3,NYJ,DET,0,0,0,0,0,0,,0,0,0,0,,0,0,0,0,0,0.0,0,2,0,0.0,0,0,0,0,0,0,0,,0,0,0,0,0.0
00-0039888,2026_03_PHI_CHI,3,PHI,CHI,0,0,0,0,0,0,,0,0,0,0,,0,0,0,0,0,0.0,6,1,2,0.0,0,0,2,0,0,0,0,,0,0,0,0,0.0
00-0039889,2026_03_ATL_GB,3,ATL,GB,0,0,0,0,0,0,,0,0,0,0,,0,0,0,0,0,0.0,0,0,0,0.0,1,0,0,0,0,0,0,,0,0,0,0,0.0
00-0039893,2026_03_NE_JAX,3,JAX,NE,0,0,0,0,0,0,,0,0,0,0,,1,1,8,0,4,0.037037037037037,0,0,0,0.0,0,0,0,0,0,0,0,,0,0,0,0,1.8
00-0039894,2026_03_KC_MIA,3,KC,MIA,0,0,0,0,0,0,,0,0,0,0,,2,2,20,0,7,0.0869565217391304,1,0,0,0.0,0,0,0,0,0,0,0,,0,0,0,0,4.0
00-0039895,2026_03_CAR_CLE,3,CLE,CAR,0,0,0,0,0,0,,0,0,0,0,,0,0,0,0,0,0.0,2,1,0,0.0,0,0,0,0,0,0,0,,0,0,1,15,0.0
00-0039897,2026_03_LAC_BUF,3,LAC,BUF,0,0,0,0,0,0,,0,0,0,0,,0,0,0,0,0,0.0,1,0,0,0.0,0,0,0,0,0,0,0,,0,0,1,10,0.0
00-0039898,2026_03_SEA_WAS,3,WAS,SEA,0,0,0,0,0,0,,0,0,0,0,,0,0,0,0,0,0.0,2,0,0,0.0,0,0,0,0,0,0,0,,0,0,1,5,0.0
00-0039901,2026_03_LAC_BUF,3,BUF,LAC,0,0,0,0,0,0,,0,0,0,0,,2,1,37,0,4,0.0769230769230769,0,0,0,0.0,0,0,0,0,0,0,0,,0,0,0,0,4.7
00-0039905,2026_03_MIN_TB,3,TB,MIN,0,0,0,0,0,0,,0,0,0,0,,0,0,0,0,0,0.0,0,0,0,0.0,0,0,0,0,0,0,0,,0,0,1,10,0.0
00-0039908,2026_03_CIN_PIT,3,CIN,PIT,0,0,0,0,0,0,,0,0,0,0,,0,0,0,0,0,0.0,0,1,0,0.0,0,0,0,0,0,0,0,,0,0,0,0,0.0
00-0039911,2026_03_KC_MIA,3,MIA,KC,0,0,0,0,0,0,,0,0,0,0,,0,0,0,0,0,0.0,0,2,0,0.0,1,0,0,0,0,0,0,,0,0,1,15,0.0
00-0039912,2026_03_SEA_WAS,3,WAS,SEA,0,0,0,0,0,0,,0,0,0,0,,1,0,0,0,0,0.0333333333333333,1,0,0,0.0,0,0,0,0,0,0,0,,0,0,0,0,0.0
00-0039915,2026_03_LAC_BUF,3,LAC,BUF,0,0,0,0,0,0,,0,0,0,0,,5,4,66,0,13,0.151515151515152,0,0,0,0.0,0,0,0,0,0,0,0,,0,0,0,0,10.6
00-0039917,2026_03_ATL_GB,3,ATL,GB,18,25,256,1,1,0,9.51107502105164,2,-2,0,0,0.0,0,0,0,0,0,0.0,0,0,0,0.0,0,0,0,0,0,0,0,,0,0,1,10,14.04
00-0039919,2026_03_PHI_CHI,3,CHI,PHI,0,0,0,0,0,0,,0,0,0,0,,6,3,44,0,0,0.176470588235294,0,0,0,0.0,0,0,0,0,0,0,0,,0,0,1,4,7.4
00-0039920,2026_03_CAR_CLE,3,CLE,CAR,0,0,0,0,0,0,,0,0,0,0,,0,0,0,0,0,0.0,2,1,0,0.0,0,0,0,0,0,0,0,,0,0,1,5,0.0
00-0039924,2026_03_MIN_TB,3,MIN,TB,0,0,0,0,0,0,,0,0,0,0,,0,0,0,0,0,0.0,2,1,0,0.5,1,0,0,0,0,0,0,,0,0,1,15,0.0
00-0039925,2026_03_CIN_PIT,3,CIN,PIT,0,0,0,0,0,0,,0,0,0,0,,0,0,0,0,0,0.0,0,0,0,0.0,0,0,0,0,0,0,0,,0,0,2,10,0.0
00-0040008,2026_03_BAL_DAL,3,DAL,BAL,0,0,0,0,0,0,,0,0,0,0,,0,0,0,0,0,0.0,3,2,0,0.0,0,0,0,0,0,0,0,,0,0,0,0,0.0
00-0040010,2026_03_ATL_GB,3,GB,ATL,0,0,0,0,0,0,,0,0,0,0,,0,0,0,0,0,0.0,1,2,0,0.0,0,0,0,0,0,0,0,,0,0,0,0,0.0
00-0040013,2026_03_PHI_CHI,3,PHI,CHI,0,0,0,0,0,0,,0,0,0,0,,0,0,0,0,0,0.0,0,1,0,0.0,0,0,0,0,0,0,0,,0,0,0,0,0.0
00-0040020,2026_03_TEN_NYG,3,TEN,NYG,0,0,0,0,0,0,,0,0,0,0,,0,0,0,0,0,0.0,0,0,0,0.0,0,0,0,0,0,0,0,,0,0,1,9,0.0
00-0040024,2026_03_PHI_CHI,3,PHI,CHI,0,0,0,0,0,0,,0,0,0,0,,0,0,0,0,0,0.0,0,1,0,0.0,0,0,0,0,0,0,0,,0,0,0,0,0.0
00-0040045,2026_03_BAL_DAL,3,DAL,BAL,0,0,0,0,0,0,,0,0,0,0,,0,0,0,0,0,0.0,2,0,0,0.0,0,0,1,0,0,0,0,,0,0,0,0,0.0
00-0040070,2026_03_BAL_DAL,3,BAL,DAL,0,0,0,0,0,0,,0,0,0,0,,0,0,0,0,0,0.0,0,0,0,0.0,0,0,0,0,0,0,0,,0,0,1,5,0.0
00-0040072,2026_03_KC_MIA,3,KC,MIA,0,0,0,0,0,0,,0,0,0,0,,0,0,0,0,0,0.0,0,2,0,0.0,0,0,0,0,0,0,0,,0,0,0,0,0.0
00-0040074,2026_03_BAL_DAL,3,BAL,DAL,0,0,0,0,0,0,,0,0,0,0,,0,0,0,0,0,0.0,0,0,0,0.0,0,0,0,0,0,2,2,56.0,4,4,0,0,0.0
00-0040075,2026_03_BAL_DAL,3,BAL,DAL,0,0,0,0,0,0,,0,0,0,0,,0,0,0,0,0,0.0,0,0,0,0.0,0,0,0,0,0,0,0,,0,0,0,0,0.0
00-0040078,2026_03_KC_MIA,3,KC,MIA,0,0,0,0,0,0,,0,0,0,0,,1,1,4,0,7,0.0434782608695652,0,0,0,0.0,0,0,0,0,0,0,0,,0,0,0,0,1.4
00-0040081,2026_03_KC_MIA,3,KC,MIA,0,0,0,0,0,0,,0,0,0,0,,1,0,0,0,0,0.0434782608695652,1,1,0,0.0,0,0,0,0,0,0,0,,0,0,0,0,0.0
00-0040089,2026_03_MIN_TB,3,TB,MIN,0,0,0,0,0,0,,0,0,0,0,,0,0,0,0,0,0.0,0,0,0,0.0,0,0,0,0,0,0,0,,0,0,1,15,0.0
00-0040100,2026_03_BAL_DAL,3,BAL,DAL,0,0,0,0,0,0,,0,0,0,0,,0,0,0,0,0,0.0,1,0,0,0.0,0,0,0,0,0,0,0,,0,0,0,0,0.0
00-0040104,2026_03_BAL_DAL,3,BAL,DAL,0,0,0,0,0,0,,0,0,0,0,,0,0,0,0,0,0.0,1,0,0,0.0,0,0,0,0,0,0,0,,0,0,0,0,0.0
00-0040122,2026_03_LV_NO,3,LV,NO,0,0,0,0,0,0,,19,56,0,0,-6.57999667129479,3,3,37,0,24,0.1,0,0,0,0.0,0,0,0,0,0,0,0,,0,0,0,0,12.3
00-0040124,2026_03_CAR_CLE,3,CAR,CLE,0,0,0,0,0,0,,0,0,0,0,,5,2,17,0,0,0.119047619047619,0,0,0,0.0,0,0,0,0,0,0,0,,0,0,0,0,3.7
00-0040126,2026_03_PHI_CHI,3,CHI,PHI,0,0,0,0,0,0,,0,0,0,0,,4,4,31,0,27,0.117647058823529,0,0,0,0.0,0,0,0,0,0,0,0,,0,0,0,0,7.1
00-0040128,2026_03_HOU_IND,3,IND,HOU,0,0,0,0,0,0,,1,2,0,0,0.383539393660612,10,9,55,0,38,0.285714285714286,0,0,0,0.0,0,0,0,0,0,0,0,,0,0,0,0,14.7
00-0040129,2026_03_MIN_TB,3,TB,MIN,0,0,0,0,0,0,,0,0,0,0,,9,5,62,0,20,0.257142857142857,0,0,0,0.0,0,0,0,0,0,0,0,,0,0,0,0,11.2
00-0040131,2026_03_NE_JAX,3,NE,JAX,0,0,0,0,0,0,,0,0,0,0,,3,1,34,0,14,0.1,0,0,0,0.0,0,0,0,0,0,0,0,,0,0,0,0,4.4
00-0040132,2026_03_LAC_BUF,3,BUF,LAC,0,0,0,0,0,0,,0,0,0,0,,0,0,0,0,0,0.0,1,3,0,0.0,0,0,1,0,0,0,0,,0,0,0,0,0.0
00-0040133,2026_03_NYJ_DET,3,NYJ,DET,0,0,0,0,0,0,,0,0,0,0,,0,0,0,0,0,0.0,3,3,0,0.0,0,0,0,0,0,0,0,,0,0,1,5,0.0
00-0040134,2026_03_LA_DEN,3,DEN,LA,0,0,0,0,0,0,,0,0,0,0,,2,2,44,1,25,0.0645161290322581,0,0,0,0.0,0,0,0,0,0,0,0,,0,0,0,0,14.4
00-0040136,2026_03_CAR_CLE,3,CAR,CLE,0,0,0,0,0,0,,0,0,0,0,,0,0,0,0,0,0.0,2,1,1,1.0,1,0,0,0,0,0,0,,0,0,0,0,0.0
00-0040138,2026_03_HOU_IND,3,HOU,IND,0,0,0,0,0,0,,1,8,0,0,1.13358949427493,2,2,17,0,1,0.08,0,0,0,0.0,0,0,0,0,0,0,0,,0,0,0,0,4.5
00-0040139,2026_03_HOU_IND,3,IND,HOU,0,0,0,0,0,0,,0,0,0,0,,0,0,0,0,0,0.0,2,1,0,0.0,0,0,2,0,0,0,0,,0,0,0,0,0.0
00-0040141,2026_03_TEN_NYG,3,TEN,NYG,0,0,0,0,0,0,,0,0,0,0,,0,0,0,0,0,0.0,3,1,0,0.0,0,0,0,1,0,0,0,,0,0,0,0,0.0
00-0040142,2026_03_ATL_GB,3,GB,ATL,0,0,0,0,0,0,,4,6,0,0,-1.75649052404333,3,1,10,0,10,0.0588235294117647,0,0,0,0.0,0,0,0,0,0,0,0,,0,0,0,0,2.6
00-0040143,2026_03_MIN_TB,3,TB,MIN,0,0,0,0,0,0,,0,0,0,0,,0,0,0,0,0,0.0,4,1,0,0.0,0,0,0,0,0,0,0,,0,0,0,0,0.0
00-0040145,2026_03_NE_JAX,3,JAX,NE,0,0,0,0,0,0,,0,0,0,0,,0,0,0,0,0,0.0,1,3,0,0.0,0,0,0,0,0,0,0,,0,0,0,0,0.0
00-0040148,2026_03_ATL_GB,3,ATL,GB,0,0,0,0,0,0,,0,0,0,0,,0,0,0,0,0,0.0,3,2,0,0.0,0,1,1,0,0,0,0,,0,0,0,0,0.0
00-0040152,2026_03_ARI_SF,3,SF,ARI,0,0,0,0,0,0,,0,0,0,0,,0,0,0,0,0,0.0,0,2,0,0.0,0,0,0,0,0,0,0,,0,0,0,0,0.0
00-0040154,2026_03_MIN_TB,3,MIN,TB,0,0,0,0,0,0,,0,0,0,0,,2,0,0,0,0,0.08,0,0,0,0.0,0,0,0,0,0,0,0,,0,0,0,0,0.0
00-0040155,2026_03_LV_NO,3,NO,LV,0,0,0,0,0,0,,0,0,0,0,,0,0,0,0,0,0.0,4,3,0,0.0,0,0,0,0,0,0,0,,0,0,1,2,0.0
00-0040156,2026_03_ATL_GB,3,ATL,GB,0,0,0,0,0,0,,0,0,0,0,,0,0,0,0,0,0.0,1,0,0,0.0,0,0,2,0,0,0,0,,0,0,0,0,0.0
00-0040157,2026_03_CIN_PIT,3,CIN,PIT,0,0,0,0,0,0,,0,0,0,0,,0,0,0,0,0,0.0,2,4,0,0.0,1,0,1,0,0,0,0,,0,0,0,0,0.0
00-0040158,2026_03_MIN_TB,3,TB,MIN,0,0,0,0,0,0,,0,0,0,0,,0,0,0,0,0,0.0,2,1,2,1.0,1,0,0,0,0,0,0,,0,0,0,0,0.0
00-0040159,2026_03_CAR_CLE,3,CAR,CLE,0,0,0,0,0,0,,0,0,0,0,,0,0,0,0,0,0.0,5,3,0,0.0,0,0,1,0,0,0,0,,0,0,0,0,0.0
00-0040160,2026_03_CIN_PIT,3,PIT,CIN,0,0,0,0,0,0,,0,0,0,0,,0,0,0,0,0,0.0,2,0,0,0.0,0,0,0,0,0,0,0,,0,0,0,0,0.0
00-0040164,2026_03_SEA_WAS,3,WAS,SEA,0,0,0,0,0,0,,0,0,0,0,,1,1,21,0,23,0.0333333333333333,0,0,0,0.0,0,0,0,0,0,0,0,,0,0,0,0,3.1
00-0040165,2026_03_NYJ_DET,3,NYJ,DET,0,0,0,0,0,0,,0,0,0,0,,0,0,0,0,0,0.0,1,0,0,0.0,0,0,0,0,0,0,0,,0,0,0,0,0.0
00-0040166,2026_03_LV_NO,3,NO,LV,0,0,0,0,0,0,,0,0,0,0,,0,0,0,0,0,0.0,1,1,0,0.0,0,0,0,0,0,0,0,,0,0,1,5,0.0
00-0040168,2026_03_LA_DEN,3,DEN,LA,0,0,0,0,0,0,,0,0,0,0,,0,0,0,0,0,0.0,3,2,0,0.0,0,0,0,0,0,0,0,,0,0,0,0,0.0
00-0040169,2026_03_LV_NO,3,LV,NO,0,0,0,0,0,0,,0,0,0,0,,0,0,0,0,0,0.0,1,2,1,0.0,0,0,0,0,0,0,0,,0,0,0,0,0.0
00-0040170,2026_03_TEN_NYG,3,TEN,NYG,0,0,0,0,0,0,,0,0,0,0,,3,1,11,0,0,0.0857142857142857,0,0,0,0.0,0,0,0,0,0,0,0,,0,0,1,10,2.1
00-0040171,2026_03_NE_JAX,3,NE,JAX,0,0,0,0,0,0,,0,0,0,0,,0,0,0,0,0,0.0,0,1,0,0.0,0,0,0,0,0,0,0,,0,0,0,0,0.0
00-0040172,2026_03_ARI_SF,3,SF,ARI,0,0,0,0,0,0,,0,0,0,0,,2,2,60,0,27,0.0769230769230769,0,0,0,0.0,0,0,0,0,0,0,0,,0,0,0,0,8.0
00-0040173,2026_03_MIN_TB,3,MIN,TB,0,0,0,0,0,0,,0,0,0,0,,0,0,0,0,0,0.0,2,1,0,0.0,0,0,1,0,0,0,0,,0,0,0,0,0.0
00-0040175,2026_03_KC_MIA,3,MIA,KC,0,0,0,0,0,0,,0,0,0,0,,0,0,0,0,0,0.0,2,0,1,0.0,0,0,0,0,0,0,0,,0,0,0,0,0.0
00-0040178,2026_03_KC_MIA,3,MIA,KC,0,0,0,0,0,0,,0,0,0,0,,0,0,0,0,0,0.0,2,0,0,0.0,0,0,0,0,0,0,0,,0,0,0,0,0.0
00-0040182,2026_03_KC_MIA,3,MIA,KC,0,0,0,0,0,0,,0,0,0,0,,0,0,0,0,0,0.0,4,5,0,0.0,0,0,1,0,0,0,0,,0,0,0,0,0.0
00-0040183,2026_03_MIN_TB,3,TB,MIN,0,0,0,0,0,0,,0,0,0,0,,0,0,0,0,0,0.0,2,0,1,0.0,0,0,0,0,0,0,0,,0,0,0,0,0.0
00-0040185,2026_03_ARI_SF,3,SF,ARI,0,0,0,0,0,0,,0,0,0,0,,0,0,0,0,0,0.0,2,2,0,0.0,0,0,0,0,0,0,0,,0,0,0,0,0.0
00-0040187,2026_03_CAR_CLE,3,CAR,CLE,0,0,0,0,0,0,,0,0,0,0,,3,3,36,0,19,0.0714285714285714,0,0,0,0.0,0,0,0,0,0,0,0,,0,0,0,0,6.6
00-0040188,2026_03_CIN_PIT,3,PIT,CIN,0,0,0,0,0,0,,0,0,0,0,,0,0,0,0,0,0.0,1,3,0,0.0,0,0,0,0,0,0,0,,0,0,0,0,0.0
00-0040189,2026_03_LAC_BUF,3,LAC,BUF,0,0,0,0,0,0,,0,0,0,0,,3,0,0,0,0,0.0909090909090909,0,0,0,0.0,0,0,0,0,0,0,0,,0,0,1,10,0.0
00-0040194,2026_03_LAC_BUF,3,BUF,LAC,0,0,0,0,0,0,,0,0,0,0,,1,0,0,0,0,0.0384615384615385,0,0,0,0.0,0,0,0,0,0,0,0,,0,0,0,0,0.0
00-0040195,2026_03_ARI_SF,3,ARI,SF,0,0,0,0,0,0,,0,0,0,0,,0,0,0,0,0,0.0,2,0,0,0.0,0,0,2,0,0,0,0,,0,0,0,0,0.0
00-0040198,2026_03_KC_MIA,3,MIA,KC,0,0,0,0,0,0,,17,41,1,0,-4.94565142708598,3,3,14,0,18,0.0857142857142857,0,0,0,0.0,0,0,0,0,0,0,0,,0,0,0,0,14.5
00-0040200,2026_03_NE_JAX,3,NE,JAX,0,0,0,0,0,0,,0,0,0,0,,0,0,0,0,0,0.0,0,0,0,0.0,0,0,0,0,0,2,3,40.0,0,0,0,0,0.0
00-0040201,2026_03_TEN_NYG,3,TEN,NYG,0,0,0,0,0,0,,0,0,0,0,,0,0,0,0,0,0.0,3,2,2,0.0,0,0,0,0,0,0,0,,0,0,0,0,0.0
00-0040204,2026_03_NE_JAX,3,NE,JAX,0,0,0,0,0,0,,0,0,0,0,,0,0,0,0,0,0.0,1,1,0,0.0,0,0,1,0,0,0,0,,0,0,0,0,0.0
00-0040207,2026_03_HOU_IND,3,IND,HOU,0,0,0,0,0,0,,0,0,0,0,,0,0,0,0,0,0.0,1,1,0,0.0,0,0,0,0,0,0,0,,0,0,0,0,0.0
00-0040208,2026_03_CIN_PIT,3,CIN,PIT,0,0,0,0,0,0,,0,0,0,0,,0,0,0,0,0,0.0,0,0,0,0.0,0,0,0,0,0,0,0,,0,0,0,0,0.0
00-0040209,2026_03_NE_JAX,3,JAX,NE,0,0,0,0,0,0,,0,0,0,0,,0,0,0,0,0,0.0,1,1,0,0.0,0,0,0,0,0,0,0,,0,0,0,0,0.0
00-0040213,2026_03_NE_JAX,3,JAX,NE,0,0,0,0,0,0,,0,0,0,0,,0,0,0,0,0,0.0,0,1,0,0.0,0,0,0,0,0,0,0,,0,0,0,0,0.0
00-0040216,2026_03_SEA_WAS,3,WAS,SEA,0,0,0,0,0,0,,0,0,0,0,,0,0,0,0,0,0.0,3,2,0,0.0,1,1,1,0,1,0,0,,0,0,0,0,0.0
00-0040221,2026_03_LAC_BUF,3,LAC,BUF,0,0,0,0,0,0,,0,0,0,0,,0,0,0,0,0,0.0,3,0,0,0.0,0,0,0,0,0,0,0,,0,0,0,0,0.0
00-0040223,2026_03_LA_DEN,3,DEN,LA,0,0,0,0,0,0,,0,0,0,0,,0,0,0,0,0,0.0,0,0,0,0.0,0,0,0,0,0,0,0,,0,0,0,0,0.0
00-0040228,2026_03_LV_NO,3,LV,NO,0,0,0,0,0,0,,0,0,0,0,,0,0,0,0,0,0.0,0,1,0,0.0,0,0,0,0,0,0,0,,0,0,0,0,0.0
00-0040231,2026_03_CIN_PIT,3,PIT,CIN,0,0,0,0,0,0,,0,0,0,0,,0,0,0,0,0,0.0,1,1,0,0.0,0,0,0,0,0,0,0,,0,0,0,0,0.0
00-0040235,2026_03_HOU_IND,3,IND,HOU,0,0,0,0,0,0,,0,0,0,0,,0,0,0,0,0,0.0,1,3,0,0.0,0,0,0,0,0,0,0,,0,0,0,0,0.0
00-0040236,2026_03_PHI_CHI,3,CHI,PHI,0,0,0,0,0,0,,10,31,0,0,-0.979999518574914,0,0,0,0,0,0.0,0,0,0,0.0,0,0,0,0,0,0,0,,0,0,0,0,3.1
00-0040237,2026_03_MIN_TB,3,TB,MIN,0,0,0,0,0,0,,0,0,0,0,,2,1,8,0,3,0.0571428571428571,0,0,0,0.0,0,0,0,0,0,0,0,,0,0,0,0,1.8
00-0040238,2026_03_NE_JAX,3,JAX,NE,0,0,0,0,0,0,,0,0,0,0,,2,2,9,0,5,0.0740740740740741,0,0,0,0.0,0,0,0,0,0,0,0,,0,0,0,0,2.9
00-0040242,2026_03_SEA_WAS,3,WAS,SEA,0,0,0,0,0,0,,19,36,0,0,-7.20964526600437,1,1,7,0,2,0.0333333333333333,0,0,0,0.0,0,0,0,0,0,0,0,,0,0,0,0,5.3
00-0040245,2026_03_ARI_SF,3,SF,ARI,0,0,0,0,0,0,,0,0,0,0,,0,0,0,0,0,0.0,0,0,0,0.0,0,0,0,0,0,0,0,,0,0,1,10,0.0
00-0040248,2026_03_KC_MIA,3,MIA,KC,0,0,0,0,0,0,,0,0,0,0,,0,0,0,0,0,0.0,0,1,0,0.0,1,0,0,0,0,0,0,,0,0,0,0,0.0
00-0040255,2026_03_CAR_CLE,3,CLE,CAR,0,0,0,0,0,0,,0,0,0,0,,0,0,0,0,0,0.0,0,2,0,0.0,0,0,0,0,0,0,0,,0,0,0,0,0.0
00-0040261,2026_03_CAR_CLE,3,CLE,CAR,0,0,0,0,0,0,,0,0,0,0,,0,0,0,0,0,0.0,0,3,0,0.0,0,0,0,0,0,0,0,,0,0,0,0,0.0
00-0040279,2026_03_CAR_CLE,3,CAR,CLE,0,0,0,0,0,0,,0,0,0,0,,0,0,0,0,0,0.0,0,0,0,0.0,0,0,0,0,0,4,4,53.0,0,0,0,0,0.0
00-0040293,2026_03_LV_NO,3,NO,LV,0,0,0,0,0,0,,0,0,0,0,,0,0,0,0,0,0.0,0,1,0,0.0,0,0,0,0,0,0,0,,0,0,0,0,0.0
00-0040318,2026_03_SEA_WAS,3,WAS,SEA,0,0,0,0,0,0,,0,0,0,0,,0,0,0,0,0,0.0,1,2,0,0.0,0,0,0,0,0,0,0,,0,0,0,0,0.0
00-0040326,2026_03_NE_JAX,3,JAX,NE,0,0,0,0,0,0,,0,0,0,0,,0,0,0,0,0,0.0,0,2,0,0.0,0,0,0,0,0,0,0,,0,0,0,0,0.0
00-0040341,2026_03_CIN_PIT,3,PIT,CIN,0,0,0,0,0,0,,0,0,0,0,,0,0,0,0,0,0.0,1,1,0,0.0,0,0,0,0,0,0,0,,0,0,0,0,0.0
00-0040342,2026_03_NE_JAX,3,JAX,NE,0,0,0,0,0,0,,0,0,0,0,,0,0,0,0,0,0.0,1,0,0,0.0,0,0,0,0,0,0,0,,0,0,0,0,0.0
00-0040384,2026_03_MIN_TB,3,TB,MIN,0,0,0,0,0,0,,0,0,0,0,,0,0,0,0,0,0.0,2,0,1,0.0,0,0,0,0,0,0,0,,0,0,0,0,0.0
00-0040390,2026_03_NYJ_DET,3,DET,NYJ,0,0,0,0,0,0,,0,0,0,0,,1,1,8,0,3,0.032258064516129,0,0,0,0.0,0,0,0,0,0,0,0,,0,0,0,0,1.8
00-0040394,2026_03_CAR_CLE,3,CAR,CLE,0,0,0,0,0,0,,0,0,0,0,,0,0,0,0,0,0.0,0,0,0,0.0,0,0,0,0,0,0,0,,0,0,0,0,0.0
00-0040405,2026_03_NYJ_DET,3,NYJ,DET,0,0,0,0,0,0,,0,0,0,0,,0,0,0,0,0,0.0,0,0,0,0.0,0,0,0,0,0,0,0,,0,0,0,0,0.0
00-0040458,2026_03_CAR_CLE,3,CAR,CLE,0,0,0,0,0,0,,0,0,0,0,,0,0,0,0,0,0.0,0,2,0,0.0,1,0,0,0,0,0,0,,0,0,0,0,0.0
00-0040466,2026_03_CAR_CLE,3,CLE,CAR,0,0,0,0,0,0,,1,17,0,0,1.68578250907012,5,4,34,0,29,0.166666666666667,0,0,0,0.0,0,0,0,0,0,0,0,,0,0,0,0,9.1
00-0040471,2026_03_TEN_NYG,3,NYG,TEN,0,0,0,0,0,0,,0,0,0,0,,0,0,0,0,0,0.0,1,0,0,0.0,0,0,0,0,0,0,0,,0,0,0,0,0.0
00-0040496,2026_03_MIN_TB,3,MIN,TB,0,0,0,0,0,0,,0,0,0,0,,0,0,0,0,0,0.0,1,1,0,0.0,0,0,0,0,0,0,0,,0,0,0,0,0.0
00-0040506,2026_03_MIN_TB,3,MIN,TB,0,0,0,0,0,0,,0,0,0,0,,0,0,0,0,0,0.0,0,0,0,0.0,0,0,0,0,0,0,0,,0,0,0,0,6.0
00-0040534,2026_03_CIN_PIT,3,CIN,PIT,0,0,0,0,0,0,,0,0,0,0,,0,0,0,0,0,0.0,0,0,0,0.0,0,0,0,0,0,0,0,,0,0,0,0,0.0
00-0040556,2026_03_NE_JAX,3,NE,JAX,0,0,0,0,0,0,,6,18,0,0,-1.67480768880341,1,1,9,0,12,0.0333333333333333,0,0,0,0.0,0,0,0,0,0,0,0,,0,0,0,0,3.7
00-0040560,2026_03_ARI_SF,3,SF,ARI,0,0,0,0,0,0,,0,0,0,0,,0,0,0,0,0,0.0,1,2,0,0.0,0,0,0,0,0,0,0,,0,0,0,0,0.0
00-0040563,2026_03_NE_JAX,3,NE,JAX,1,1,16,0,0,0,0.792526712291874,0,0,0,0,,2,1,1,0,0,0.0666666666666667,0,0,0,0.0,0,0,0,0,0,0,0,,0,0,0,0,1.74
00-0040574,2026_03_NE_JAX,3,NE,JAX,0,0,0,0,0,0,,0,0,0,0,,0,0,0,0,0,0.0,1,1,0,0.5,2,0,0,0,0,0,0,,0,0,1,5,0.0
00-0040579,2026_03_CAR_CLE,3,CLE,CAR,0,0,0,0,0,0,,0,0,0,0,,0,0,0,0,0,0.0,1,5,0,0.0,0,0,0,0,0,0,0,,0,0,0,0,0.0
00-0040580,2026_03_LA_DEN,3,LA,DEN,0,0,0,0,0,0,,0,0,0,0,,0,0,0,0,0,0.0,0,2,0,0.0,0,0,0,0,0,0,0,,0,0,0,0,0.0
00-0040583,2026_03_HOU_IND,3,HOU,IND,0,0,0,0,0,0,,5,15,1,0,1.35598439769819,1,1,6,0,10,0.04,0,0,0,0.0,0,0,0,0,0,0,0,,0,0,0,0,9.1
00-0040584,2026_03_TEN_NYG,3,TEN,NYG,0,0,0,0,0,0,,0,0,0,0,,4,2,14,0,3,0.114285714285714,0,0,0,0.0,0,0,0,0,0,0,0,,0,0,0,0,3.4
00-0040585,2026_03_LA_DEN,3,LA,DEN,0,0,0,0,0,0,,0,0,0,0,,0,0,0,0,0,0.0,1,2,0,0.0,0,0,0,0,0,0,0,,0,0,0,0,0.0
00-0040587,2026_03_PHI_CHI,3,PHI,CHI,0,0,0,0,0,0,,0,0,0,0,,0,0,0,0,0,0.0,0,0,0,0.0,0,0,0,0,0,0,0,,0,0,1,1,0.0
00-0040590,2026_03_LA_DEN,3,LA,DEN,0,0,0,0,0,0,,0,0,0,0,,8,4,93,1,21,0.163265306122449,0,0,0,0.0,0,0,0,0,0,0,0,,0,0,0,0,19.3
00-0040613,2026_03_LA_DEN,3,LA,DEN,0,0,0,0,0,0,,0,0,0,0,,0,0,0,0,0,0.0,2,1,0,0.0,0,0,0,0,0,0,0,,0,0,0,0,0.0
00-0040634,2026_03_LA_DEN,3,DEN,LA,0,0,0,0,0,0,,0,0,0,0,,0,0,0,0,0,0.0,0,1,0,0.0,0,0,0,0,0,0,0,,0,0,0,0,0.0
00-0040640,2026_03_KC_MIA,3,KC,MIA,0,0,0,0,0,0,,0,0,0,0,,0,0,0,0,0,0.0,1,3,0,0.0,0,0,0,0,0,0,0,,0,0,0,0,0.0
00-0040641,2026_03_LV_NO,3,LV,NO,0,0,0,0,0,0,,0,0,0,0,,0,0,0,0,0,0.0,1,0,0,0.0,0,0,0,0,0,0,0,,0,0,0,0,0.0
00-0040642,2026_03_LV_NO,3,NO,LV,0,0,0,0,0,0,,0,0,0,0,,0,0,0,0,0,0.0,0,1,0,0.0,0,0,0,0,0,0,0,,0,0,0,0,0.0
00-0040643,2026_03_LV_NO,3,NO,LV,0,0,0,0,0,0,,0,0,0,0,,0,0,0,0,0,0.0,3,4,0,0.0,0,0,0,0,0,0,0,,0,0,1,7,0.0
00-0040645,2026_03_ARI_SF,3,ARI,SF,0,0,0,0,0,0,,0,0,0,0,,0,0,0,0,0,0.0,0,2,0,0.0,0,0,0,0,0,0,0,,0,0,0,0,0.0
00-0040646,2026_03_KC_MIA,3,KC,MIA,0,0,0,0,0,0,,0,0,0,0,,1,1,11,0,9,0.0434782608695652,0,0,0,0.0,0,0,0,0,0,0,0,,0,0,0,0,2.1
00-0040648,2026_03_SEA_WAS,3,SEA,WAS,0,0,0,0,0,0,,0,0,0,0,,3,3,48,0,4,0.0666666666666667,0,0,0,0.0,0,0,0,0,0,0,0,,0,0,0,0,7.8
00-0040654,2026_03_HOU_IND,3,HOU,IND,0,0,0,0,0,0,,0,0,0,0,,0,0,0,0,0,0.0,0,0,0,0.0,0,0,0,0,0,0,0,,0,0,0,0,0.0
00-0040655,2026_03_KC_MIA,3,MIA,KC,0,0,0,0,0,0,,0,0,0,0,,0,0,0,0,0,0.0,0,1,0,0.0,0,0,0,0,0,0,0,,0,0,0,0,0.0
00-0040661,2026_03_MIN_TB,3,MIN,TB,0,0,0,0,0,0,,0,0,0,0,,0,0,0,0,0,0.0,0,0,0,0.0,0,0,0,0,0,0,0,,0,0,2,20,0.0
00-0040662,2026_03_PHI_CHI,3,PHI,CHI,0,0,0,0,0,0,,0,0,0,0,,0,0,0,0,0,0.0,0,2,0,0.0,0,0,0,0,0,0,0,,0,0,0,0,0.0
00-0040663,2026_03_CAR_CLE,3,CLE,CAR,0,0,0,0,0,0,,0,0,0,0,,9,7,51,2,26,0.3,0,0,0,0.0,0,0,0,0,0,0,0,,0,0,0,0,24.1
00-0040666,2026_03_LAC_BUF,3,LAC,BUF,0,0,0,0,0,0,,15,56,0,0,-0.425974813464563,1,0,0,0,0,0.0303030303030303,0,0,0,0.0,0,0,0,0,0,0,0,,0,0,0,0,5.6
00-0040667,2026_03_ATL_GB,3,GB,ATL,0,0,0,0,0,0,,0,0,0,0,,12,5,100,1,30,0.235294117647059,0,0,0,0.0,0,0,0,0,0,0,0,,0,0,0,0,21.0
00-0040668,2026_03_CAR_CLE,3,CLE,CAR,1,1,0,0,0,0,-0.404422362858895,0,0,0,0,,0,0,0,0,0,0.0,0,0,0,0.0,0,0,0,0,0,0,0,,0,0,0,0,0.0
00-0040669,2026_03_NYJ_DET,3,DET,NYJ,0,0,0,0,0,0,,0,0,0,0,,3,3,66,0,39,0.0967741935483871,0,0,0,0.0,0,0,0,0,0,0,0,,0,0,0,0,9.6
00-0040670,2026_03_KC_MIA,3,KC,MIA,0,0,0,0,0,0,,0,0,0,0,,0,0,0,0,0,0.0,2,1,0,0.0,0,0,1,0,0,0,0,,0,0,2,9,0.0
00-0040676,2026_03_TEN_NYG,3,TEN,NYG,23,36,181,1,1,0,-6.48832623060392,1,2,0,0,0.656972337339539,0,0,0,0,0,0.0,0,0,0,0.0,0,0,0,0,0,0,0,,0,0,0,0,9.44
00-0040677,2026_03_TEN_NYG,3,NYG,TEN,0,0,0,0,0,0,,0,0,0,0,,0,0,0,0,0,0.0,0,0,0,0.0,0,0,0,0,0,0,0,,0,0,1,10,0.0
00-0040678,2026_03_CIN_PIT,3,PIT,CIN,0,0,0,0,0,0,,0,0,0,0,,0,0,0,0,0,0.0,1,0,1,1.0,1,0,0,1,0,0,0,,0,0,0,0,0.0
00-0040685,2026_03_CAR_CLE,3,CLE,CAR,0,0,0,0,0,0,,0,0,0,0,,0,0,0,0,0,0.0,4,3,3,2.0,2,0,0,0,0,0,0,,0,0,0,0,0.0
00-0040686,2026_03_SEA_WAS,3,WAS,SEA,0,0,0,0,0,0,,0,0,0,0,,0,0,0,0,0,0.0,0,0,0,0.0,0,0,0,0,0,0,0,,0,0,1,5,0.0
00-0040688,2026_03_BAL_DAL,3,BAL,DAL,0,0,0,0,0,0,,0,0,0,0,,0,0,0,0,0,0.0,4,2,0,0.0,0,0,0,0,0,0,0,,0,0,0,0,0.0
00-0040705,2026_03_TEN_NYG,3,TEN,NYG,0,0,0,0,0,0,,0,0,0,0,,1,1,3,0,0,0.0285714285714286,0,0,0,0.0,0,0,0,0,0,0,0,,0,0,0,0,1.3
00-0040706,2026_03_ARI_SF,3,ARI,SF,0,0,0,0,0,0,,0,0,0,0,,0,0,0,0,0,0.0,0,1,0,0.0,1,0,0,0,0,0,0,,0,0,0,0,0.0
00-0040708,2026_03_PHI_CHI,3,PHI,CHI,0,0,0,0,0,0,,0,0,0,0,,0,0,0,0,0,0.0,4,5,0,0.0,0,0,0,0,0,0,0,,0,0,0,0,0.0
00-0040709,2026_03_LAC_BUF,3,BUF,LAC,0,0,0,0,0,0,,0,0,0,0,,0,0,0,0,0,0.0,1,1,0,0.0,0,0,1,0,0,0,0,,0,0,0,0,0.0
00-0040710,2026_03_LAC_BUF,3,BUF,LAC,0,0,0,0,0,0,,0,0,0,0,,0,0,0,0,0,0.0,1,2,0,0.0,0,0,1,0,0,0,0,,0,0,0,0,0.0
00-0040715,2026_03_TEN_NYG,3,NYG,TEN,0,0,0,0,0,0,,20,60,0,0,-5.27469797320947,4,3,40,0,10,0.19047619047619,0,0,0,0.0,0,0,0,0,0,0,0,,0,0,0,0,13.0
00-0040718,2026_03_NE_JAX,3,JAX,NE,0,0,0,0,0,0,,0,0,0,0,,0,0,0,0,0,0.0,1,3,0,0.0,0,1,1,0,0,0,0,,0,0,0,0,0.0
00-0040719,2026_03_NE_JAX,3,JAX,NE,0,0,0,0,0,0,,15,73,1,0,2.5535539148259,2,2,17,0,24,0.0740740740740741,0,0,0,0.0,0,0,0,0,0,0,0,,0,0,0,0,17.0
00-0040720,2026_03_LA_DEN,3,DEN,LA,0,0,0,0,0,0,,0,0,0,0,,0,0,0,0,0,0.0,1,0,1,0.0,0,0,0,0,0,0,0,,0,0,0,0,0.0
00-0040722,2026_03_BAL_DAL,3,BAL,DAL,0,0,0,0,0,0,,0,0,0,0,,0,0,0,0,0,0.0,2,1,0,0.0,0,0,0,0,0,0,0,,0,0,0,0,0.0
00-0040725,2026_03_BAL_DAL,3,DAL,BAL,0,0,0,0,0,0,,0,0,0,0,,0,0,0,0,0,0.0,3,1,0,0.0,0,0,0,0,0,0,0,,0,0,0,0,0.0
00-0040727,2026_03_LAC_BUF,3,LAC,BUF,0,0,0,0,0,0,,0,0,0,0,,7,6,76,0,30,0.212121212121212,0,0,0,0.0,0,0,0,0,0,0,0,,0,0,0,0,13.6
00-0040730,2026_03_LA_DEN,3,DEN,LA,0,0,0,0,0,0,,2,6,0,0,-0.841389643959701,7,6,41,0,54,0.225806451612903,0,0,0,0.0,0,0,0,0,0,0,0,,0,0,0,0,10.7
00-0040733,2026_03_SEA_WAS,3,SEA,WAS,0,0,0,0,0,0,,0,0,0,0,,0,0,0,0,0,0.0,2,0,0,0.0,0,0,0,0,0,0,0,,0,0,0,0,0.0
00-0040734,2026_03_NE_JAX,3,NE,JAX,0,0,0,0,0,0,,8,23,0,0,-2.37237346940674,1,1,6,0,2,0.0333333333333333,0,0,0,0.0,0,0,0,0,0,0,0,,0,0,0,0,3.9
00-0040735,2026_03_PHI_CHI,3,CHI,PHI,0,0,0,0,0,0,,1,7,0,0,0.247792859619949,11,7,61,1,29,0.323529411764706,0,0,0,0.0,0,0,0,0,0,0,0,,0,0,0,0,19.8
00-0040737,2026_03_LA_DEN,3,LA,DEN,0,0,0,0,0,0,,0,0,0,0,,2,1,9,0,14,0.0408163265306122,0,0,0,0.0,0,0,0,0,0,0,0,,0,0,0,0,1.9
00-0040738,2026_03_CIN_PIT,3,CIN,PIT,0,0,0,0,0,0,,0,0,0,0,,0,0,0,0,0,0.0,2,7,0,0.0,0,0,0,0,0,0,0,,0,0,0,0,0.0
00-0040743,2026_03_LV_NO,3,NO,LV,29,42,255,4,1,2,-3.62710097496165,1,36,0,0,2.06868326978292,0,0,0,0,0,0.0,0,0,0,0.0,0,0,0,0,0,0,0,,0,0,0,0,23.8
00-0040744,2026_03_HOU_IND,3,IND,HOU,0,0,0,0,0,0,,0,0,0,0,,0,0,0,0,0,0.0,1,0,0,0.0,0,0,0,0,0,0,0,,0,0,1,5,0.0
00-0040749,2026_03_PHI_CHI,3,PHI,CHI,0,0,0,0,0,0,,0,0,0,0,,0,0,0,0,0,0.0,4,5,0,0.0,0,0,0,0,0,0,0,,0,0,1,5,0.0
00-0040752,2026_03_TEN_NYG,3,TEN,NYG,0,0,0,0,0,0,,0,0,0,0,,0,0,0,0,0,0.0,0,1,0,0.0,0,0,0,0,0,0,0,,0,0,0,0,0.0
00-0040784,2026_03_CAR_CLE,3,CLE,CAR,0,0,0,0,0,0,,18,70,0,0,-3.89179239424993,2,2,9,0,15,0.0666666666666667,0,0,0,0.0,0,0,0,0,0,0,0,,0,0,0,0,9.9
00-0040785,2026_03_CIN_PIT,3,CIN,PIT,0,0,0,0,0,0,,0,0,0,0,,5,3,29,0,18,0.135135135135135,0,0,0,0.0,0,0,0,0,0,0,0,,0,0,1,5,5.9
00-0040865,2026_03_BAL_DAL,3,DAL,BAL,0,0,0,0,0,0,,0,0,0,0,,0,0,0,0,0,0.0,3,0,0,0.0,0,0,0,0,0,0,0,,0,0,0,0,0.0
00-0040867,2026_03_PHI_CHI,3,PHI,CHI,0,0,0,0,0,0,,0,0,0,0,,4,3,29,0,17,0.16,1,0,0,0.0,0,0,0,0,0,0,0,,0,0,0,0,5.9
00-0040869,2026_03_ATL_GB,3,GB,ATL,0,0,0,0,0,0,,0,0,0,0,,0,0,0,0,0,0.0,0,1,0,0.0,0,0,0,0,0,0,0,,0,0,0,0,0.0
00-0040872,2026_03_BAL_DAL,3,DAL,BAL,0,0,0,0,0,0,,0,0,0,0,,0,0,0,0,0,0.0,4,3,2,0.0,0,0,0,0,0,0,0,,0,0,0,0,0.0
00-0040873,2026_03_SEA_WAS,3,SEA,WAS,0,0,0,0,0,0,,0,0,0,0,,0,0,0,0,0,0.0,1,0,0,0.0,0,0,0,0,0,0,0,,0,0,0,0,0.0
00-0040877,2026_03_ATL_GB,3,GB,ATL,0,0,0,0,0,0,,0,0,0,0,,0,0,0,0,0,0.0,0,2,0,0.0,0,0,0,0,0,0,0,,0,0,0,0,0.0
00-0040878,2026_03_LV_NO,3,LV,NO,0,0,0,0,0,0,,5,54,1,0,4.29077702970244,0,0,0,0,0,0.0,0,0,0,0.0,0,0,0,0,0,0,0,,0,0,0,0,11.4
00-0040879,2026_03_BAL_DAL,3,BAL,DAL,0,0,0,0,0,0,,0,0,0,0,,2,2,23,1,18,0.1,0,0,0,0.0,0,0,0,0,0,0,0,,0,0,0,0,10.3
00-0040880,2026_03_BAL_DAL,3,DAL,BAL,0,0,0,0,0,0,,0,0,0,0,,0,0,0,0,0,0.0,1,1,0,0.0,0,0,0,0,0,0,0,,0,0,0,0,0.0
00-0040884,2026_03_ATL_GB,3,GB,ATL,0,0,0,0,0,0,,0,0,0,0,,0,0,0,0,0,0.0,0,0,0,0.0,0,0,0,0,0,0,0,,0,0,1,5,0.0
00-0040885,2026_03_BAL_DAL,3,BAL,DAL,0,0,0,0,0,0,,0,0,0,0,,0,0,0,0,0,0.0,1,1,0,0.0,0,0,0,0,0,0,0,,0,0,0,0,0.0
00-0040887,2026_03_BAL_DAL,3,BAL,DAL,0,0,0,0,0,0,,0,0,0,0,,1,1,14,0,11,0.05,0,0,0,0.0,0,0,0,0,0,0,0,,0,0,0,0,2.4
00-0040889,2026_03_LV_NO,3,LV,NO,0,0,0,0,0,0,,0,0,0,0,,0,0,0,0,0,0.0,4,2,0,0.0,0,1,1,0,0,0,0,,0,0,0,0,0.0
00-0040894,2026_03_LV_NO,3,LV,NO,0,0,0,0,0,0,,0,0,0,0,,1,0,0,0,0,0.0333333333333333,0,0,0,0.0,0,0,0,0,0,0,0,,0,0,0,0,0.0
00-0040898,2026_03_BAL_DAL,3,BAL,DAL,0,0,0,0,0,0,,0,0,0,0,,0,0,0,0,0,0.0,0,0,0,0.0,0,0,0,0,0,0,0,,0,0,0,0,0.0
00-0040899,2026_03_ATL_GB,3,GB,ATL,0,0,0,0,0,0,,0,0,0,0,,0,0,0,0,0,0.0,0,0,0,0.0,0,0,0,0,0,0,1,,2,2,0,0,0.0
00-0040928,2026_03_HOU_IND,3,IND,HOU,0,0,0,0,0,0,,0,0,0,0,,0,0,0,0,0,0.0,1,0,0,0.0,0,0,0,0,0,0,0,,0,0,0,0,0.0
00-0040948,2026_03_ATL_GB,3,GB,ATL,0,0,0,0,0,0,,0,0,0,0,,3,3,22,0,0,0.0588235294117647,0,0,0,0.0,0,0,0,0,0,0,0,,0,0,0,0,5.2
00-0040957,2026_03_KC_MIA,3,KC,MIA,0,0,0,0,0,0,,0,0,0,0,,0,0,0,0,0,0.0,0,1,0,0.0,0,0,0,0,0,0,0,,0,0,0,0,0.0
00-0041013,2026_03_KC_MIA,3,KC,MIA,0,0,0,0,0,0,,6,17,0,0,-0.635693075247831,0,0,0,0,0,0.0,0,0,0,0.0,0,0,0,0,0,0,0,,0,0,0,0,1.7
00-0041026,2026_03_NYJ_DET,3,NYJ,DET,0,0,0,0,0,0,,0,0,0,0,,0,0,0,0,0,0.0,4,1,1,0.0,1,0,0,0,0,0,0,,0,0,0,0,0.0
00-0041027,2026_03_ARI_SF,3,ARI,SF,0,0,0,0,0,0,,21,90,0,0,1.81509344797814,5,5,19,1,10,0.1,0,0,0,0.0,0,0,0,0,0,0,0,,0,0,0,0,21.9
00-0041028,2026_03_SEA_WAS,3,WAS,SEA,0,0,0,0,0,0,,0,0,0,0,,0,0,0,0,0,0.0,3,1,0,0.0,1,1,2,1,0,0,0,,0,0,0,0,0.0
00-0041030,2026_03_CAR_CLE,3,CLE,CAR,0,0,0,0,0,0,,0,0,0,0,,0,0,0,0,0,0.0,0,0,0,0.0,0,0,0,0,0,0,0,,0,0,1,10,0.0
00-0041032,2026_03_NYJ_DET,3,NYJ,DET,0,0,0,0,0,0,,0,0,0,0,,8,7,105,1,46,0.222222222222222,0,0,0,0.0,0,0,0,0,0,0,0,,0,0,0,0,23.5
00-0041033,2026_03_MIN_TB,3,MIN,TB,0,0,0,0,0,0,,0,0,0,0,,0,0,0,0,0,0.0,0,1,0,0.0,0,0,0,0,0,0,0,,0,0,0,0,0.0
00-0041034,2026_03_CAR_CLE,3,CAR,CLE,0,0,0,0,0,0,,0,0,0,0,,0,0,0,0,0,0.0,0,0,0,0.0,0,0,0,0,0,0,0,,0,0,1,6,0.0
00-0041037,2026_03_CAR_CLE,3,CLE,CAR,0,0,0,0,0,0,,0,0,0,0,,4,2,41,0,17,0.133333333333333,0,0,0,0.0,0,0,0,0,0,0,0,,0,0,0,0,8.1
00-0041040,2026_03_SEA_WAS,3,WAS,SEA,0,0,0,0,0,0,,0,0,0,0,,4,2,15,0,6,0.133333333333333,0,0,0,0.0,0,0,0,0,0,0,0,,0,0,0,0,3.5
00-0041042,2026_03_TEN_NYG,3,NYG,TEN,0,0,0,0,0,0,,0,0,0,0,,2,2,19,0,8,0.0952380952380952,0,0,0,0.0,0,0,0,0,0,0,0,,0,0,0,0,3.9
00-0041043,2026_03_HOU_IND,3,IND,HOU,0,0,0,0,0,0,,0,0,0,0,,0,0,0,0,0,0.0,1,2,0,0.0,0,0,0,0,0,0,0,,0,0,0,0,0.0
00-0041044,2026_03_ATL_GB,3,ATL,GB,0,0,0,0,0,0,,0,0,0,0,,2,1,7,0,11,0.0869565217391304,0,0,0,0.0,0,0,0,0,0,0,0,,0,0,0,0,1.7
00-0041048,2026_03_MIN_TB,3,TB,MIN,0,0,0,0,0,0,,0,0,0,0,,3,1,40,1,19,0.0857142857142857,1,0,0,0.0,0,0,0,0,0,0,0,,0,0,0,0,11.0
00-0041049,2026_03_CAR_CLE,3,CLE,CAR,0,0,0,0,0,0,,0,0,0,0,,0,0,0,0,0,0.0,0,0,0,0.0,0,0,0,0,0,0,0,,0,0,1,5,0.0
00-0041050,2026_03_NE_JAX,3,JAX,NE,0,0,0,0,0,0,,0,0,0,0,,0,0,0,0,0,0.0,0,0,0,0.0,0,0,0,0,0,0,0,,0,0,1,5,0.0
00-0041051,2026_03_PHI_CHI,3,CHI,PHI,0,0,0,0,0,0,,0,0,0,0,,1,1,1,0,5,0.0294117647058824,0,0,0,0.0,0,0,0,0,0,0,0,,0,0,0,0,1.1
00-0041052,2026_03_ARI_SF,3,SF,ARI,0,0,0,0,0,0,,4,17,0,0,-0.580806656682398,1,0,0,0,0,0.0384615384615385,0,0,0,0.0,0,0,0,0,0,0,0,,0,0,0,0,1.7
00-0041057,2026_03_MIN_TB,3,TB,MIN,0,0,0,0,0,0,,0,0,0,0,,0,0,0,0,0,0.0,4,1,0,0.0,0,0,1,0,0,0,0,,0,0,0,0,0.0
00-0041060,2026_03_PHI_CHI,3,CHI,PHI,0,0,0,0,0,0,,0,0,0,0,,0,0,0,0,0,0.0,2,3,0,0.0,1,0,0,0,0,0,0,,0,0,0,0,0.0
00-0041063,2026_03_CAR_CLE,3,CAR,CLE,0,0,0,0,0,0,,0,0,0,0,,0,0,0,0,0,0.0,3,3,0,0.0,0,0,1,0,0,0,0,,0,0,1,5,0.0
00-0041064,2026_03_LAC_BUF,3,LAC,BUF,0,0,0,0,0,0,,0,0,0,0,,0,0,0,0,0,0.0,2,3,0,0.0,0,2,2,0,0,0,0,,0,0,0,0,0.0
00-0041066,2026_03_ATL_GB,3,ATL,GB,0,0,0,0,0,0,,0,0,0,0,,0,0,0,0,0,0.0,2,1,1,0.0,0,0,0,0,0,0,0,,0,0,0,0,0.0
00-0041067,2026_03_LV_NO,3,NO,LV,0,0,0,0,0,0,,0,0,0,0,,3,0,0,0,0,0.075,0,0,0,0.0,0,0,0,0,0,0,0,,0,0,0,0,0.0
00-0041069,2026_03_CIN_PIT,3,CIN,PIT,0,0,0,0,0,0,,0,0,0,0,,1,1,2,0,1,0.027027027027027,0,0,0,0.0,0,0,0,0,0,0,0,,0,0,0,0,1.2
00-0041072,2026_03_LAC_BUF,3,LAC,BUF,0,0,0,0,0,0,,0,0,0,0,,0,0,0,0,0,0.0,1,2,0,0.5,1,0,0,0,0,0,0,,0,0,0,0,0.0
00-0041074,2026_03_SEA_WAS,3,WAS,SEA,0,0,0,0,0,0,,0,0,0,0,,0,0,0,0,0,0.0,2,3,1,0.0,0,0,0,0,0,0,0,,0,0,0,0,0.0
00-0041076,2026_03_CAR_CLE,3,CAR,CLE,0,0,0,0,0,0,,0,0,0,0,,0,0,0,0,0,0.0,4,1,0,0.0,0,0,0,0,0,0,0,,0,0,0,0,0.0
00-0041078,2026_03_ARI_SF,3,SF,ARI,0,0,0,0,0,0,,0,0,0,0,,0,0,0,0,0,0.0,1,0,0,0.0,0,0,0,0,0,0,0,,0,0,0,0,0.0
00-0041081,2026_03_MIN_TB,3,MIN,TB,0,0,0,0,0,0,,0,0,0,0,,0,0,0,0,0,0.0,1,0,0,0.0,0,0,0,0,0,0,0,,0,0,0,0,0.0
00-0041093,2026_03_ARI_SF,3,ARI,SF,0,0,0,0,0,0,,0,0,0,0,,0,0,0,0,0,0.0,0,1,0,0.0,0,0,0,0,0,0,0,,0,0,0,0,0.0
00-0041094,2026_03_MIN_TB,3,TB,MIN,0,0,0,0,0,0,,0,0,0,0,,0,0,0,0,0,0.0,1,0,0,0.0,0,0,0,0,0,0,0,,0,0,0,0,0.0
00-0041100,2026_03_NE_JAX,3,JAX,NE,0,0,0,0,0,0,,0,0,0,0,,2,1,12,1,4,0.0740740740740741,2,1,0,0.0,0,0,0,0,0,0,0,,0,0,0,0,8.2
00-0041104,2026_03_MIN_TB,3,MIN,TB,0,0,0,0,0,0,,3,1,0,0,-2.1003015995957,0,0,0,0,0,0.0,0,0,0,0.0,0,0,0,0,0,0,0,,0,0,0,0,0.1
00-0041111,2026_03_HOU_IND,3,IND,HOU,0,0,0,0,0,0,,0,0,0,0,,0,0,0,0,0,0.0,1,0,0,0.0,0,0,0,0,0,0,0,,0,0,0,0,0.0
00-0041112,2026_03_ATL_GB,3,ATL,GB,0,0,0,0,0,0,,0,0,0,0,,0,0,0,0,0,0.0,2,2,0,0.0,0,0,0,0,0,0,0,,0,0,1,15,0.0
00-0041115,2026_03_CAR_CLE,3,CLE,CAR,0,0,0,0,0,0,,0,0,0,0,,0,0,0,0,0,0.0,0,0,0,0.0,0,0,0,0,0,0,0,,0,0,1,8,0.0
00-0041119,2026_03_CAR_CLE,3,CAR,CLE,0,0,0,0,0,0,,0,0,0,0,,0,0,0,0,0,0.0,0,1,0,0.0,0,0,0,0,0,0,0,,0,0,0,0,0.0
00-0041125,2026_03_HOU_IND,3,IND,HOU,0,0,0,0,0,0,,4,14,0,0,-0.162318924616557,0,0,0,0,0,0.0,0,0,0,0.0,0,0,0,0,0,0,0,,0,0,0,0,1.4
00-0041126,2026_03_LAC_BUF,3,BUF,LAC,0,0,0,0,0,0,,0,0,0,0,,0,0,0,0,0,0.0,0,0,0,0.0,0,0,0,0,0,0,0,,0,0,0,0,0.0
00-0041131,2026_03_CAR_CLE,3,CLE,CAR,0,0,0,0,0,0,,0,0,0,0,,0,0,0,0,0,0.0,0,0,0,0.0,0,0,0,0,0,0,0,,0,0,1,10,0.0
00-0041143,2026_03_TEN_NYG,3,NYG,TEN,0,0,0,0,0,0,,0,0,0,0,,0,0,0,0,0,0.0,1,0,0,0.0,0,0,0,0,0,0,0,,0,0,0,0,0.0
00-0041145,2026_03_TEN_NYG,3,NYG,TEN,0,0,0,0,0,0,,0,0,0,0,,0,0,0,0,0,0.0,0,0,0,0.0,0,0,0,0,0,4,4,39.0,0,0,0,0,0.0
00-0041148,2026_03_CAR_CLE,3,CAR,CLE,0,0,0,0,0,0,,0,0,0,0,,0,0,0,0,0,0.0,0,1,0,0.0,1,0,0,0,0,0,0,,0,0,0,0,0.0
00-0041182,2026_03_SEA_WAS,3,WAS,SEA,0,0,0,0,0,0,,0,0,0,0,,0,0,0,0,0,0.0,0,0,0,0.0,0,0,0,0,0,2,2,57.0,3,4,1,0,0.0
00-0041218,2026_03_NE_JAX,3,JAX,NE,0,0,0,0,0,0,,0,0,0,0,,0,0,0,0,0,0.0,0,1,0,0.5,1,0,0,0,0,0,0,,0,0,0,0,0.0
00-0041251,2026_03_MIN_TB,3,TB,MIN,0,3,0,0,1,0,-0.456718421221012,1,9,0,0,0.133840939815855,0,0,0,0,0,0.0,0,0,0,0.0,0,0,0,0,0,0,0,,0,0,0,0,-1.1
00-0041267,2026_03_NYJ_DET,3,NYJ,DET,0,0,0,0,0,0,,0,0,0,0,,0,0,0,0,0,0.0,0,0,0,0.0,0,0,0,0,0,0,0,,0,0,1,10,0.0
00-0041292,2026_03_LA_DEN,3,DEN,LA,0,0,0,0,0,0,,0,0,0,0,,0,0,0,0,0,0.0,0,0,0,0.0,0,0,0,0,0,0,0,,0,0,0,0,0.0
00-0041305,2026_03_HOU_IND,3,HOU,IND,0,0,0,0,0,0,,0,0,0,0,,0,0,0,0,0,0.0,2,1,0,0.0,0,0,0,0,0,0,0,,0,0,0,0,0.0
00-0041316,2026_03_NE_JAX,3,NE,JAX,0,0,0,0,0,0,,0,0,0,0,,0,0,0,0,0,0.0,1,0,0,0.0,0,0,0,0,0,0,0,,0,0,0,0,0.0
00-0041326,2026_03_LV_NO,3,NO,LV,0,0,0,0,0,0,,1,5,0,0,0.457697664562147,0,0,0,0,0,0.0,0,0,0,0.0,0,0,0,0,0,0,0,,0,0,0,0,0.5
00-0041354,2026_03_MIN_TB,3,MIN,TB,0,0,0,0,0,0,,0,0,0,0,,0,0,0,0,0,0.0,0,1,0,0.0,0,0,0,0,0,0,0,,0,0,0,0,0.0
00-0041358,2026_03_KC_MIA,3,KC,MIA,0,0,0,0,0,0,,0,0,0,0,,0,0,0,0,0,0.0,0,1,0,0.0,0,0,0,0,0,0,0,,0,0,0,0,0.0
00-0041370,2026_03_ARI_SF,3,ARI,SF,0,0,0,0,0,0,,0,0,0,0,,0,0,0,0,0,0.0,1,1,0,0.0,0,0,0,0,0,0,0,,0,0,0,0,0.0
00-0041381,2026_03_LAC_BUF,3,LAC,BUF,0,0,0,0,0,0,,0,0,0,0,,0,0,0,0,0,0.0,2,0,0,0.0,0,0,0,0,0,0,0,,0,0,1,5,0.0
00-0041391,2026_03_LAC_BUF,3,BUF,LAC,0,0,0,0,0,0,,0,0,0,0,,0,0,0,0,0,0.0,3,3,0,0.0,0,0,1,0,0,0,0,,0,0,0,0,0.0
00-0041393,2026_03_CIN_PIT,3,PIT,CIN,0,0,0,0,0,0,,0,0,0,0,,0,0,0,0,0,0.0,1,0,0,0.0,0,0,1,0,0,0,0,,0,0,0,0,0.0
00-0041397,2026_03_CIN_PIT,3,PIT,CIN,0,0,0,0,0,0,,0,0,0,0,,0,0,0,0,0,0.0,0,0,0,0.0,0,0,0,0,0,0,0,,0,0,0,0,0.0
00-0041401,2026_03_CIN_PIT,3,PIT,CIN,0,0,0,0,0,0,,0,0,0,0,,0,0,0,0,0,0.0,0,1,0,0.0,0,0,0,0,0,0,0,,0,0,1,10,0.0
00-0041404,2026_03_LA_DEN,3,LA,DEN,0,0,0,0,0,0,,0,0,0,0,,0,0,0,0,0,0.0,1,0,0,0.0,0,0,0,0,0,0,0,,0,0,0,0,0.0
00-0041415,2026_03_LA_DEN,3,LA,DEN,0,0,0,0,0,0,,0,0,0,0,,0,0,0,0,0,0.0,0,0,0,0.0,0,0,0,0,0,0,0,,0,0,0,0,0.0
00-0041436,2026_03_KC_MIA,3,MIA,KC,0,0,0,0,0,0,,0,0,0,0,,0,0,0,0,0,0.0,0,0,0,0.0,0,0,0,0,0,0,0,,0,0,1,10,0.0
00-0041438,2026_03_TEN_NYG,3,TEN,NYG,0,0,0,0,0,0,,0,0,0,0,,9,6,58,0,15,0.257142857142857,0,0,0,0.0,0,0,0,0,0,0,0,,0,0,0,0,11.8
00-0041439,2026_03_NYJ_DET,3,DET,NYJ,0,0,0,0,0,0,,0,0,0,0,,0,0,0,0,0,0.0,0,0,0,0.0,0,0,0,0,0,0,0,,0,0,1,5,0.0
00-0041442,2026_03_NYJ_DET,3,DET,NYJ,0,0,0,0,0,0,,0,0,0,0,,0,0,0,0,0,0.0,0,1,0,0.0,0,0,0,0,0,0,0,,0,0,0,0,0.0
00-0041444,2026_03_LAC_BUF,3,BUF,LAC,0,0,0,0,0,0,,0,0,0,0,,0,0,0,0,0,0.0,1,1,0,0.0,0,0,0,0,0,0,0,,0,0,0,0,0.0
00-0041447,2026_03_NYJ_DET,3,DET,NYJ,0,0,0,0,0,0,,0,0,0,0,,0,0,0,0,0,0.0,0,1,0,0.5,1,0,0,0,0,0,0,,0,0,0,0,0.0
00-0041455,2026_03_NE_JAX,3,NE,JAX,0,0,0,0,0,0,,0,0,0,0,,0,0,0,0,0,0.0,1,1,1,0.0,0,0,0,0,0,0,0,,0,0,0,0,0.0
00-0041459,2026_03_NYJ_DET,3,DET,NYJ,0,0,0,0,0,0,,0,0,0,0,,0,0,0,0,0,0.0,1,1,0,0.0,0,0,0,0,0,0,0,,0,0,0,0,0.0
00-0041462,2026_03_TEN_NYG,3,NYG,TEN,0,0,0,0,0,0,,0,0,0,0,,0,0,0,0,0,0.0,3,1,0,0.0,0,0,0,0,0,0,0,,0,0,0,0,0.0
00-0041464,2026_03_CIN_PIT,3,CIN,PIT,0,0,0,0,0,0,,0,0,0,0,,0,0,0,0,0,0.0,5,0,0,0.0,0,0,1,0,0,0,0,,0,0,1,5,0.0
00-0041465,2026_03_HOU_IND,3,HOU,IND,0,0,0,0,0,0,,0,0,0,0,,0,0,0,0,0,0.0,1,0,0,0.0,0,0,0,0,0,0,0,,0,0,0,0,0.0
00-0041466,2026_03_HOU_IND,3,HOU,IND,0,0,0,0,0,0,,0,0,0,0,,0,0,0,0,0,0.0,0,1,0,0.0,0,0,0,0,0,0,0,,0,0,0,0,0.0
00-0041467,2026_03_HOU_IND,3,HOU,IND,0,0,0,0,0,0,,0,0,0,0,,1,0,0,0,0,0.04,0,0,0,0.0,0,0,0,0,0,0,0,,0,0,0,0,0.0
00-0041469,2026_03_ATL_GB,3,ATL,GB,0,0,0,0,0,0,,0,0,0,0,,0,0,0,0,0,0.0,0,1,0,0.0,0,0,0,0,0,0,0,,0,0,0,0,0.0
00-0041470,2026_03_ATL_GB,3,GB,ATL,0,0,0,0,0,0,,0,0,0,0,,0,0,0,0,0,0.0,4,3,0,0.0,0,0,0,0,0,0,0,,0,0,1,5,0.0
00-0041471,2026_03_CAR_CLE,3,CLE,CAR,0,0,0,0,0,0,,0,0,0,0,,0,0,0,0,0,0.0,0,5,0,0.0,0,0,0,0,0,0,0,,0,0,0,0,0.0
00-0041478,2026_03_CAR_CLE,3,CAR,CLE,0,0,0,0,0,0,,0,0,0,0,,0,0,0,0,0,0.0,1,3,0,0.0,0,0,0,0,0,0,0,,0,0,0,0,0.0
00-0041479,2026_03_TEN_NYG,3,TEN,NYG,0,0,0,0,0,0,,0,0,0,0,,0,0,0,0,0,0.0,4,4,0,0.0,0,0,0,0,0,0,0,,0,0,0,0,0.0
00-0041489,2026_03_CIN_PIT,3,PIT,CIN,0,0,0,0,0,0,,0,0,0,0,,1,1,14,0,0,0.032258064516129,0,0,0,0.0,0,0,0,0,0,0,0,,0,0,0,0,2.4
00-0041494,2026_03_BAL_DAL,3,BAL,DAL,0,0,0,0,0,0,,0,0,0,0,,0,0,0,0,0,0.0,1,2,0,0.0,0,0,0,0,0,0,0,,0,0,0,0,0.0
00-0041495,2026_03_MIN_TB,3,MIN,TB,0,0,0,0,0,0,,0,0,0,0,,0,0,0,0,0,0.0,1,1,0,0.0,0,0,0,0,0,0,0,,0,0,0,0,0.0
00-0041501,2026_03_KC_MIA,3,KC,MIA,0,0,0,0,0,0,,0,0,0,0,,0,0,0,0,0,0.0,0,2,0,0.0,0,0,0,0,0,0,0,,0,0,1,5,0.0
00-0041503,2026_03_NE_JAX,3,JAX,NE,0,0,0,0,0,0,,0,0,0,0,,1,0,0,0,0,0.037037037037037,0,0,0,0.0,0,0,0,0,0,0,0,,0,0,1,6,0.0
00-0041508,2026_03_TEN_NYG,3,TEN,NYG,0,0,0,0,0,0,,0,0,0,0,,0,0,0,0,0,0.0,3,0,2,1.0,1,0,0,0,0,0,0,,0,0,0,0,0.0
00-0041509,2026_03_TEN_NYG,3,NYG,TEN,0,0,0,0,0,0,,0,0,0,0,,0,0,0,0,0,0.0,10,3,1,0.0,0,0,1,0,0,0,0,,0,0,0,0,0.0
00-0041512,2026_03_SEA_WAS,3,SEA,WAS,0,0,0,0,0,0,,5,15,0,1,-6.01089065265842,3,1,7,0,5,0.0666666666666667,0,0,0,0.0,0,0,0,0,0,0,0,,0,0,0,0,1.2
00-0041518,2026_03_HOU_IND,3,IND,HOU,0,0,0,0,0,0,,0,0,0,0,,0,0,0,0,0,0.0,0,2,0,0.0,0,0,0,0,0,0,0,,0,0,0,0,0.0
00-0041522,2026_03_KC_MIA,3,MIA,KC,0,0,0,0,0,0,,0,0,0,0,,0,0,0,0,0,0.0,3,2,3,0.0,0,1,1,0,0,0,0,,0,0,0,0,0.0
00-0041524,2026_03_KC_MIA,3,MIA,KC,0,0,0,0,0,0,,0,0,0,0,,0,0,0,0,0,0.0,0,0,0,0.0,0,0,0,0,0,0,0,,0,0,1,10,0.0
00-0041525,2026_03_KC_MIA,3,MIA,KC,0,0,0,0,0,0,,0,0,0,0,,7,4,67,0,34,0.2,0,0,0,0.0,0,0,0,0,0,0,0,,0,0,0,0,10.7
00-0041528,2026_03_KC_MIA,3,MIA,KC,0,0,0,0,0,0,,0,0,0,0,,0,0,0,0,0,0.0,2,5,0,0.0,0,0,0,0,0,0,0,,0,0,1,5,0.0
00-0041529,2026_03_KC_MIA,3,MIA,KC,0,0,0,0,0,0,,0,0,0,0,,4,1,3,0,-1,0.114285714285714,0,0,0,0.0,0,0,0,0,0,0,0,,0,0,0,0,1.3
00-0041533,2026_03_KC_MIA,3,MIA,KC,0,0,0,0,0,0,,0,0,0,0,,0,0,0,0,0,0.0,4,3,1,0.0,0,0,0,0,0,0,0,,0,0,0,0,0.0
00-0041537,2026_03_BAL_DAL,3,DAL,BAL,0,0,0,0,0,0,,0,0,0,0,,0,0,0,0,0,0.0,1,2,0,0.0,0,0,0,0,0,0,0,,0,0,0,0,0.0
00-0041538,2026_03_PHI_CHI,3,CHI,PHI,0,0,0,0,0,0,,0,0,0,0,,0,0,0,0,0,0.0,4,2,0,0.0,0,1,1,0,0,0,0,,0,0,0,0,0.0
00-0041543,2026_03_KC_MIA,3,KC,MIA,0,0,0,0,0,0,,0,0,0,0,,0,0,0,0,0,0.0,7,3,1,0.0,0,0,1,0,0,0,0,,0,0,0,0,0.0
00-0041544,2026_03_LAC_BUF,3,LAC,BUF,0,0,0,0,0,0,,0,0,0,0,,0,0,0,0,0,0.0,2,1,1,1.0,1,0,0,0,0,0,0,,0,0,0,0,0.0
00-0041545,2026_03_KC_MIA,3,KC,MIA,0,0,0,0,0,0,,0,0,0,0,,0,0,0,0,0,0.0,1,2,0,0.0,0,0,0,0,0,0,0,,0,0,0,0,0.0
00-0041546,2026_03_CIN_PIT,3,CIN,PIT,0,0,0,0,0,0,,0,0,0,0,,0,0,0,0,0,0.0,1,1,0,0.0,2,0,0,0,0,0,0,,0,0,0,0,0.0
00-0041547,2026_03_CAR_CLE,3,CLE,CAR,0,0,0,0,0,0,,0,0,0,0,,9,2,9,0,0,0.3,0,0,0,0.0,0,0,0,0,0,0,0,,0,0,0,0,2.9
00-0041549,2026_03_NYJ_DET,3,NYJ,DET,0,0,0,0,0,0,,0,0,0,0,,0,0,0,0,0,0.0,0,1,0,0.0,0,0,0,0,0,0,0,,0,0,0,0,0.0
00-0041557,2026_03_ARI_SF,3,SF,ARI,0,0,0,0,0,0,,0,0,0,0,,0,0,0,0,0,0.0,2,1,1,0.0,0,0,1,0,0,0,0,,0,0,0,0,0.0
00-0041558,2026_03_PHI_CHI,3,CHI,PHI,0,0,0,0,0,0,,0,0,0,0,,1,1,16,0,13,0.0294117647058824,1,0,0,0.0,0,0,0,0,0,0,0,,0,0,0,0,2.6
00-0041569,2026_03_NE_JAX,3,NE,JAX,0,0,0,0,0,0,,0,0,0,0,,0,0,0,0,0,0.0,2,3,0,0.5,2,0,0,0,0,0,0,,0,0,1,5,0.0
,2026_03_ATL_GB,3,ATL,GB,0,0,0,0,0,0,,0,0,0,0,,0,0,0,0,0,0.0,0,0,0,0.0,0,0,0,0,0,0,0,,0,0,25,143,0.0
00-0023459,2026_04_PIT_CLE,4,PIT,CLE,22,40,299,3,2,5,2.42329685487317,0,0,0,0,1.053,0,0,0,0,0,0.0,0,0,0,0.0,0,0,0,0,0,0,0,,0,0,0,0,21.96
00-0026190,2026_04_TEN_BAL,4,BAL,TEN,0,0,0,0,0,0,,0,0,0,0,,0,0,0,0,0,0.0,1,0,0,0.0,0,0,0,0,0,0,0,,0,0,0,0,0.0
00-0026498,2026_04_LA_PHI,4,LA,PHI,32,51,317,0,2,1,1.09658532272849,3,10,0,0,-2.05992315657204,0,0,0,0,0,0.0,0,0,0,0.0,0,0,0,0,0,0,0,,0,0,0,0,9.68
00-0027969,2026_04_PIT_CLE,4,PIT,CLE,0,0,0,0,0,0,,0,0,0,0,,0,0,0,0,0,0.0,3,4,0,0.0,1,0,0,1,0,0,0,,0,0,0,0,0.0
00-0028872,2026_04_MIA_MIN,4,MIN,MIA,0,0,0,0,0,0,,0,0,0,0,,0,0,0,0,0,0.0,0,0,0,0.0,0,0,0,0,0,0,0,,0,0,0,0,0.0
00-0029604,2026_04_KC_LV,4,LV,KC,31,52,365,2,1,0,9.77802896978517,0,0,0,0,,0,0,0,0,0,0.0,0,0,0,0.0,0,0,0,0,0,0,0,,0,0,0,0,22.6
00-0029606,2026_04_MIA_MIN,4,MIN,MIA,0,0,0,0,0,0,,0,0,0,0,,0,0,0,0,0,0.0,0,2,0,0.0,0,0,1,0,0,0,0,,0,0,0,0,0.0
00-0029607,2026_04_NYJ_CHI,4,NYJ,CHI,0,0,0,0,0,0,,0,0,0,0,,0,0,0,0,0,0.0,5,5,1,1.0,1,0,0,0,0,0,0,,0,0,1,5,0.0
00-0029692,2026_04_DAL_HOU,4,DAL,HOU,0,0,0,0,0,0,,0,0,0,0,,0,0,0,0,0,0.0,0,0,0,0.0,0,0,0,0,0,0,0,,0,0,0,0,0.0
00-0029892,2026_04_DEN_SF,4,SF,DEN,0,0,0,0,0,0,,0,0,0,0,,2,2,28,0,11,0.0689655172413793,0,0,0,0.0,0,0,0,0,0,0,0,,0,0,0,0,4.8
00-0030061,2026_04_LA_PHI,4,PHI,LA,0,0,0,0,0,0,,0,0,0,0,,4,2,13,0,3,0.16,0,0,0,0.0,0,0,0,0,0,0,0,,0,0,0,0,3.3
00-0030070,2026_04_TEN_BAL,4,BAL,TEN,0,0,0,0,0,0,,0,0,0,0,,0,0,0,0,0,0.0,1,1,0,0.0,0,0,0,0,0,0,0,,0,0,0,0,0.0
00-0030140,2026_04_IND_WAS,4,WAS,IND,0,0,0,0,0,0,,0,0,0,0,,0,0,0,0,0,0.0,0,0,0,0.0,0,0,0,0,0,0,0,,0,0,0,0,0.0
00-0030294,2026_04_LAC_SEA,4,LAC,SEA,0,0,0,0,0,0,,0,0,0,0,,0,0,0,0,0,0.0,2,1,1,0.0,0,0,0,0,0,0,0,,0,0,0,0,0.0
00-0030506,2026_04_KC_LV,4,KC,LV,0,0,0,0,0,0,,0,0,0,0,,4,2,15,0,13,0.148148148148148,0,0,0,0.0,0,0,0,0,0,0,0,,0,0,0,0,3.5
00-0030565,2026_04_NYJ_CHI,4,NYJ,CHI,8,15,119,1,0,3,-4.85552938449966,0,0,0,0,,0,0,0,0,0,0.0,0,0,0,0.0,0,0,0,0,0,0,0,,0,0,0,0,8.76
00-0031040,2026_04_LAC_SEA,4,LAC,SEA,0,0,0,0,0,0,,0,0,0,0,,0,0,0,0,0,0.0,4,2,2,1.0,1,0,0,0,0,0,0,,0,0,0,0,0.0
00-0031054,2026_04_NE_BUF,4,NE,BUF,0,0,0,0,0,0,,0,0,0,0,,0,0,0,0,0,0.0,0,1,0,0.0,0,0,0,0,0,0,0,,0,0,0,0,0.0
00-0031136,2026_04_PIT_CLE,4,PIT,CLE,0,0,0,0,0,0,,0,0,0,0,,0,0,0,0,0,0.0,0,0,0,0.0,0,0,0,0,0,1,2,31.0,1,1,0,0,0.0
00-0031203,2026_04_NYJ_CHI,4,CHI,NYJ,0,0,0,0,0,0,,0,0,0,0,,0,0,0,0,0,0.0,0,0,0,0.0,0,0,0,0,0,3,3,30.0,2,2,0,0,0.0
00-0031236,2026_04_DEN_SF,4,SF,DEN,0,0,0,0,0,0,,0,0,0,0,,1,0,0,0,0,0.0344827586206897,0,0,0,0.0,0,0,0,0,0,0,0,,0,0,0,0,0.0
00-0031270,2026_04_ARI_NYG,4,NYG,ARI,0,0,0,0,0,0,,0,0,0,0,,0,0,0,0,0,0.0,2,2,1,0.0,0,0,1,0,0,0,0,,0,0,0,0,0.0
00-0031360,2026_04_MIA_MIN,4,MIN,MIA,0,0,0,0,0,0,,0,0,0,0,,0,0,0,0,0,0.0,1,0,2,0.0,0,0,0,0,0,0,0,,0,0,0,0,0.0
00-0031364,2026_04_DAL_HOU,4,HOU,DAL,0,0,0,0,0,0,,0,0,0,0,,0,0,0,0,0,0.0,2,2,1,0.5,2,0,0,0,0,0,0,,0,0,1,5,0.0
00-0031381,2026_04_LA_PHI,4,LA,PHI,0,0,0,0,0,0,,0,0,0,0,,9,4,32,0,1,0.18,0,0,0,0.0,0,0,0,0,0,0,0,,0,0,0,0,7.2
00-0031408,2026_04_DEN_SF,4,SF,DEN,0,0,0,0,0,0,,0,0,0,0,,8,5,76,0,12,0.275862068965517,0,0,0,0.0,0,0,0,0,0,0,0,,0,0,0,0,12.6
00-0031411,2026_04_LAC_SEA,4,SEA,LAC,0,0,0,0,0,0,,0,0,0,0,,0,0,0,0,0,0.0,3,0,2,0.0,0,0,0,0,0,0,0,,0,0,1,15,0.0
00-0031484,2026_04_ARI_NYG,4,NYG,ARI,0,0,0,0,0,0,,0,0,0,0,,0,0,0,0,0,0.0,0,0,0,0.0,0,0,0,0,0,0,0,,0,0,1,10,0.0
00-0031492,2026_04_LAC_SEA,4,SEA,LAC,0,0,0,0,0,0,,0,0,0,0,,0,0,0,0,0,0.0,0,0,0,0.0,0,0,0,0,0,1,1,35.0,3,4,1,0,0.0
00-0031503,2026_04_ARI_NYG,4,NYG,ARI,18,29,250,3,2,4,3.88351085853486,0,0,0,0,,0,0,0,0,0,0.0,1,0,0,0.0,0,0,0,0,0,0,0,,0,0,0,0,18.0
00-0031565,2026_04_DAL_HOU,4,HOU,DAL,0,0,0,0,0,0,,0,0,0,0,,0,0,0,0,0,0.0,0,2,0,0.5,1,0,0,0,0,0,0,,0,0,0,0,0.0
00-0031583,2026_04_NYJ_CHI,4,CHI,NYJ,0,0,0,0,0,0,,0,0,0,0,,0,0,0,0,0,0.0,0,3,0,0.0,0,0,0,0,0,0,0,,0,0,0,0,0.0
00-0031588,2026_04_IND_WAS,4,WAS,IND,0,0,0,0,0,0,,0,0,0,0,,9,5,35,0,5,0.25,0,0,0,0.0,0,0,0,0,0,0,0,,0,0,1,9,8.5
00-0031898,2026_04_DEN_SF,4,DEN,SF,0,0,0,0,0,0,,0,0,0,0,,0,0,0,0,0,0.0,6,7,1,0.0,0,0,0,0,0,0,0,,0,0,0,0,0.0
00-0031933,2026_04_LAC_SEA,4,SEA,LAC,0,0,0,0,0,0,,0,0,0,0,,0,0,0,0,0,0.0,0,0,0,0.0,1,0,0,0,0,0,0,,0,0,0,0,0.0
00-0031957,2026_04_GB_TB,4,TB,GB,0,0,0,0,0,0,,0,0,0,0,,0,0,0,0,0,0.0,1,0,1,0.0,0,0,0,0,0,0,0,,0,0,0,0,0.0
00-0032052,2026_04_LAC_SEA,4,SEA,LAC,0,0,0,0,0,0,,0,0,0,0,,0,0,0,0,0,0.0,1,0,0,0.0,0,0,0,0,0,0,0,,0,0,0,0,0.0
00-0032065,2026_04_MIA_MIN,4,MIA,MIN,0,0,0,0,0,0,,0,0,0,0,,0,0,0,0,0,0.0,0,0,0,0.0,0,0,0,0,0,0,0,,0,0,0,0,0.0
00-0032104,2026_04_JAX_CIN,4,JAX,CIN,0,0,0,0,0,0,,0,0,0,0,,0,0,0,0,0,0.0,0,0,0,0.0,0,0,0,0,0,0,0,,0,0,0,0,0.0
00-0032164,2026_04_JAX_CIN,4,JAX,CIN,0,0,0,0,0,0,,0,0,0,0,,0,0,0,0,0,0.0,2,0,1,1.0,1,0,0,0,0,0,0,,0,0,1,15,0.0
00-0032234,2026_04_GB_TB,4,GB,TB,0,0,0,0,0,0,,0,0,0,0,,0,0,0,0,0,0.0,0,0,0,0.0,0,0,0,0,0,0,0,,0,0,2,20,0.0
00-0032268,2026_04_IND_WAS,4,WAS,IND,3,4,46,0,0,1,0.74814530310285,1,35,0,0,2.43359149061143,0,0,0,0,0,0.0,0,0,0,0.0,0,0,0,0,0,0,0,,0,0,0,0,5.34
00-0032378,2026_04_IND_WAS,4,IND,WAS,0,0,0,0,0,0,,0,0,0,0,,0,0,0,0,0,0.0,2,2,1,0.0,3,0,1,0,0,0,0,,0,0,0,0,0.0
00-0032385,2026_04_NYJ_CHI,4,NYJ,CHI,0,0,0,0,0,0,,0,0,0,0,,1,0,0,0,0,0.0666666666666667,0,0,0,0.0,0,0,0,0,0,0,0,,0,0,0,0,0.0
00-0032387,2026_04_LAC_SEA,4,SEA,LAC,0,0,0,0,0,0,,0,0,0,0,,0,0,0,0,0,0.0,0,0,0,0.0,1,0,0,0,0,0,0,,0,0,0,0,0.0
00-0032399,2026_04_GB_TB,4,TB,GB,0,0,0,0,0,0,,0,0,0,0,,0,0,0,0,0,0.0,0,1,0,0.0,0,0,0,0,0,0,0,,0,0,0,0,0.0
00-0032415,2026_04_DEN_SF,4,SF,DEN,0,0,0,0,0,0,,0,0,0,0,,0,0,0,0,0,0.0,1,0,0,0.0,0,0,0,0,0,0,0,,0,0,0,0,0.0
00-0032424,2026_04_ARI_NYG,4,NYG,ARI,0,0,0,0,0,0,,0,0,0,0,,0,0,0,0,0,0.0,1,1,0,0.0,1,0,0,0,0,0,0,,0,0,0,0,0.0
00-0032464,2026_04_NYJ_CHI,4,CHI,NYJ,0,0,0,0,0,0,,0,0,0,0,,2,2,6,0,6,0.0645161290322581,0,0,0,0.0,0,0,0,0,0,0,0,,0,0,0,0,2.6
00-0032569,2026_04_DEN_SF,4,DEN,SF,0,0,0,0,0,0,,0,0,0,0,,0,0,0,0,0,0.0,0,0,0,0.0,0,0,0,0,0,2,3,52.0,0,0,0,0,0.0
00-0032580,2026_04_LA_PHI,4,PHI,LA,0,0,0,0,0,0,,0,0,0,0,,0,0,0,0,0,0.0,2,1,0,0.0,0,0,1,0,0,0,0,,0,0,1,13,0.0
00-0032726,2026_04_DAL_HOU,4,HOU,DAL,0,0,0,0,0,0,,0,0,0,0,,0,0,0,0,0,0.0,0,0,0,0.0,0,0,0,0,0,3,3,54.0,3,3,0,0,0.0
00-0032759,2026_04_DAL_HOU,4,HOU,DAL,0,0,0,0,0,0,,0,0,0,0,,0,0,0,0,0,0.0,1,1,0,0.0,1,0,0,0,0,0,0,,0,0,0,0,0.0
00-0032762,2026_04_KC_LV,4,KC,LV,0,0,0,0,0,0,,0,0,0,0,,0,0,0,0,0,0.0,1,1,1,0.0,1,0,1,0,0,0,0,,0,0,0,0,0.0
00-0032764,2026_04_TEN_BAL,4,BAL,TEN,0,0,0,0,0,0,,23,73,1,0,-3.29714918925215,2,2,6,0,17,0.0689655172413793,0,0,0,0.0,0,0,0,0,0,0,0,,0,0,0,0,15.9
00-0032889,2026_04_GB_TB,4,TB,GB,0,0,0,0,0,0,,0,0,0,0,,0,0,0,0,0,0.0,0,2,0,0.0,0,0,0,0,0,0,0,,0,0,0,0,0.0
00-0032943,2026_04_GB_TB,4,TB,GB,0,0,0,0,0,0,,0,0,0,0,,0,0,0,0,0,0.0,0,0,0,0.0,0,0,0,0,0,0,0,,0,0,0,0,0.0
00-0032951,2026_04_IND_WAS,4,IND,WAS,0,0,0,0,0,0,,0,0,0,0,,6,5,42,0,18,0.206896551724138,0,0,0,0.0,0,0,0,0,0,0,0,,0,0,0,0,9.2
00-0032954,2026_04_ARI_NYG,4,ARI,NYG,0,0,0,0,0,0,,0,0,0,0,,0,0,0,0,0,0.0,0,0,0,0.0,0,0,0,0,0,0,0,,0,0,1,10,0.0
00-0033038,2026_04_JAX_CIN,4,JAX,CIN,0,0,0,0,0,0,,0,0,0,0,,0,0,0,0,0,0.0,3,1,0,0.0,0,0,0,0,0,0,0,,0,0,0,0,0.0
00-0033055,2026_04_PIT_CLE,4,PIT,CLE,0,0,0,0,0,0,,0,0,0,0,,0,0,0,0,0,0.0,1,0,0,0.0,0,0,0,0,0,0,0,,0,0,0,0,0.0
00-0033066,2026_04_ARI_NYG,4,ARI,NYG,0,0,0,0,0,0,,0,0,0,0,,0,0,0,0,0,0.0,2,0,0,0.0,0,0,0,0,0,0,0,,0,0,0,0,0.0
00-0033077,2026_04_DAL_HOU,4,DAL,HOU,32,45,335,1,0,3,9.82973987016217,2,7,0,0,-1.2669378410792,0,0,0,0,0,0.0,0,0,0,0.0,0,0,0,0,0,0,0,,0,0,1,14,18.1
00-0033090,2026_04_NE_BUF,4,NE,BUF,0,0,0,0,0,0,,0,0,0,0,,5,5,62,0,27,0.138888888888889,0,0,0,0.0,0,0,0,0,0,0,0,,0,0,0,0,11.2
00-0033109,2026_04_GB_TB,4,GB,TB,0,0,0,0,0,0,,0,0,0,0,,0,0,0,0,0,0.0,0,1,0,0.0,1,0,0,0,0,0,0,,0,0,0,0,0.0
00-0033110,2026_04_LA_PHI,4,LA,PHI,0,0,0,0,0,0,,0,0,0,0,,6,5,67,0,11,0.12,0,0,0,0.0,0,0,0,0,0,0,0,,0,0,0,0,11.7
00-0033119,2026_04_ARI_NYG,4,ARI,NYG,21,35,166,2,3,2,-18.162342578607,4,18,0,0,1.25273125746753,0,0,0,0,0,0.0,0,0,0,0.0,0,0,0,0,0,0,0,,0,0,0,0,10.44
00-0033120,2026_04_DAL_HOU,4,DAL,HOU,0,0,0,0,0,0,,0,0,0,0,,0,0,0,0,0,0.0,1,3,0,0.0,1,0,0,0,0,0,0,,0,0,0,0,0.0
00-0033131,2026_04_PIT_CLE,4,CLE,PIT,0,0,0,0,0,0,,0,0,0,0,,0,0,0,0,0,0.0,1,2,2,1.0,1,0,0,0,0,0,0,,0,0,1,15,0.0
00-0033132,2026_04_NE_BUF,4,NE,BUF,0,0,0,0,0,0,,0,0,0,0,,0,0,0,0,0,0.0,2,0,0,0.0,0,0,1,0,0,0,0,,0,0,1,5,0.0
00-0033246,2026_04_LA_PHI,4,PHI,LA,0,0,0,0,0,0,,0,0,0,0,,0,0,0,0,0,0.0,0,0,0,0.0,0,0,0,0,0,0,0,,0,0,1,10,0.0
00-0033269,2026_04_IND_WAS,4,IND,WAS,0,0,0,0,0,0,,0,0,0,0,,0,0,0,0,0,0.0,0,0,0,0.0,0,0,0,0,0,0,0,,0,0,0,0,0.0
00-0033280,2026_04_DEN_SF,4,SF,DEN,0,0,0,0,0,0,,15,52,1,0,-2.56527070730226,5,3,18,0,6,0.172413793103448,0,0,0,0.0,0,0,0,0,0,0,0,,0,0,0,0,16.0
00-0033281,2026_04_TEN_BAL,4,BAL,TEN,0,0,0,0,0,0,,0,0,0,0,,0,0,0,0,0,0.0,1,1,0,0.0,0,0,0,0,0,0,0,,0,0,0,0,0.0
00-0033288,2026_04_DEN_SF,4,SF,DEN,0,0,0,0,0,0,,0,0,0,0,,6,4,70,1,65,0.206896551724138,0,0,0,0.0,0,0,0,0,0,0,0,,0,0,0,0,17.0
00-0033290,2026_04_ARI_NYG,4,NYG,ARI,0,0,0,0,0,0,,0,0,0,0,,0,0,0,0,0,0.0,0,0,0,0.0,0,0,0,0,0,0,0,,0,0,1,5,0.0
00-0033293,2026_04_MIA_MIN,4,MIN,MIA,0,0,0,0,0,0,,20,94,0,0,-0.92709306452889,8,4,34,0,30,0.242424242424242,0,0,0,0.0,0,0,0,0,0,0,0,,0,0,0,0,16.8
00-0033297,2026_04_DEN_SF,4,DEN,SF,0,0,0,0,0,0,,0,0,0,0,,0,0,0,0,0,0.0,2,1,0,0.0,1,0,1,0,0,0,0,,0,0,0,0,0.0
00-0033303,2026_04_KC_LV,4,KC,LV,0,0,0,0,0,0,,0,0,0,0,,0,0,0,0,0,0.0,0,0,0,0.0,0,0,0,0,0,1,1,28.0,3,3,0,0,0.0
00-0033336,2026_04_MIA_MIN,4,MIN,MIA,0,0,0,0,0,0,,0,0,0,0,,0,0,0,0,0,0.0,0,4,0,0.0,0,0,0,0,0,0,0,,0,0,0,0,0.0
00-0033376,2026_04_ARI_NYG,4,NYG,ARI,0,0,0,0,0,0,,0,0,0,0,,2,1,1,0,0,0.0689655172413793,0,0,0,0.0,0,0,0,0,0,0,0,,0,0,0,0,1.1
00-0033381,2026_04_KC_LV,4,LV,KC,0,0,0,0,0,0,,0,0,0,0,,0,0,0,0,0,0.0,0,3,1,0.5,1,0,0,0,0,0,0,,0,0,0,0,0.0
00-0033523,2026_04_JAX_CIN,4,CIN,JAX,0,0,0,0,0,0,,0,0,0,0,,0,0,0,0,0,0.0,1,2,0,0.0,2,0,0,0,0,0,0,,0,0,0,0,0.0
00-0033526,2026_04_JAX_CIN,4,CIN,JAX,0,0,0,0,0,0,,3,7,0,0,-2.08580734417774,1,0,0,0,0,0.0188679245283019,0,0,0,0.0,0,0,0,0,0,0,0,,0,0,0,0,0.7
00-0033537,2026_04_PIT_CLE,4,CLE,PIT,24,33,268,1,1,2,9.18304566547597,7,22,0,1,-3.8033482081356,0,0,0,0,0,0.0,0,0,0,0.0,0,0,0,0,0,0,0,,0,0,0,0,12.92
00-0033538,2026_04_DEN_SF,4,DEN,SF,0,0,0,0,0,0,,0,0,0,0,,0,0,0,0,0,0.0,0,0,0,0.0,0,0,0,0,0,0,0,,0,0,2,9,0.0
00-0033548,2026_04_TEN_BAL,4,BAL,TEN,0,0,0,0,0,0,,0,0,0,0,,0,0,0,0,0,0.0,4,2,0,0.0,0,0,1,0,0,0,0,,0,0,1,39,0.0
00-0033551,2026_04_IND_WAS,4,WAS,IND,0,0,0,0,0,0,,0,0,0,0,,0,0,0,0,0,0.0,5,1,0,0.0,0,1,1,0,0,0,0,,0,0,0,0,0.0
00-0033555,2026_04_NE_BUF,4,NE,BUF,0,0,0,0,0,0,,0,0,0,0,,4,3,53,0,4,0.111111111111111,0,0,0,0.0,0,0,0,0,0,0,0,,0,0,0,0,8.3
00-0033576,2026_04_LAC_SEA,4,SEA,LAC,0,0,0,0,0,0,,0,0,0,0,,0,0,0,0,0,0.0,1,0,0,0.0,0,0,0,0,0,0,0,,0,0,0,0,0.0
00-0033579,2026_04_NYJ_CHI,4,CHI,NYJ,0,0,0,0,0,0,,0,0,0,0,,0,0,0,0,0,0.0,1,2,0,0.0,0,0,0,0,0,0,0,,0,0,0,0,0.0
00-0033699,2026_04_IND_WAS,4,WAS,IND,0,0,0,0,0,0,,4,29,0,0,1.69162221823353,2,1,11,0,11,0.0555555555555556,0,0,0,0.0,0,0,0,0,0,0,0,,0,0,0,0,5.0
00-0033729,2026_04_PIT_CLE,4,PIT,CLE,0,0,0,0,0,0,,0,0,0,0,,0,0,0,0,0,0.0,0,0,0,0.0,0,0,0,0,0,0,0,,0,0,0,0,0.0
00-0033787,2026_04_LA_PHI,4,PHI,LA,0,0,0,0,0,0,,0,0,0,0,,0,0,0,0,0,0.0,0,0,0,0.0,0,0,0,0,0,2,2,56.0,2,2,0,0,0.0
00-0033858,2026_04_GB_TB,4,GB,TB,0,0,0,0,0,0,,0,0,0,0,,1,1,19,0,6,0.0333333333333333,0,0,0,0.0,0,0,0,0,0,0,0,,0,0,0,0,2.9
00-0033870,2026_04_TEN_BAL,4,TEN,BAL,0,0,0,0,0,0,,0,0,0,0,,0,0,0,0,0,0.0,0,3,0,0.0,0,0,0,0,0,0,0,,0,0,0,0,0.0
00-0033873,2026_04_KC_LV,4,KC,LV,15,30,225,2,0,2,1.73868243938772,2,0,0,0,0.475441502174363,0,0,0,0,0,0.0,0,0,0,0.0,0,0,0,0,0,0,0,,0,0,0,0,17.0
00-0033876,2026_04_PIT_CLE,4,CLE,PIT,0,0,0,0,0,0,,0,0,0,0,,0,0,0,0,0,0.0,0,0,0,0.0,1,0,0,0,0,0,0,,0,0,0,0,0.0
00-0033877,2026_04_DAL_HOU,4,DAL,HOU,0,0,0,0,0,0,,0,0,0,0,,0,0,0,0,0,0.0,5,2,0,0.0,0,0,2,0,0,0,0,,0,0,0,0,0.0
00-0033881,2026_04_DEN_SF,4,DEN,SF,0,0,0,0,0,0,,0,0,0,0,,5,1,6,0,0,0.131578947368421,0,0,0,0.0,0,0,0,0,0,0,0,,0,0,0,0,1.6
00-0033886,2026_04_PIT_CLE,4,PIT,CLE,0,0,0,0,0,0,,0,0,0,0,,0,0,0,0,0,0.0,4,0,2,1.0,2,0,1,1,0,0,0,,0,0,1,5,0.0
00-0033890,2026_04_ARI_NYG,4,ARI,NYG,0,0,0,0,0,0,,0,0,0,0,,0,0,0,0,0,0.0,2,3,0,0.0,0,1,2,0,0,0,0,,0,0,0,0,0.0
00-0033904,2026_04_NE_BUF,4,BUF,NE,0,0,0,0,0,0,,0,0,0,0,,0,0,0,0,0,0.0,0,0,0,0.0,0,0,0,0,0,0,0,,0,0,1,10,0.0
00-0033908,2026_04_LAC_SEA,4,SEA,LAC,0,0,0,0,0,0,,0,0,0,0,,2,1,13,0,5,0.1,0,0,0,0.0,0,0,0,0,0,0,0,,0,0,0,0,2.3
00-0033914,2026_04_GB_TB,4,TB,GB,0,0,0,0,0,0,,0,0,0,0,,0,0,0,0,0,0.0,2,0,0,0.0,0,0,0,0,0,0,0,,0,0,1,5,0.0
00-0033918,2026_04_IND_WAS,4,WAS,IND,0,0,0,0,0,0,,0,0,0,0,,0,0,0,0,0,0.0,1,0,0,0.0,0,0,0,0,0,0,0,,0,0,0,0,0.0
00-0033921,2026_04_GB_TB,4,TB,GB,0,0,0,0,0,0,,0,0,0,0,,7,6,31,0,29,0.269230769230769,0,0,0,0.0,0,0,0,0,0,0,0,,0,0,0,0,9.1
00-0033928,2026_04_JAX_CIN,4,JAX,CIN,0,0,0,0,0,0,,0,0,0,0,,0,0,0,0,0,0.0,3,2,0,0.0,0,1,1,0,0,0,0,,0,0,0,0,0.0
00-0033952,2026_04_IND_WAS,4,IND,WAS,0,0,0,0,0,0,,0,0,0,0,,0,0,0,0,0,0.0,0,4,2,0.0,0,0,0,0,0,0,0,,0,0,0,0,0.0
00-0033964,2026_04_GB_TB,4,TB,GB,0,0,0,0,0,0,,0,0,0,0,,0,0,0,0,0,0.0,0,1,0,0.0,0,0,0,0,0,0,0,,0,0,0,0,0.0
00-0034112,2026_04_TEN_BAL,4,TEN,BAL,0,0,0,0,0,0,,0,0,0,0,,0,0,0,0,0,0.0,1,0,0,0.0,0,0,0,0,0,0,0,,0,0,0,0,0.0
00-0034158,2026_04_MIA_MIN,4,MIN,MIA,0,0,0,0,0,0,,0,0,0,0,,0,0,0,0,0,0.0,0,0,0,0.0,0,0,0,0,0,0,0,,0,0,1,5,0.0
00-0034160,2026_04_LAC_SEA,4,SEA,LAC,0,0,0,0,0,0,,0,0,0,0,,0,0,0,0,0,0.0,0,0,0,0.0,0,0,0,0,0,0,0,,0,0,0,0,0.0
00-0034162,2026_04_LAC_SEA,4,LAC,SEA,0,0,0,0,0,0,,0,0,0,0,,0,0,0,0,0,0.0,0,0,0,0.0,0,0,0,0,0,0,0,,0,0,0,0,0.0
00-0034163,2026_04_TEN_BAL,4,TEN,BAL,0,0,0,0,0,0,,0,0,0,0,,0,0,0,0,0,0.0,1,1,0,0.5,2,0,0,0,0,0,0,,0,0,0,0,0.0
00-0034173,2026_04_DEN_SF,4,SF,DEN,0,0,0,0,0,0,,0,0,0,0,,0,0,0,0,0,0.0,0,0,0,0.0,0,0,0,0,0,1,2,24.0,3,3,0,0,0.0
00-0034234,2026_04_LA_PHI,4,LA,PHI,0,0,0,0,0,0,,0,0,0,0,,0,0,0,0,0,0.0,1,0,1,0.0,1,0,0,0,0,0,0,,0,0,0,0,0.0
00-0034272,2026_04_LAC_SEA,4,LAC,SEA,0,0,0,0,0,0,,0,0,0,0,,1,0,0,0,0,0.032258064516129,0,0,0,0.0,0,0,0,0,0,0,0,,0,0,0,0,0.0
00-0034275,2026_04_KC_LV,4,LV,KC,0,0,0,0,0,0,,0,0,0,0,,0,0,0,0,0,0.0,1,2,0,0.0,0,0,0,0,0,0,0,,0,0,1,5,0.0
00-0034278,2026_04_DAL_HOU,4,HOU,DAL,0,0,0,0,0,0,,0,0,0,0,,0,0,0,0,0,0.0,0,0,0,0.0,0,0,0,0,0,0,0,,0,0,0,0,0.0
00-0034285,2026_04_MIA_MIN,4,MIA,MIN,0,0,0,0,0,0,,0,0,0,0,,0,0,0,0,0,0.0,3,0,2,2.0,2,0,0,0,0,0,0,,0,0,0,0,0.0
00-0034302,2026_04_IND_WAS,4,WAS,IND,0,0,0,0,0,0,,0,0,0,0,,0,0,0,0,0,0.0,1,4,1,0.0,0,0,0,0,0,0,0,,0,0,0,0,0.0
00-0034320,2026_04_NYJ_CHI,4,CHI,NYJ,0,0,0,0,0,0,,0,0,0,0,,0,0,0,0,0,0.0,0,1,0,0.0,0,0,0,0,0,0,0,,0,0,0,0,0.0
00-0034333,2026_04_IND_WAS,4,WAS,IND,0,0,0,0,0,0,,0,0,0,0,,0,0,0,0,0,0.0,3,1,0,0.0,2,0,0,0,0,0,0,,0,0,0,0,0.0
00-0034344,2026_04_NYJ_CHI,4,CHI,NYJ,0,0,0,0,0,0,,0,0,0,0,,0,0,0,0,0,0.0,0,1,0,0.0,0,0,0,0,0,0,0,,0,0,0,0,0.0
00-0034348,2026_04_DEN_SF,4,DEN,SF,0,0,0,0,0,0,,0,0,0,0,,6,1,4,0,0,0.157894736842105,0,0,0,0.0,0,0,0,0,0,0,0,,0,0,0,0,1.4
00-0034350,2026_04_LAC_SEA,4,SEA,LAC,0,0,0,0,0,0,,0,0,0,0,,0,0,0,0,0,0.0,2,1,1,1.0,3,0,0,1,0,0,0,,0,0,1,5,0.0
00-0034356,2026_04_LAC_SEA,4,LAC,SEA,0,0,0,0,0,0,,0,0,0,0,,0,0,0,0,0,0.0,1,0,0,0.0,0,0,0,0,0,0,0,,0,0,0,0,0.0
00-0034365,2026_04_KC_LV,4,LV,KC,0,0,0,0,0,0,,0,0,0,0,,2,2,32,1,7,0.0416666666666667,0,0,0,0.0,0,0,0,0,0,0,0,,0,0,0,0,11.2
00-0034373,2026_04_IND_WAS,4,WAS,IND,0,0,0,0,0,0,,0,0,0,0,,0,0,0,0,0,0.0,0,0,0,0.0,1,0,0,0,0,0,0,,0,0,0,0,0.0
00-0034376,2026_04_KC_LV,4,LV,KC,0,0,0,0,0,0,,0,0,0,0,,0,0,0,0,0,0.0,1,1,0,0.0,0,0,1,0,0,0,0,,0,0,0,0,0.0
00-0034381,2026_04_ARI_NYG,4,ARI,NYG,0,0,0,0,0,0,,0,0,0,0,,0,0,0,0,0,0.0,3,1,1,1.0,2,0,0,0,0,0,0,,0,0,1,5,0.0
00-0034383,2026_04_DAL_HOU,4,HOU,DAL,0,0,0,0,0,0,,0,0,0,0,,2,2,9,0,5,0.0769230769230769,0,0,0,0.0,0,0,0,0,0,0,0,,0,0,0,0,2.9
00-0034391,2026_04_DEN_SF,4,SF,DEN,0,0,0,0,0,0,,0,0,0,0,,0,0,0,0,0,0.0,1,0,0,0.0,0,0,0,1,0,0,0,,0,0,0,0,0.0
00-0034397,2026_04_IND_WAS,4,WAS,IND,0,0,0,0,0,0,,0,0,0,0,,0,0,0,0,0,0.0,0,2,0,0.5,1,0,0,0,0,0,0,,0,0,0,0,0.0
00-0034413,2026_04_JAX_CIN,4,JAX,CIN,0,0,0,0,0,0,,0,0,0,0,,0,0,0,0,0,0.0,6,1,0,0.0,1,1,1,1,0,0,0,,0,0,0,0,0.0
00-0034419,2026_04_ARI_NYG,4,NYG,ARI,0,0,0,0,0,0,,0,0,0,0,,1,0,0,0,0,0.0344827586206897,0,0,0,0.0,0,0,0,0,0,0,0,,0,0,0,0,0.0
00-0034431,2026_04_GB_TB,4,GB,TB,0,0,0,0,0,0,,0,0,0,0,,0,0,0,0,0,0.0,3,5,0,0.0,0,0,0,0,0,0,0,,0,0,0,0,0.0
00-0034437,2026_04_JAX_CIN,4,JAX,CIN,0,0,0,0,0,0,,0,0,0,0,,0,0,0,0,0,0.0,0,0,0,0.0,0,0,0,0,0,0,0,,0,0,0,0,0.0
00-0034465,2026_04_IND_WAS,4,WAS,IND,0,0,0,0,0,0,,0,0,0,0,,0,0,0,0,0,0.0,4,4,0,0.0,0,0,0,0,0,0,0,,0,0,0,0,0.0
00-0034473,2026_04_JAX_CIN,4,JAX,CIN,0,0,0,0,0,0,,0,0,0,0,,0,0,0,0,0,0.0,1,0,0,0.0,1,0,0,0,0,0,0,,0,0,0,0,0.0
00-0034485,2026_04_IND_WAS,4,IND,WAS,0,0,0,0,0,0,,0,0,0,0,,0,0,0,0,0,0.0,1,0,0,0.0,0,0,0,0,0,0,0,,0,0,0,0,0.0
00-0034573,2026_04_IND_WAS,4,IND,WAS,0,0,0,0,0,0,,0,0,0,0,,0,0,0,0,0,0.0,1,0,0,0.0,0,0,3,0,0,0,0,,0,0,0,0,0.0
00-0034613,2026_04_JAX_CIN,4,CIN,JAX,0,0,0,0,0,0,,0,0,0,0,,1,1,2,0,0,0.0188679245283019,0,1,0,0.0,0,0,0,0,0,0,0,,0,0,0,0,1.2
00-0034673,2026_04_ARI_NYG,4,NYG,ARI,0,0,0,0,0,0,,0,0,0,0,,0,0,0,0,0,0.0,8,1,2,1.0,1,0,0,0,0,0,0,,0,0,0,0,0.0
00-0034720,2026_04_NE_BUF,4,NE,BUF,0,0,0,0,0,0,,0,0,0,0,,0,0,0,0,0,0.0,5,3,0,0.0,0,0,0,1,0,0,0,,0,0,0,0,0.0
00-0034721,2026_04_PIT_CLE,4,CLE,PIT,0,0,0,0,0,0,,0,0,0,0,,0,0,0,0,0,0.0,0,0,0,0.0,0,0,0,0,0,0,0,,0,0,0,0,0.0
00-0034752,2026_04_JAX_CIN,4,CIN,JAX,0,0,0,0,0,0,,0,0,0,0,,0,0,0,0,0,0.0,0,0,0,0.0,0,0,0,0,0,0,0,,0,0,1,10,0.0
00-0034753,2026_04_TEN_BAL,4,BAL,TEN,0,0,0,0,0,0,,0,0,0,0,,6,5,27,1,1,0.206896551724138,0,0,0,0.0,0,0,0,0,0,0,0,,0,0,1,5,13.7
00-0034754,2026_04_JAX_CIN,4,CIN,JAX,0,0,0,0,0,0,,0,0,0,0,,0,0,0,0,0,0.0,2,1,0,0.0,0,0,0,0,0,0,0,,0,0,0,0,0.0
00-0034773,2026_04_GB_TB,4,TB,GB,0,0,0,0,0,0,,0,0,0,0,,0,0,0,0,0,0.0,0,2,0,0.0,1,0,0,0,0,0,0,,0,0,0,0,0.0
00-0034778,2026_04_NE_BUF,4,NE,BUF,0,0,0,0,0,0,,0,0,0,0,,0,0,0,0,0,0.0,4,1,0,0.0,0,0,0,0,0,0,0,,0,0,0,0,0.0
00-0034782,2026_04_NYJ_CHI,4,NYJ,CHI,0,0,0,0,0,0,,0,0,0,0,,0,0,0,0,0,0.0,2,5,0,0.0,1,0,0,0,0,0,0,,0,0,1,5,0.0
00-0034789,2026_04_NYJ_CHI,4,NYJ,CHI,0,0,0,0,0,0,,0,0,0,0,,0,0,0,0,0,0.0,8,8,0,0.0,0,1,1,0,0,0,0,,0,0,0,0,0.0
00-0034794,2026_04_NYJ_CHI,4,NYJ,CHI,0,0,0,0,0,0,,0,0,0,0,,0,0,0,0,0,0.0,0,0,0,0.0,0,0,0,0,0,2,2,36.0,0,1,0,0,0.0
00-0034796,2026_04_TEN_BAL,4,BAL,TEN,15,20,222,2,0,2,11.7523878481031,2,20,0,0,-0.0712554345373064,0,0,0,0,0,0.0,0,0,0,0.0,0,0,0,0,0,0,0,,0,0,0,0,18.88
00-0034798,2026_04_TEN_BAL,4,BAL,TEN,0,0,0,0,0,0,,0,0,0,0,,0,0,0,0,0,0.0,1,0,0,0.0,0,0,0,0,0,0,0,,0,0,0,0,0.0
00-0034805,2026_04_TEN_BAL,4,TEN,BAL,0,0,0,0,0,0,,0,0,0,0,,0,0,0,0,0,0.0,1,2,1,0.0,0,0,0,0,0,0,0,,0,0,0,0,0.0
00-0034807,2026_04_DEN_SF,4,SF,DEN,0,0,0,0,0,0,,0,0,0,0,,0,0,0,0,0,0.0,1,0,0,0.0,0,0,0,0,0,0,0,,0,0,0,0,0.0
00-0034810,2026_04_PIT_CLE,4,PIT,CLE,0,0,0,0,0,0,,0,0,0,0,,0,0,0,0,0,0.0,0,2,0,0.0,0,0,0,0,0,0,0,,0,0,0,0,0.0
00-0034815,2026_04_DEN_SF,4,SF,DEN,0,0,0,0,0,0,,0,0,0,0,,0,0,0,0,0,0.0,3,4,0,0.0,0,0,2,0,0,0,0,,0,0,0,0,0.0
00-0034825,2026_04_IND_WAS,4,IND,WAS,0,0,0,0,0,0,,0,0,0,0,,0,0,0,0,0,0.0,0,2,0,0.0,0,0,0,0,0,0,0,,0,0,0,0,0.0
00-0034827,2026_04_NE_BUF,4,BUF,NE,0,0,0,0,0,0,,1,6,0,0,-0.557344620348886,2,1,11,0,0,0.0666666666666667,0,0,0,0.0,0,0,0,0,0,0,0,,0,0,0,0,2.7
00-0034829,2026_04_JAX_CIN,4,CIN,JAX,0,0,0,0,0,0,,0,0,0,0,,5,3,40,1,2,0.0943396226415094,0,0,0,0.0,0,0,0,0,0,0,0,,0,0,0,0,13.0
00-0034832,2026_04_NE_BUF,4,BUF,NE,0,0,0,0,0,0,,0,0,0,0,,0,0,0,0,0,0.0,2,2,1,0.0,1,0,0,0,0,0,0,,0,0,0,0,0.0
00-0034837,2026_04_TEN_BAL,4,TEN,BAL,0,0,0,0,0,0,,0,0,0,0,,2,1,13,0,9,0.0714285714285714,0,0,0,0.0,0,0,0,0,0,0,0,,0,0,0,0,2.3
00-0034844,2026_04_LA_PHI,4,PHI,LA,0,0,0,0,0,0,,2,8,0,0,-0.17641307937447,1,1,2,0,1,0.04,0,0,0,0.0,0,0,0,0,0,0,0,,0,0,0,0,2.0
00-0034847,2026_04_DEN_SF,4,DEN,SF,0,0,0,0,0,0,,0,0,0,0,,0,0,0,0,0,0.0,0,0,0,0.0,0,0,0,0,0,0,0,,0,0,1,10,0.0
00-0034856,2026_04_PIT_CLE,4,CLE,PIT,0,0,0,0,0,0,,0,0,0,0,,0,0,0,0,0,0.0,3,1,0,0.0,1,1,1,0,0,0,0,,0,0,1,5,0.0
00-0034857,2026_04_NE_BUF,4,BUF,NE,23,33,253,1,1,1,4.77851638374369,5,4,1,0,-0.0838947018492036,0,0,0,0,0,0.0,0,0,0,0.0,0,0,0,0,0,0,0,,0,0,0,0,18.52
00-0034869,2026_04_LAC_SEA,4,SEA,LAC,13,22,168,2,1,3,-5.17506614249006,3,6,0,0,-2.85657704406185,0,0,0,0,0,0.0,0,0,0,0.0,0,0,0,0,0,0,0,,0,0,1,10,13.32
00-0034874,2026_04_TEN_BAL,4,BAL,TEN,0,0,0,0,0,0,,0,0,0,0,,0,0,0,0,0,0.0,1,5,0,0.0,0,0,0,0,0,0,0,,0,0,0,0,0.0
00-0034941,2026_04_NE_BUF,4,NE,BUF,0,0,0,0,0,0,,0,0,0,0,,0,0,0,0,0,0.0,0,0,0,0.0,0,0,0,0,0,0,0,,0,0,0,0,0.0
00-0034959,2026_04_NYJ_CHI,4,NYJ,CHI,0,0,0,0,0,0,,0,0,0,0,,0,0,0,0,0,0.0,0,1,0,0.0,0,0,0,0,0,0,0,,0,0,0,0,0.0
00-0034960,2026_04_JAX_CIN,4,JAX,CIN,0,0,0,0,0,0,,0,0,0,0,,4,3,33,0,8,0.173913043478261,0,0,0,0.0,0,0,0,0,0,0,0,,0,0,0,0,6.3
00-0034967,2026_04_DAL_HOU,4,DAL,HOU,0,0,0,0,0,0,,0,0,0,0,,0,0,0,0,0,0.0,2,0,1,1.0,2,0,0,0,0,0,0,,0,0,0,0,0.0
00-0034973,2026_04_KC_LV,4,LV,KC,0,0,0,0,0,0,,0,0,0,0,,0,0,0,0,0,0.0,0,3,0,0.5,5,0,0,0,0,0,0,,0,0,0,0,0.0
00-0034974,2026_04_LAC_SEA,4,SEA,LAC,0,0,0,0,0,0,,0,0,0,0,,0,0,0,0,0,0.0,3,2,0,0.0,0,0,1,0,0,0,0,,0,0,0,0,0.0
00-0034975,2026_04_TEN_BAL,4,BAL,TEN,0,0,0,0,0,0,,1,3,0,0,-0.212069733301178,3,2,22,0,33,0.103448275862069,0,0,0,0.0,0,0,0,0,0,0,0,,0,0,0,0,4.5
00-0034981,2026_04_DAL_HOU,4,HOU,DAL,0,0,0,0,0,0,,0,0,0,0,,1,1,1,0,5,0.0384615384615385,1,0,0,0.0,0,0,0,0,0,0,0,,0,0,0,0,1.1
00-0034982,2026_04_DEN_SF,4,SF,DEN,0,0,0,0,0,0,,0,0,0,0,,0,0,0,0,0,0.0,7,5,0,0.0,0,0,0,1,0,0,0,,0,0,0,0,0.0
00-0035021,2026_04_IND_WAS,4,IND,WAS,0,0,0,0,0,0,,0,0,0,0,,6,3,29,0,12,0.206896551724138,1,0,0,0.0,0,0,0,0,0,0,0,,0,0,0,0,5.9
00-0035133,2026_04_GB_TB,4,GB,TB,0,0,0,0,0,0,,0,0,0,0,,0,0,0,0,0,0.0,4,3,1,0.0,0,0,2,0,0,0,0,,0,0,1,4,0.0
00-0035144,2026_04_ARI_NYG,4,ARI,NYG,0,0,0,0,0,0,,0,0,0,0,,0,0,0,0,0,0.0,4,3,1,0.0,0,0,0,1,0,0,0,,0,0,0,0,0.0
00-0035190,2026_04_KC_LV,4,LV,KC,0,0,0,0,0,0,,0,0,0,0,,0,0,0,0,0,0.0,0,0,0,0.0,0,0,0,0,0,0,0,,0,0,0,0,0.0
00-0035192,2026_04_TEN_BAL,4,TEN,BAL,0,0,0,0,0,0,,0,0,0,0,,0,0,0,0,0,0.0,0,0,0,0.0,0,0,0,0,0,1,1,33.0,1,1,0,0,0.0
00-0035202,2026_04_LAC_SEA,4,LAC,SEA,0,0,0,0,0,0,,0,0,0,0,,0,0,0,0,0,0.0,2,3,0,0.0,0,0,0,0,0,0,0,,0,0,1,5,0.0
00-0035228,2026_04_MIA_MIN,4,MIN,MIA,27,37,247,0,0,4,-0.664391491911737,6,16,0,0,-5.64766880280403,0,0,0,0,0,0.0,0,0,0,0.0,0,0,0,0,0,0,0,,0,0,0,0,11.48
00-0035229,2026_04_MIA_MIN,4,MIN,MIA,0,0,0,0,0,0,,0,0,0,0,,13,13,119,0,36,0.393939393939394,0,0,0,0.0,0,0,0,0,0,0,0,,0,0,0,0,24.9
00-0035230,2026_04_NE_BUF,4,BUF,NE,0,0,0,0,0,0,,0,0,0,0,,0,0,0,0,0,0.0,0,3,0,0.5,0,0,0,0,0,0,0,,0,0,0,0,0.0
00-0035236,2026_04_MIA_MIN,4,MIN,MIA,0,0,0,0,0,0,,0,0,0,0,,0,0,0,0,0,0.0,1,1,0,0.0,0,0,0,0,0,0,0,,0,0,0,0,0.0
00-0035248,2026_04_DEN_SF,4,DEN,SF,0,0,0,0,0,0,,0,0,0,0,,0,0,0,0,0,0.0,2,3,0,0.0,3,0,0,0,0,0,0,,0,0,1,5,0.0
00-0035253,2026_04_NE_BUF,4,BUF,NE,0,0,0,0,0,0,,0,0,0,0,,0,0,0,0,0,0.0,2,2,0,0.0,0,0,0,0,0,0,0,,0,0,0,0,0.0
00-0035254,2026_04_GB_TB,4,TB,GB,0,0,0,0,0,0,,0,0,0,0,,0,0,0,0,0,0.0,1,0,0,0.0,0,0,0,0,0,0,0,,0,0,0,0,0.0
00-0035261,2026_04_TEN_BAL,4,TEN,BAL,0,0,0,0,0,0,,16,48,1,0,-1.95960735308472,4,2,2,0,11,0.142857142857143,0,0,0,0.0,0,0,0,0,0,0,0,,0,0,0,0,13.0
00-0035262,2026_04_KC_LV,4,KC,LV,0,0,0,0,0,0,,0,0,0,0,,0,0,0,0,0,0.0,5,2,2,0.0,1,0,1,0,0,0,0,,0,0,0,0,0.0
00-0035269,2026_04_KC_LV,4,LV,KC,0,0,0,0,0,0,,0,0,0,0,,0,0,0,0,0,0.0,0,0,0,0.0,0,0,0,0,0,4,4,48.0,1,1,0,0,0.0
00-0035272,2026_04_MIA_MIN,4,MIN,MIA,0,0,0,0,0,0,,0,0,0,0,,0,0,0,0,0,0.0,1,1,0,0.0,0,0,0,0,0,0,0,,0,0,0,0,0.0
00-0035276,2026_04_MIA_MIN,4,MIN,MIA,0,0,0,0,0,0,,0,0,0,0,,0,0,0,0,0,0.0,3,5,0,0.0,1,0,0,0,0,0,0,,0,0,0,0,0.0
00-0035286,2026_04_PIT_CLE,4,PIT,CLE,0,0,0,0,0,0,,0,0,0,0,,0,0,0,0,0,0.0,1,2,0,0.0,0,0,0,0,0,0,0,,0,0,0,0,0.0
00-0035358,2026_04_GB_TB,4,TB,GB,0,0,0,0,0,0,,0,0,0,0,,0,0,0,0,0,0.0,0,0,0,0.0,0,0,0,0,0,0,0,,2,2,0,0,0.0
00-0035363,2026_04_JAX_CIN,4,CIN,JAX,0,0,0,0,0,0,,0,0,0,0,,0,0,0,0,0,0.0,2,0,0,0.0,0,0,0,0,0,0,0,,0,0,0,0,0.0
00-0035378,2026_04_ARI_NYG,4,ARI,NYG,0,0,0,0,0,0,,0,0,0,0,,0,0,0,0,0,0.0,1,0,0,0.0,0,0,0,0,0,0,0,,0,0,0,0,0.0
00-0035386,2026_04_NYJ_CHI,4,CHI,NYJ,0,0,0,0,0,0,,0,0,0,0,,0,0,0,0,0,0.0,1,3,0,0.0,1,0,0,0,0,0,0,,0,0,0,0,0.0
00-0035413,2026_04_DEN_SF,4,SF,DEN,0,0,0,0,0,0,,0,0,0,0,,0,0,0,0,0,0.0,2,0,0,0.0,0,0,0,0,0,0,0,,0,0,0,0,0.0
00-0035500,2026_04_NE_BUF,4,BUF,NE,0,0,0,0,0,0,,0,0,0,0,,0,0,0,0,0,0.0,1,0,0,0.0,0,0,0,0,0,0,0,,0,0,0,0,0.0
00-0035525,2026_04_NYJ_CHI,4,CHI,NYJ,0,0,0,0,0,0,,0,0,0,0,,0,0,0,0,0,0.0,2,2,1,1.0,1,0,0,0,0,0,0,,0,0,0,0,0.0
00-0035537,2026_04_NE_BUF,4,BUF,NE,0,0,0,0,0,0,,1,3,0,0,-0.176338981720619,2,2,9,0,9,0.0666666666666667,0,0,0,0.0,0,0,0,0,0,0,0,,0,0,0,0,3.2
00-0035567,2026_04_IND_WAS,4,WAS,IND,0,0,0,0,0,0,,2,4,0,0,-3.0301200679969,0,0,0,0,0,0.0,0,0,0,0.0,0,0,0,0,0,0,0,,0,0,0,0,0.4
00-0035594,2026_04_PIT_CLE,4,PIT,CLE,0,0,0,0,0,0,,2,-1,0,0,-0.524627611972392,0,0,0,0,0,0.0,0,0,0,0.0,0,0,0,0,0,0,0,,0,0,0,0,-0.1
00-0035602,2026_04_LA_PHI,4,LA,PHI,0,0,0,0,0,0,,0,0,0,0,,0,0,0,0,0,0.0,0,0,0,0.0,0,0,0,0,0,0,0,,0,0,0,0,0.0
00-0035632,2026_04_TEN_BAL,4,TEN,BAL,0,0,0,0,0,0,,0,0,0,0,,0,0,0,0,0,0.0,6,0,0,0.0,0,0,0,0,0,0,0,,0,0,0,0,0.0
00-0035636,2026_04_ARI_NYG,4,ARI,NYG,0,0,0,0,0,0,,0,0,0,0,,0,0,0,0,0,0.0,0,1,0,0.0,0,0,0,0,0,0,0,,0,0,1,15,0.0
00-0035640,2026_04_PIT_CLE,4,PIT,CLE,0,0,0,0,0,0,,0,0,0,0,,9,5,115,0,26,0.230769230769231,0,0,0,0.0,0,0,0,0,0,0,0,,0,0,1,15,16.5
00-0035642,2026_04_JAX_CIN,4,JAX,CIN,0,0,0,0,0,0,,0,0,0,0,,0,0,0,0,0,0.0,2,0,0,0.0,3,0,0,0,0,0,0,,0,0,0,0,0.0
00-0035643,2026_04_TEN_BAL,4,TEN,BAL,0,0,0,0,0,0,,0,0,0,0,,0,0,0,0,0,0.0,2,2,0,0.0,0,0,1,0,0,0,0,,0,0,0,0,0.0
00-0035647,2026_04_NYJ_CHI,4,CHI,NYJ,0,0,0,0,0,0,,0,0,0,0,,0,0,0,0,0,0.0,0,1,0,0.0,1,0,0,0,0,0,0,,0,0,0,0,0.0
00-0035667,2026_04_NE_BUF,4,BUF,NE,0,0,0,0,0,0,,0,0,0,0,,0,0,0,0,0,0.0,1,1,0,0.0,0,0,0,0,0,0,0,,0,0,0,0,0.0
00-0035672,2026_04_TEN_BAL,4,TEN,BAL,0,0,0,0,0,0,,0,0,0,0,,0,0,0,0,0,0.0,4,4,0,0.0,0,0,0,0,0,0,0,,0,0,0,0,0.0
00-0035674,2026_04_IND_WAS,4,IND,WAS,0,0,0,0,0,0,,0,0,0,0,,0,0,0,0,0,0.0,0,4,1,0.0,0,0,0,0,0,0,0,,0,0,0,0,0.0
00-0035679,2026_04_NE_BUF,4,BUF,NE,0,0,0,0,0,0,,0,0,0,0,,0,0,0,0,0,0.0,0,0,0,0.0,0,0,0,0,0,0,0,,0,0,1,5,0.0
00-0035680,2026_04_PIT_CLE,4,CLE,PIT,0,0,0,0,0,0,,0,0,0,0,,0,0,0,0,0,0.0,0,4,0,0.0,0,0,1,0,0,0,0,,0,0,0,0,0.0
00-0035683,2026_04_JAX_CIN,4,CIN,JAX,0,0,0,0,0,0,,0,0,0,0,,0,0,0,0,0,0.0,1,2,0,1.0,2,0,0,0,0,0,0,,0,0,0,0,0.0
00-0035685,2026_04_DAL_HOU,4,HOU,DAL,0,0,0,0,0,0,,10,24,0,0,-3.55157187418081,0,0,19,0,19,0.0,0,0,0,0.0,0,0,0,0,0,0,0,,0,0,0,0,4.3
00-0035689,2026_04_NE_BUF,4,BUF,NE,0,0,0,0,0,0,,0,0,0,0,,2,2,13,0,10,0.0666666666666667,0,0,0,0.0,0,0,0,0,0,0,0,,0,0,0,0,3.3
00-0035699,2026_04_PIT_CLE,4,PIT,CLE,0,0,0,0,0,0,,0,0,0,0,,0,0,0,0,0,0.0,0,1,0,0.0,0,0,1,0,0,0,0,,0,0,0,0,0.0
00-0035710,2026_04_IND_WAS,4,IND,WAS,19,34,143,0,1,2,-13.3554379075041,4,2,1,0,2.69240266090492,0,0,0,0,0,0.0,0,0,0,0.0,0,0,0,0,0,0,0,,0,0,0,0,7.92
00-0035718,2026_04_DAL_HOU,4,DAL,HOU,0,0,0,0,0,0,,0,0,0,0,,0,0,0,0,0,0.0,2,2,2,1.0,1,0,0,0,0,0,0,,0,0,0,0,0.0
00-0035719,2026_04_DEN_SF,4,SF,DEN,0,0,0,0,0,0,,3,44,0,0,2.95965099375462,6,5,26,1,26,0.206896551724138,0,0,0,0.0,0,0,0,0,0,0,0,,0,0,0,0,18.0
00-0035763,2026_04_DEN_SF,4,DEN,SF,0,0,0,0,0,0,,0,0,0,0,,0,0,0,0,0,0.0,2,1,0,0.0,0,0,1,0,0,0,0,,0,0,0,0,0.0
00-0035821,2026_04_DEN_SF,4,SF,DEN,0,0,0,0,0,0,,0,0,0,0,,0,0,0,0,0,0.0,0,0,0,0.0,0,0,0,0,0,0,0,,0,0,0,0,0.0
00-0035859,2026_04_ARI_NYG,4,ARI,NYG,0,0,0,0,0,0,,0,0,0,0,,0,0,0,0,0,0.0,1,0,0,0.0,0,0,0,0,0,0,0,,0,0,0,0,0.0
00-0035889,2026_04_TEN_BAL,4,TEN,BAL,0,0,0,0,0,0,,0,0,0,0,,0,0,0,0,0,0.0,0,0,0,0.0,0,0,0,0,0,0,0,,0,0,0,0,0.0
00-0035891,2026_04_KC_LV,4,LV,KC,0,0,0,0,0,0,,0,0,0,0,,4,2,36,0,7,0.0833333333333333,1,0,0,0.0,0,0,0,0,0,0,0,,0,0,0,0,7.6
00-0035900,2026_04_KC_LV,4,KC,LV,0,0,0,0,0,0,,0,0,0,0,,0,0,0,0,0,0.0,1,0,0,0.0,0,0,0,0,0,0,0,,0,0,0,0,0.0
00-0035933,2026_04_NE_BUF,4,BUF,NE,0,0,0,0,0,0,,0,0,0,0,,0,0,0,0,0,0.0,0,2,0,0.0,0,0,1,0,0,0,0,,0,0,0,0,0.0
00-0035942,2026_04_GB_TB,4,TB,GB,0,0,0,0,0,0,,0,0,0,0,,0,0,0,0,0,0.0,1,0,1,0.0,0,0,0,0,0,0,0,,0,0,0,0,0.0
00-0035993,2026_04_TEN_BAL,4,BAL,TEN,8,9,63,0,0,0,0.247702690947335,4,16,0,0,-0.0655619443859905,0,0,0,0,0,0.0,0,0,0,0.0,0,0,0,0,0,0,0,,0,0,0,0,4.12
00-0036037,2026_04_NE_BUF,4,BUF,NE,0,0,0,0,0,0,,0,0,0,0,,0,0,0,0,0,0.0,0,0,0,0.0,0,0,0,0,0,0,0,,0,0,1,15,0.0
00-0036081,2026_04_TEN_BAL,4,BAL,TEN,0,0,0,0,0,0,,0,0,0,0,,0,0,0,0,0,0.0,0,1,0,0.0,0,0,0,0,0,0,0,,0,0,0,0,0.0
00-0036130,2026_04_TEN_BAL,4,BAL,TEN,0,0,0,0,0,0,,0,0,0,0,,0,0,0,0,0,0.0,3,1,0,0.0,2,0,0,0,0,0,0,,0,0,0,0,0.0
00-0036158,2026_04_DEN_SF,4,DEN,SF,0,0,0,0,0,0,,11,40,0,0,-1.28714701946592,2,2,12,0,9,0.0526315789473684,0,0,0,0.0,0,0,0,0,0,0,0,,0,0,0,0,7.2
00-0036159,2026_04_MIA_MIN,4,MIA,MIN,0,0,0,0,0,0,,0,0,0,0,,0,0,0,0,0,0.0,2,4,1,1.0,1,0,0,1,0,0,0,,0,0,0,0,0.0
00-0036162,2026_04_NE_BUF,4,BUF,NE,0,0,0,0,0,0,,0,0,0,0,,0,0,0,0,0,0.0,0,0,0,0.0,0,0,0,0,0,2,2,38.0,2,2,1,0,0.0
00-0036181,2026_04_LAC_SEA,4,LAC,SEA,0,0,0,0,0,0,,0,0,0,0,,0,0,0,0,0,0.0,3,2,0,0.0,2,0,0,0,0,0,0,,0,0,2,10,0.0
00-0036182,2026_04_IND_WAS,4,IND,WAS,0,0,0,0,0,0,,0,0,0,0,,0,0,0,0,0,0.0,0,1,0,0.0,0,0,0,0,0,0,0,,0,0,0,0,0.0
00-0036192,2026_04_LA_PHI,4,PHI,LA,0,0,0,0,0,0,,0,0,0,0,,0,0,0,0,0,0.0,0,1,0,0.0,0,0,0,0,0,0,0,,0,0,0,0,0.0
00-0036221,2026_04_DEN_SF,4,DEN,SF,0,0,0,0,0,0,,0,0,0,0,,0,0,0,0,0,0.0,6,3,0,0.0,0,0,0,0,0,0,0,,0,0,0,0,0.0
00-0036222,2026_04_MIA_MIN,4,MIN,MIA,0,0,0,0,0,0,,0,0,0,0,,0,0,0,0,0,0.0,0,0,0,0.0,0,0,1,0,0,0,0,,0,0,0,0,0.0
00-0036223,2026_04_IND_WAS,4,IND,WAS,0,0,0,0,0,0,,20,95,2,0,3.60046251121056,4,1,2,0,1,0.137931034482759,0,0,0,0.0,0,0,0,0,0,0,0,,0,0,0,0,22.7
00-0036224,2026_04_LA_PHI,4,PHI,LA,0,0,0,0,0,0,,0,0,0,0,,0,0,0,0,0,0.0,0,0,0,0.0,0,0,0,0,0,0,0,,0,0,1,5,0.0
00-0036237,2026_04_LA_PHI,4,LA,PHI,0,0,0,0,0,0,,0,0,0,0,,0,0,0,0,0,0.0,0,1,0,0.0,0,0,0,0,0,0,0,,0,0,0,0,0.0
00-0036246,2026_04_ARI_NYG,4,NYG,ARI,0,0,0,0,0,0,,0,0,0,0,,0,0,0,0,0,0.0,0,0,0,0.0,0,0,0,0,0,0,0,,0,0,1,4,0.0
00-0036252,2026_04_PIT_CLE,4,PIT,CLE,0,0,0,0,0,0,,0,0,0,0,,4,2,15,0,7,0.102564102564103,1,0,0,0.0,0,0,0,0,0,0,0,,0,0,2,10,3.5
00-0036256,2026_04_DEN_SF,4,SF,DEN,0,0,0,0,0,0,,0,0,0,0,,0,0,0,0,0,0.0,0,1,0,0.0,0,0,0,0,0,0,0,,0,0,0,0,0.0
00-0036259,2026_04_MIA_MIN,4,MIN,MIA,0,0,0,0,0,0,,0,0,0,0,,1,1,8,0,4,0.0303030303030303,0,0,0,0.0,0,0,0,0,0,0,0,,0,0,1,10,1.8
00-0036260,2026_04_IND_WAS,4,WAS,IND,0,0,0,0,0,0,,0,0,0,0,,0,0,0,0,0,0.0,3,0,0,0.0,0,0,2,0,0,0,0,,0,0,0,0,0.0
00-0036262,2026_04_JAX_CIN,4,JAX,CIN,0,0,0,0,0,0,,0,0,0,0,,0,0,0,0,0,0.0,0,0,0,0.0,1,0,0,0,0,0,0,,0,0,0,0,0.0
00-0036264,2026_04_GB_TB,4,GB,TB,22,30,197,2,1,0,6.9105259974391,4,-8,0,0,0.0376249040127732,0,0,0,0,0,0.0,0,0,0,0.0,0,0,0,0,0,0,0,,0,0,0,0,13.08
00-0036266,2026_04_TEN_BAL,4,TEN,BAL,0,0,0,0,0,0,,0,0,0,0,,0,0,0,0,0,0.0,0,3,0,0.0,0,0,0,0,0,0,0,,0,0,0,0,0.0
00-0036275,2026_04_NYJ_CHI,4,CHI,NYJ,0,0,0,0,0,0,,15,58,0,1,-7.39313648160176,2,2,16,0,28,0.0645161290322581,0,0,0,0.0,0,0,0,0,0,0,0,,0,0,0,0,7.4
00-0036282,2026_04_PIT_CLE,4,CLE,PIT,0,0,0,0,0,0,,0,0,0,0,,0,0,0,0,0,0.0,4,2,0,0.0,0,1,1,0,0,0,0,,0,0,0,0,0.0
00-0036286,2026_04_IND_WAS,4,WAS,IND,0,0,0,0,0,0,,0,0,0,0,,0,0,0,0,0,0.0,0,4,0,0.5,1,0,0,0,0,0,0,,0,0,0,0,0.0
00-0036290,2026_04_NYJ_CHI,4,CHI,NYJ,0,0,0,0,0,0,,0,0,0,0,,2,2,13,0,4,0.0645161290322581,0,0,0,0.0,0,0,0,0,0,0,0,,0,0,1,5,3.3
00-0036293,2026_04_KC_LV,4,LV,KC,0,0,0,0,0,0,,0,0,0,0,,0,0,0,0,0,0.0,3,2,0,0.0,0,0,0,0,0,0,0,,0,0,0,0,0.0
00-0036298,2026_04_IND_WAS,4,IND,WAS,0,0,0,0,0,0,,0,0,0,0,,0,0,0,0,0,0.0,5,3,0,0.0,0,0,0,0,0,0,0,,0,0,0,0,0.0
00-0036302,2026_04_TEN_BAL,4,BAL,TEN,0,0,0,0,0,0,,0,0,0,0,,0,0,0,0,0,0.0,2,2,0,0.0,0,0,0,0,0,0,0,,0,0,0,0,0.0
00-0036306,2026_04_PIT_CLE,4,CLE,PIT,0,0,0,0,0,0,,0,0,0,0,,0,0,0,0,0,0.0,1,1,0,0.0,0,0,0,0,0,0,0,,0,0,0,0,0.0
00-0036307,2026_04_NE_BUF,4,NE,BUF,0,0,0,0,0,0,,0,0,0,0,,0,0,0,0,0,0.0,2,0,1,0.0,0,0,0,0,0,0,0,,0,0,0,0,0.0
00-0036309,2026_04_ARI_NYG,4,NYG,ARI,0,0,0,0,0,0,,0,0,0,0,,2,0,0,0,0,0.0689655172413793,0,0,0,0.0,0,0,0,0,0,0,0,,0,0,0,0,0.0
00-0036313,2026_04_LA_PHI,4,PHI,LA,0,0,0,0,0,0,,0,0,0,0,,0,0,0,0,0,0.0,0,0,0,0.0,0,0,0,0,0,0,0,,0,0,0,0,0.0
00-0036323,2026_04_PIT_CLE,4,PIT,CLE,0,0,0,0,0,0,,0,0,0,0,,0,0,0,0,0,0.0,3,2,0,0.0,0,0,0,0,0,0,0,,0,0,1,5,0.0
00-0036327,2026_04_JAX_CIN,4,JAX,CIN,0,0,0,0,0,0,,0,0,0,0,,0,0,0,0,0,0.0,0,0,0,0.0,0,0,0,0,0,0,0,,0,0,1,10,0.0
00-0036331,2026_04_ARI_NYG,4,ARI,NYG,0,0,0,0,0,0,,0,0,0,0,,0,0,0,0,0,0.0,0,0,0,0.0,0,0,0,0,0,0,0,,0,0,0,0,0.0
00-0036333,2026_04_PIT_CLE,4,PIT,CLE,0,0,0,0,0,0,,0,0,0,0,,0,0,0,0,0,0.0,0,0,1,0.0,0,0,0,0,0,0,0,,0,0,0,0,0.0
00-0036338,2026_04_LAC_SEA,4,LAC,SEA,0,0,0,0,0,0,,0,0,0,0,,0,0,0,0,0,0.0,2,1,1,1.0,1,0,0,1,0,0,0,,0,0,0,0,0.0
00-0036341,2026_04_DEN_SF,4,SF,DEN,0,0,0,0,0,0,,0,0,0,0,,0,0,0,0,0,0.0,0,1,0,0.0,0,0,0,0,0,0,0,,0,0,0,0,0.0
00-0036348,2026_04_MIA_MIN,4,MIN,MIA,0,0,0,0,0,0,,0,0,0,0,,0,0,0,0,0,0.0,3,2,0,0.0,0,0,1,0,0,0,0,,0,0,0,0,0.0
00-0036349,2026_04_LA_PHI,4,LA,PHI,0,0,0,0,0,0,,0,0,0,0,,0,0,0,0,0,0.0,3,1,0,0.0,0,0,1,0,0,0,0,,0,0,0,0,0.0
00-0036355,2026_04_LAC_SEA,4,LAC,SEA,19,31,189,1,2,4,-8.03212953574093,6,40,0,0,0.199858336476609,1,0,0,0,0,0.032258064516129,0,1,0,0.0,0,0,0,0,0,0,0,,0,0,0,0,9.56
00-0036358,2026_04_DAL_HOU,4,DAL,HOU,0,0,0,0,0,0,,1,-6,0,0,-1.30659670149907,21,17,189,1,70,0.488372093023256,0,0,0,0.0,0,0,0,0,0,0,0,,0,0,0,0,41.3
00-0036362,2026_04_MIA_MIN,4,MIA,MIN,0,0,0,0,0,0,,0,0,0,0,,0,0,0,0,0,0.0,1,0,0,0.0,0,0,0,0,0,0,0,,0,0,0,0,0.0
00-0036363,2026_04_LAC_SEA,4,SEA,LAC,0,0,0,0,0,0,,0,0,0,0,,0,0,0,0,0,0.0,0,0,0,0.0,0,0,0,0,0,0,0,,0,0,1,10,0.0
00-0036366,2026_04_NYJ_CHI,4,CHI,NYJ,0,0,0,0,0,0,,0,0,0,0,,0,0,0,0,0,0.0,1,0,0,0.0,0,0,0,0,0,0,0,,0,0,0,0,0.0
00-0036374,2026_04_KC_LV,4,KC,LV,0,0,0,0,0,0,,0,0,0,0,,0,0,0,0,0,0.0,4,3,0,0.0,0,0,1,0,0,0,0,,0,0,1,5,0.0
00-0036375,2026_04_IND_WAS,4,WAS,IND,0,0,0,0,0,0,,0,0,0,0,,0,0,0,0,0,0.0,7,2,0,0.0,0,0,1,0,0,0,0,,0,0,1,12,0.0
00-0036380,2026_04_KC_LV,4,KC,LV,0,0,0,0,0,0,,0,0,0,0,,0,0,0,0,0,0.0,1,2,0,0.0,0,0,0,0,0,0,0,,0,0,0,0,0.0
00-0036388,2026_04_GB_TB,4,GB,TB,0,0,0,0,0,0,,0,0,0,0,,0,0,0,0,0,0.0,2,3,1,1.0,1,0,0,0,0,0,0,,0,0,0,0,0.0
00-0036389,2026_04_LA_PHI,4,PHI,LA,12,27,93,2,0,4,-8.15350848587348,5,18,0,0,-4.6606823928887,0,0,0,0,0,0.0,0,0,0,0.0,0,0,0,0,0,0,0,,0,0,0,0,13.52
00-0036407,2026_04_PIT_CLE,4,CLE,PIT,0,0,0,0,0,0,,0,0,0,0,,3,3,36,0,13,0.0909090909090909,0,0,0,0.0,0,0,0,0,0,0,0,,0,0,0,0,6.6
00-0036409,2026_04_MIA_MIN,4,MIA,MIN,0,0,0,0,0,0,,0,0,0,0,,0,0,0,0,0,0.0,5,8,0,0.0,0,0,1,0,0,0,0,,0,0,0,0,0.0
00-0036410,2026_04_JAX_CIN,4,CIN,JAX,0,0,0,0,0,0,,0,0,0,0,,16,11,157,0,30,0.30188679245283,0,0,0,0.0,0,0,0,0,0,0,0,,0,0,0,0,26.7
00-0036411,2026_04_GB_TB,4,TB,GB,0,0,0,0,0,0,,0,0,0,0,,0,0,0,0,0,0.0,5,1,0,0.0,0,0,0,1,0,0,0,,0,0,0,0,0.0
00-0036416,2026_04_KC_LV,4,KC,LV,0,0,0,0,0,0,,0,0,0,0,,0,0,0,0,0,0.0,1,3,1,0.0,0,0,0,0,0,0,0,,0,0,0,0,0.0
00-0036421,2026_04_TEN_BAL,4,TEN,BAL,0,0,0,0,0,0,,0,0,0,0,,0,0,0,0,0,0.0,0,1,0,0.0,0,0,0,0,0,0,0,,0,0,0,0,0.0
00-0036422,2026_04_DEN_SF,4,DEN,SF,0,0,0,0,0,0,,0,0,0,0,,1,0,0,0,0,0.0263157894736842,0,0,0,0.0,0,0,0,0,0,0,0,,0,0,0,0,0.0
00-0036425,2026_04_MIA_MIN,4,MIN,MIA,0,0,0,0,0,0,,0,0,0,0,,1,1,10,0,7,0.0303030303030303,0,0,0,0.0,0,0,0,0,0,0,0,,0,0,0,0,2.0
00-0036428,2026_04_DEN_SF,4,DEN,SF,0,0,0,0,0,0,,0,0,0,0,,0,0,0,0,0,0.0,2,3,0,0.0,0,0,0,0,0,0,0,,0,0,0,0,0.0
00-0036441,2026_04_DAL_HOU,4,HOU,DAL,0,0,0,0,0,0,,0,0,0,0,,0,0,0,0,0,0.0,1,3,0,0.0,0,0,0,0,0,0,0,,0,0,0,0,0.0
00-0036442,2026_04_JAX_CIN,4,CIN,JAX,39,54,428,1,2,2,7.38894768012688,3,6,1,0,0.546610399740211,0,0,0,0,0,0.0,0,0,0,0.0,0,0,0,0,0,0,0,,0,0,0,0,23.72
00-0036480,2026_04_NYJ_CHI,4,CHI,NYJ,0,0,0,0,0,0,,0,0,0,0,,0,0,0,0,0,0.0,1,1,1,1.0,0,0,1,0,0,0,0,,0,0,0,0,0.0
00-0036500,2026_04_NYJ_CHI,4,NYJ,CHI,0,0,0,0,0,0,,0,0,0,0,,0,0,0,0,0,0.0,5,8,0,0.0,0,0,1,1,0,0,0,,0,0,0,0,0.0
00-0036501,2026_04_LA_PHI,4,PHI,LA,0,0,0,0,0,0,,0,0,0,0,,0,0,0,0,0,0.0,0,4,0,0.0,0,0,3,0,0,0,0,,0,0,0,0,0.0
00-0036550,2026_04_TEN_BAL,4,BAL,TEN,0,0,0,0,0,0,,0,0,0,0,,2,2,46,0,20,0.0689655172413793,0,0,0,0.0,0,0,0,0,0,0,0,,0,0,0,0,6.6
00-0036554,2026_04_DAL_HOU,4,HOU,DAL,0,0,0,0,0,0,,0,0,0,0,,8,7,118,2,38,0.307692307692308,0,0,0,0.0,0,0,0,0,0,0,0,,0,0,0,0,30.8
00-0036556,2026_04_DAL_HOU,4,HOU,DAL,0,0,0,0,0,0,,0,0,0,0,,1,1,13,0,5,0.0384615384615385,0,0,0,0.0,0,0,0,0,0,0,0,,0,0,0,0,2.3
00-0036563,2026_04_DEN_SF,4,SF,DEN,0,0,0,0,0,0,,0,0,0,0,,0,0,0,0,0,0.0,3,1,0,0.0,0,0,0,0,0,0,0,,0,0,1,5,0.0
00-0036564,2026_04_DEN_SF,4,DEN,SF,0,0,0,0,0,0,,0,0,0,0,,0,0,0,0,0,0.0,2,2,0,0.0,0,0,0,0,0,0,0,,0,0,0,0,0.0
00-0036568,2026_04_ARI_NYG,4,ARI,NYG,0,0,0,0,0,0,,0,0,0,0,,0,0,0,0,0,0.0,2,4,1,0.0,0,0,0,0,0,0,0,,0,0,0,0,0.0
00-0036590,2026_04_JAX_CIN,4,JAX,CIN,0,0,0,0,0,0,,0,0,0,0,,0,0,0,0,0,0.0,2,0,0,0.0,0,0,0,0,0,0,0,,0,0,1,10,0.0
00-0036603,2026_04_LA_PHI,4,LA,PHI,0,0,0,0,0,0,,0,0,0,0,,0,0,0,0,0,0.0,1,0,0,0.0,0,0,0,0,0,0,0,,0,0,0,0,0.0
00-0036613,2026_04_DEN_SF,4,DEN,SF,0,0,0,0,0,0,,0,0,0,0,,6,5,35,1,23,0.157894736842105,0,0,0,0.0,0,0,0,0,0,0,0,,0,0,0,0,14.5
00-0036617,2026_04_PIT_CLE,4,PIT,CLE,0,0,0,0,0,0,,0,0,0,0,,0,0,0,0,0,0.0,2,1,0,0.0,0,0,1,0,0,0,0,,0,0,1,5,0.0
00-0036621,2026_04_KC_LV,4,KC,LV,0,0,0,0,0,0,,0,0,0,0,,0,0,0,0,0,0.0,4,5,0,0.0,0,0,0,0,0,0,0,,0,0,0,0,0.0
00-0036623,2026_04_KC_LV,4,KC,LV,0,0,0,0,0,0,,0,0,0,0,,0,0,0,0,0,0.0,0,0,0,0.0,0,0,0,0,0,0,0,,0,0,0,0,0.0
00-0036626,2026_04_IND_WAS,4,WAS,IND,0,0,0,0,0,0,,0,0,0,0,,4,3,65,0,3,0.111111111111111,0,2,0,0.0,0,0,0,0,0,0,0,,0,0,0,0,9.5
00-0036629,2026_04_IND_WAS,4,IND,WAS,0,0,0,0,0,0,,0,0,0,0,,0,0,0,0,0,0.0,1,0,0,0.0,1,0,1,0,0,0,0,,0,0,0,0,0.0
00-0036637,2026_04_KC_LV,4,KC,LV,0,0,0,0,0,0,,0,0,0,0,,3,2,17,0,9,0.111111111111111,0,0,0,0.0,0,0,0,0,0,0,0,,0,0,0,0,3.7
00-0036642,2026_04_JAX_CIN,4,CIN,JAX,0,0,0,0,0,0,,0,0,0,0,,0,0,0,0,0,0.0,0,2,0,0.0,0,0,0,0,0,0,0,,0,0,0,0,0.0
00-0036646,2026_04_ARI_NYG,4,ARI,NYG,0,0,0,0,0,0,,0,0,0,0,,0,0,0,0,0,0.0,1,0,0,0.0,0,0,0,0,0,0,0,,0,0,0,0,0.0
00-0036658,2026_04_GB_TB,4,GB,TB,0,0,0,0,0,0,,0,0,0,0,,0,0,0,0,0,0.0,1,3,0,0.0,0,0,0,0,0,0,0,,0,0,0,0,0.0
00-0036672,2026_04_LA_PHI,4,LA,PHI,0,0,0,0,0,0,,0,0,0,0,,0,0,0,0,0,0.0,1,0,0,0.0,0,0,0,0,0,0,0,,0,0,0,0,0.0
00-0036677,2026_04_MIA_MIN,4,MIA,MIN,0,0,0,0,0,0,,0,0,0,0,,0,0,0,0,0,0.0,3,0,0,0.0,0,0,0,0,0,0,0,,0,0,0,0,0.0
00-0036682,2026_04_MIA_MIN,4,MIA,MIN,0,0,0,0,0,0,,0,0,0,0,,0,0,0,0,0,0.0,2,1,1,0.0,0,0,0,0,0,0,0,,0,0,1,5,0.0
00-0036683,2026_04_DEN_SF,4,DEN,SF,0,0,0,0,0,0,,0,0,0,0,,0,0,0,0,0,0.0,0,0,0,0.0,0,0,0,0,0,0,0,,0,0,0,0,0.0
00-0036695,2026_04_DEN_SF,4,SF,DEN,0,0,0,0,0,0,,0,0,0,0,,0,0,0,0,0,0.0,0,1,0,0.0,0,0,0,0,0,0,0,,0,0,0,0,0.0
00-0036727,2026_04_DEN_SF,4,DEN,SF,0,0,0,0,0,0,,0,0,0,0,,0,0,0,0,0,0.0,0,1,0,0.0,0,0,0,0,0,0,0,,0,0,0,0,0.0
00-0036813,2026_04_NE_BUF,4,NE,BUF,0,0,0,0,0,0,,0,0,0,0,,0,0,0,0,0,0.0,4,2,0,0.0,0,0,0,0,0,0,0,,0,0,0,0,0.0
00-0036816,2026_04_MIA_MIN,4,MIA,MIN,0,0,0,0,0,0,,0,0,0,0,,0,0,0,0,0,0.0,0,0,0,0.0,0,0,0,0,0,1,1,27.0,1,1,0,0,0.0
00-0036842,2026_04_NYJ_CHI,4,NYJ,CHI,0,0,0,0,0,0,,0,0,0,0,,0,0,0,0,0,0.0,0,0,0,0.0,0,0,0,0,0,0,0,,0,0,0,0,0.0
00-0036849,2026_04_LA_PHI,4,LA,PHI,0,0,0,0,0,0,,0,0,0,0,,1,1,8,0,5,0.02,0,0,0,0.0,0,0,0,0,0,0,0,,0,0,0,0,1.8
00-0036854,2026_04_JAX_CIN,4,CIN,JAX,0,0,0,0,0,0,,0,0,0,0,,0,0,0,0,0,0.0,1,0,0,0.0,0,0,0,0,0,1,1,29.0,2,2,0,0,0.0
00-0036862,2026_04_PIT_CLE,4,PIT,CLE,0,0,0,0,0,0,,0,0,0,0,,2,1,7,0,1,0.0512820512820513,0,0,0,0.0,0,0,0,0,0,0,0,,0,0,0,0,1.7
00-0036874,2026_04_DEN_SF,4,DEN,SF,0,0,0,0,0,0,,0,0,0,0,,0,0,0,0,0,0.0,2,2,0,0.0,0,0,0,0,0,0,0,,0,0,0,0,0.0
00-0036875,2026_04_NE_BUF,4,NE,BUF,0,0,0,0,0,0,,13,47,1,0,-0.157287345384248,5,3,27,0,34,0.138888888888889,0,0,0,0.0,0,0,0,0,0,0,0,,0,0,0,0,18.4
00-0036883,2026_04_DAL_HOU,4,HOU,DAL,0,0,0,0,0,0,,0,0,0,0,,0,0,0,0,0,0.0,1,4,0,0.0,0,0,1,0,0,0,0,,0,0,1,5,0.0
00-0036887,2026_04_DEN_SF,4,SF,DEN,0,0,0,0,0,0,,0,0,0,0,,0,0,0,0,0,0.0,2,1,0,0.0,0,0,0,1,0,0,0,,0,0,0,0,0.0
00-0036888,2026_04_NE_BUF,4,BUF,NE,0,0,0,0,0,0,,0,0,0,0,,0,0,0,0,0,0.0,1,0,0,0.0,0,0,0,0,0,0,0,,0,0,0,0,0.0
00-0036893,2026_04_ARI_NYG,4,NYG,ARI,0,0,0,0,0,0,,9,30,0,1,-4.61141592754563,0,0,0,0,0,0.0,0,0,0,0.0,0,0,0,0,0,0,0,,0,0,0,0,3.0
00-0036894,2026_04_PIT_CLE,4,PIT,CLE,0,0,0,0,0,0,,0,0,0,0,,5,3,17,1,5,0.128205128205128,0,0,0,0.0,0,0,0,0,0,0,0,,0,0,0,0,10.7
00-0036900,2026_04_JAX_CIN,4,CIN,JAX,0,0,0,0,0,0,,0,0,0,0,,3,3,27,0,15,0.0566037735849057,0,0,0,0.0,0,0,0,0,0,0,0,,0,0,0,0,5.7
00-0036901,2026_04_KC_LV,4,LV,KC,0,0,0,0,0,0,,0,0,0,0,,0,0,0,0,0,0.0,3,2,0,0.0,0,0,1,0,0,0,0,,0,0,0,0,0.0
00-0036902,2026_04_NYJ_CHI,4,NYJ,CHI,0,0,0,0,0,0,,0,0,0,0,,0,0,0,0,0,0.0,5,2,0,0.0,0,0,0,0,0,0,0,,0,0,0,0,0.0
00-0036909,2026_04_KC_LV,4,KC,LV,0,0,0,0,0,0,,1,0,0,0,-1.99905483308248,0,0,0,0,0,0.0,0,0,0,0.0,0,0,0,0,0,0,0,,0,0,0,0,0.0
00-0036914,2026_04_NE_BUF,4,BUF,NE,0,0,0,0,0,0,,0,0,0,0,,0,0,0,0,0,0.0,2,2,0,0.0,4,0,2,0,0,0,0,,0,0,0,0,0.0
00-0036916,2026_04_NE_BUF,4,NE,BUF,0,0,0,0,0,0,,0,0,0,0,,0,0,0,0,0,0.0,0,0,0,0.0,1,0,0,0,0,0,0,,0,0,0,0,0.0
00-0036919,2026_04_GB_TB,4,TB,GB,0,0,0,0,0,0,,3,5,0,0,-1.5344724683091,2,2,22,1,23,0.0769230769230769,0,0,0,0.0,0,0,0,0,0,0,0,,0,0,0,0,10.7
00-0036922,2026_04_KC_LV,4,LV,KC,0,0,0,0,0,0,,0,0,0,0,,0,0,0,0,0,0.0,0,1,0,0.0,0,0,0,0,0,0,0,,0,0,0,0,0.0
00-0036933,2026_04_ARI_NYG,4,ARI,NYG,0,0,0,0,0,0,,0,0,0,0,,0,0,0,0,0,0.0,1,2,1,1.0,1,0,0,0,0,0,0,,0,0,1,5,0.0
00-0036940,2026_04_IND_WAS,4,WAS,IND,0,0,0,0,0,0,,0,0,0,0,,0,0,0,0,0,0.0,1,0,1,1.0,1,0,0,1,0,0,0,,0,0,0,0,0.0
00-0036941,2026_04_NYJ_CHI,4,NYJ,CHI,0,0,0,0,0,0,,0,0,0,0,,0,0,0,0,0,0.0,1,0,0,0.0,0,0,0,0,0,0,0,,0,0,0,0,0.0
00-0036942,2026_04_DEN_SF,4,SF,DEN,0,0,0,0,0,0,,0,0,0,0,,0,0,0,0,0,0.0,0,2,0,0.0,0,0,0,0,0,0,0,,0,0,0,0,0.0
00-0036971,2026_04_JAX_CIN,4,JAX,CIN,18,23,227,1,0,4,9.28368869392707,3,0,0,0,0.3582387145143,0,0,0,0,0,0.0,0,0,0,0.0,0,0,0,0,0,0,0,,0,0,0,0,13.08
00-0036974,2026_04_PIT_CLE,4,CLE,PIT,0,0,0,0,0,0,,0,0,0,0,,0,0,0,0,0,0.0,6,1,0,0.0,0,0,1,0,0,0,0,,0,0,0,0,0.0
00-0036982,2026_04_ARI_NYG,4,NYG,ARI,0,0,0,0,0,0,,0,0,0,0,,0,0,0,0,0,0.0,1,1,0,0.0,0,0,0,0,0,0,0,,0,0,0,0,0.0
00-0036985,2026_04_JAX_CIN,4,JAX,CIN,0,0,0,0,0,0,,0,0,0,0,,0,0,0,0,0,0.0,0,0,0,0.0,0,0,0,0,0,0,0,,0,0,1,10,0.0
00-0036987,2026_04_NYJ_CHI,4,NYJ,CHI,0,0,0,0,0,0,,0,0,0,0,,0,0,0,0,0,0.0,3,1,0,0.0,0,0,1,0,0,0,0,,0,0,1,15,0.0
00-0036988,2026_04_NE_BUF,4,BUF,NE,0,0,0,0,0,0,,0,0,0,0,,4,1,3,0,0,0.133333333333333,1,0,0,0.0,0,0,0,0,0,0,0,,0,0,0,0,1.3
00-0036992,2026_04_LAC_SEA,4,LAC,SEA,0,0,0,0,0,0,,0,0,0,0,,0,0,0,0,0,0.0,2,2,1,0.0,0,0,0,0,0,0,0,,0,0,0,0,0.0
00-0036994,2026_04_LAC_SEA,4,SEA,LAC,0,0,0,0,0,0,,0,0,0,0,,0,0,0,0,0,0.0,6,6,1,1.0,1,1,1,0,0,0,0,,0,0,0,0,0.0
00-0036995,2026_04_ARI_NYG,4,ARI,NYG,0,0,0,0,0,0,,0,0,0,0,,0,0,0,0,0,0.0,1,0,0,0.0,0,0,0,0,0,0,0,,0,0,0,0,0.0
00-0036996,2026_04_ARI_NYG,4,NYG,ARI,0,0,0,0,0,0,,0,0,0,0,,0,0,0,0,0,0.0,4,3,0,0.0,0,1,3,0,0,0,0,,0,0,1,2,0.0
00-0036997,2026_04_DAL_HOU,4,DAL,HOU,0,0,0,0,0,0,,19,62,3,0,2.81304020961397,5,5,21,0,20,0.116279069767442,0,0,0,0.0,0,0,0,0,0,0,0,,0,0,0,0,31.3
00-0036998,2026_04_ARI_NYG,4,NYG,ARI,0,0,0,0,0,0,,0,0,0,0,,0,0,0,0,0,0.0,4,3,0,0.0,0,0,0,0,0,0,0,,0,0,0,0,0.0
00-0037001,2026_04_DEN_SF,4,DEN,SF,0,0,0,0,0,0,,0,0,0,0,,0,0,0,0,0,0.0,0,0,0,0.0,0,0,0,0,0,0,0,,0,0,0,0,0.0
00-0037004,2026_04_ARI_NYG,4,ARI,NYG,0,0,0,0,0,0,,0,0,0,0,,1,1,10,0,1,0.0285714285714286,0,0,0,0.0,0,0,0,0,0,0,0,,0,0,0,0,2.0
00-0037009,2026_04_LAC_SEA,4,LAC,SEA,0,0,0,0,0,0,,0,0,0,0,,0,0,0,0,0,0.0,0,0,0,0.0,0,0,0,0,0,0,0,,0,0,1,5,0.0
00-0037034,2026_04_NE_BUF,4,BUF,NE,0,0,0,0,0,0,,0,0,0,0,,0,0,0,0,0,0.0,0,2,0,0.0,0,1,1,0,0,0,0,,0,0,0,0,0.0
00-0037051,2026_04_DAL_HOU,4,DAL,HOU,0,0,0,0,0,0,,0,0,0,0,,0,0,0,0,0,0.0,0,1,0,0.0,0,0,0,0,0,0,0,,0,0,0,0,0.0
00-0037073,2026_04_LA_PHI,4,PHI,LA,0,0,0,0,0,0,,0,0,0,0,,0,0,0,0,0,0.0,4,0,0,0.0,0,0,0,0,0,0,0,,0,0,0,0,0.0
00-0037074,2026_04_KC_LV,4,LV,KC,0,0,0,0,0,0,,0,0,0,0,,0,0,0,0,0,0.0,4,2,1,1.0,1,0,0,0,0,0,0,,0,0,1,3,0.0
00-0037075,2026_04_GB_TB,4,GB,TB,0,0,0,0,0,0,,0,0,0,0,,0,0,0,0,0,0.0,1,2,0,0.0,0,0,0,0,0,0,0,,0,0,0,0,0.0
00-0037079,2026_04_LA_PHI,4,PHI,LA,0,0,0,0,0,0,,0,0,0,0,,0,0,0,0,0,0.0,6,1,0,0.0,0,0,1,0,0,0,0,,0,0,1,4,0.0
00-0037082,2026_04_DAL_HOU,4,HOU,DAL,0,0,0,0,0,0,,0,0,0,0,,0,0,0,0,0,0.0,1,0,0,0.0,0,0,0,0,0,0,0,,0,0,0,0,0.0
00-0037085,2026_04_DEN_SF,4,DEN,SF,0,0,0,0,0,0,,2,7,0,0,2.80222011746094,2,2,32,0,24,0.0526315789473684,0,0,0,0.0,0,0,0,0,0,0,0,,0,0,0,0,7.9
00-0037091,2026_04_GB_TB,4,GB,TB,0,0,0,0,0,0,,0,0,0,0,,1,0,0,0,0,0.0333333333333333,0,0,0,0.0,0,0,0,0,0,0,0,,0,0,0,0,0.0
00-0037092,2026_04_IND_WAS,4,WAS,IND,0,0,0,0,0,0,,0,0,0,0,,0,0,0,0,0,0.0,0,0,0,0.0,0,0,0,0,0,0,0,,0,0,1,5,0.0
00-0037093,2026_04_KC_LV,4,LV,KC,0,0,0,0,0,0,,0,0,0,0,,2,1,9,0,0,0.0416666666666667,0,0,0,0.0,0,0,0,0,0,0,0,,0,0,0,0,1.9
00-0037096,2026_04_NYJ_CHI,4,CHI,NYJ,0,0,0,0,0,0,,0,0,0,0,,0,0,0,0,0,0.0,0,0,0,0.0,1,0,0,0,0,0,0,,0,0,1,6,0.0
00-0037120,2026_04_DAL_HOU,4,DAL,HOU,0,0,0,0,0,0,,3,12,0,0,0.41448966274038,1,0,0,0,0,0.0232558139534884,0,0,0,0.0,0,0,0,0,0,0,0,,0,0,0,0,1.2
00-0037130,2026_04_DAL_HOU,4,HOU,DAL,0,0,0,0,0,0,,0,0,0,0,,0,0,0,0,0,0.0,5,6,0,0.0,0,0,0,0,0,0,0,,0,0,0,0,0.0
00-0037132,2026_04_LA_PHI,4,PHI,LA,0,0,0,0,0,0,,0,0,0,0,,0,0,0,0,0,0.0,0,0,0,0.0,0,0,0,0,0,0,0,,0,0,0,0,0.0
00-0037137,2026_04_LAC_SEA,4,SEA,LAC,0,0,0,0,0,0,,0,0,0,0,,0,0,0,0,0,0.0,2,1,0,0.0,0,0,0,0,0,0,0,,0,0,0,0,0.0
00-0037155,2026_04_TEN_BAL,4,TEN,BAL,0,0,0,0,0,0,,0,0,0,0,,0,0,0,0,0,0.0,0,0,0,0.0,1,0,0,0,0,0,0,,0,0,0,0,0.0
00-0037190,2026_04_IND_WAS,4,IND,WAS,0,0,0,0,0,0,,0,0,0,0,,0,0,0,0,0,0.0,2,0,0,0.0,0,0,1,0,0,0,0,,0,0,1,5,0.0
00-0037191,2026_04_LA_PHI,4,LA,PHI,0,0,0,0,0,0,,0,0,0,0,,0,0,0,0,0,0.0,2,0,0,0.0,0,0,0,0,0,0,0,,0,0,1,25,0.0
00-0037192,2026_04_KC_LV,4,KC,LV,0,0,0,0,0,0,,0,0,0,0,,0,0,0,0,0,0.0,2,3,1,0.0,6,0,1,0,0,0,0,,0,0,0,0,0.0
00-0037208,2026_04_KC_LV,4,KC,LV,0,0,0,0,0,0,,0,0,0,0,,0,0,0,0,0,0.0,2,2,0,0.0,0,0,0,0,0,0,0,,0,0,0,0,0.0
00-0037224,2026_04_LAC_SEA,4,LAC,SEA,0,0,0,0,0,0,,0,0,0,0,,0,0,0,0,0,0.0,0,0,0,0.0,0,0,0,0,0,3,3,40.0,2,2,0,0,0.0
00-0037228,2026_04_PIT_CLE,4,PIT,CLE,0,0,0,0,0,0,,17,93,0,0,1.71597162226681,6,3,33,0,40,0.153846153846154,0,0,0,0.0,0,0,0,0,0,0,0,,0,0,0,0,15.6
00-0037235,2026_04_JAX_CIN,4,JAX,CIN,0,0,0,0,0,0,,0,0,0,0,,0,0,0,0,0,0.0,1,1,0,0.0,2,0,0,0,0,0,0,,0,0,2,20,0.0
00-0037237,2026_04_DAL_HOU,4,HOU,DAL,0,0,0,0,0,0,,0,0,0,0,,0,0,0,0,0,0.0,0,0,0,0.0,0,0,2,0,0,0,0,,0,0,0,0,0.0
00-0037241,2026_04_LAC_SEA,4,LAC,SEA,0,0,0,0,0,0,,0,0,0,0,,0,0,0,0,0,0.0,0,0,0,0.0,0,0,0,0,0,0,0,,0,0,1,5,0.0
00-0037246,2026_04_DAL_HOU,4,HOU,DAL,0,0,0,0,0,0,,0,0,0,0,,0,0,0,0,0,0.0,7,2,1,0.0,0,0,1,0,0,0,0,,0,0,0,0,0.0
00-0037247,2026_04_DAL_HOU,4,DAL,HOU,0,0,0,0,0,0,,0,0,0,0,,3,2,75,0,5,0.0697674418604651,0,0,0,0.0,0,0,0,0,0,0,0,,0,0,0,0,9.5
00-0037248,2026_04_NE_BUF,4,BUF,NE,0,0,0,0,0,0,,12,75,1,0,3.72929897351423,2,2,8,0,11,0.0666666666666667,0,0,0,0.0,0,0,0,0,0,0,0,,0,0,0,0,16.3
00-0037249,2026_04_DEN_SF,4,DEN,SF,0,0,0,0,0,0,,0,0,0,0,,0,0,0,0,0,0.0,2,1,0,0.0,0,0,0,0,0,0,0,,0,0,0,0,0.0
00-0037253,2026_04_NE_BUF,4,NE,BUF,0,0,0,0,0,0,,0,0,0,0,,0,0,0,0,0,0.0,4,1,0,0.0,0,0,1,0,0,0,0,,0,0,1,5,0.0
00-0037254,2026_04_NE_BUF,4,BUF,NE,0,0,0,0,0,0,,0,0,0,0,,0,0,0,0,0,0.0,5,2,0,0.0,0,0,0,0,0,0,0,,0,0,0,0,0.0
00-0037259,2026_04_ARI_NYG,4,NYG,ARI,0,0,0,0,0,0,,0,0,0,0,,0,0,0,0,0,0.0,0,2,0,0.0,0,0,0,0,0,0,0,,0,0,0,0,0.0
00-0037261,2026_04_NE_BUF,4,BUF,NE,0,0,0,0,0,0,,0,0,0,0,,8,7,82,0,57,0.266666666666667,0,0,0,0.0,0,0,0,0,0,0,0,,0,0,0,0,13.2
00-0037262,2026_04_KC_LV,4,LV,KC,0,0,0,0,0,0,,0,0,0,0,,0,0,0,0,0,0.0,3,0,0,0.0,0,0,0,0,0,0,0,,0,0,0,0,0.0
00-0037263,2026_04_ARI_NYG,4,ARI,NYG,0,0,0,0,0,0,,8,42,1,0,1.44463833759073,2,2,7,0,13,0.0571428571428571,0,0,0,0.0,0,0,0,0,0,0,0,,0,0,0,0,12.9
00-0037268,2026_04_GB_TB,4,TB,GB,0,0,0,0,0,0,,0,0,0,0,,0,0,0,0,0,0.0,3,0,0,0.0,0,0,0,0,0,0,0,,0,0,0,0,0.0
00-0037270,2026_04_DAL_HOU,4,DAL,HOU,0,0,0,0,0,0,,0,0,0,0,,0,0,0,0,0,0.0,1,1,0,0.0,0,0,0,0,0,0,0,,0,0,0,0,0.0
00-0037271,2026_04_NYJ_CHI,4,CHI,NYJ,0,0,0,0,0,0,,0,0,0,0,,0,0,0,0,0,0.0,0,3,0,0.0,0,0,0,0,0,0,0,,0,0,0,0,0.0
00-0037275,2026_04_DAL_HOU,4,DAL,HOU,0,0,0,0,0,0,,0,0,0,0,,0,0,0,0,0,0.0,3,0,0,0.0,0,0,0,0,0,0,0,,0,0,0,0,0.0
00-0037284,2026_04_KC_LV,4,KC,LV,0,0,0,0,0,0,,1,12,0,0,3.63274024659768,0,0,0,0,0,0.0,0,0,0,0.0,0,0,0,0,0,0,0,,0,0,0,0,1.2
00-0037292,2026_04_IND_WAS,4,IND,WAS,0,0,0,0,0,0,,0,0,0,0,,0,0,0,0,0,0.0,0,1,0,0.0,0,0,0,0,0,0,0,,0,0,0,0,0.0
00-0037294,2026_04_DEN_SF,4,DEN,SF,0,0,0,0,0,0,,0,0,0,0,,0,0,0,0,0,0.0,1,0,0,0.0,0,0,0,0,0,0,0,,0,0,0,0,0.0
00-0037301,2026_04_MIA_MIN,4,MIN,MIA,0,0,0,0,0,0,,0,0,0,0,,0,0,0,0,0,0.0,1,1,0,0.0,0,0,0,0,0,0,0,,0,0,0,0,0.0
00-0037304,2026_04_KC_LV,4,LV,KC,0,0,0,0,0,0,,2,-4,0,0,0.834585950593464,1,1,9,0,8,0.0208333333333333,1,0,0,0.0,0,0,0,0,0,0,0,,0,0,1,5,1.5
00-0037320,2026_04_LAC_SEA,4,LAC,SEA,0,0,0,0,0,0,,0,0,0,0,,0,0,0,0,0,0.0,1,1,0,0.0,0,0,0,0,0,0,0,,0,0,0,0,0.0
00-0037323,2026_04_LAC_SEA,4,SEA,LAC,0,0,0,0,0,0,,0,0,0,0,,0,0,0,0,0,0.0,6,0,0,0.0,0,0,0,0,0,0,0,,0,0,0,0,0.0
00-0037384,2026_04_DEN_SF,4,DEN,SF,0,0,0,0,0,0,,0,0,0,0,,0,0,0,0,0,0.0,0,1,0,0.0,0,0,0,0,0,0,0,,0,0,0,0,0.0
00-0037457,2026_04_DAL_HOU,4,HOU,DAL,0,0,0,0,0,0,,0,0,0,0,,0,0,0,0,0,0.0,7,5,2,1.0,1,0,0,0,0,0,0,,0,0,0,0,0.0
00-0037493,2026_04_NE_BUF,4,NE,BUF,0,0,0,0,0,0,,0,0,0,0,,0,0,0,0,0,0.0,0,1,0,0.0,0,0,0,0,0,0,0,,0,0,0,0,0.0
00-0037527,2026_04_KC_LV,4,LV,KC,0,0,0,0,0,0,,0,0,0,0,,0,0,0,0,0,0.0,2,0,0,0.0,0,0,0,0,0,0,0,,0,0,0,0,0.0
00-0037545,2026_04_LAC_SEA,4,SEA,LAC,0,0,0,0,0,0,,2,33,1,0,3.11365395394387,3,1,20,0,1,0.15,0,0,0,0.0,0,0,0,0,0,0,0,,0,0,0,0,12.3
00-0037547,2026_04_GB_TB,4,GB,TB,0,0,0,0,0,0,,0,0,0,0,,0,0,0,0,0,0.0,0,0,0,0.0,0,0,0,0,0,0,0,,0,0,0,0,0.0
00-0037561,2026_04_DAL_HOU,4,DAL,HOU,0,0,0,0,0,0,,0,0,0,0,,0,0,0,0,0,0.0,0,1,0,0.0,0,0,0,0,0,0,0,,0,0,0,0,0.0
00-0037587,2026_04_LA_PHI,4,LA,PHI,0,0,0,0,0,0,,0,0,0,0,,0,0,0,0,0,0.0,4,6,0,0.0,0,0,0,0,0,0,0,,0,0,1,15,0.0
00-0037594,2026_04_TEN_BAL,4,TEN,BAL,0,0,0,0,0,0,,0,0,0,0,,0,0,0,0,0,0.0,0,1,0,0.0,0,0,0,0,0,0,0,,0,0,0,0,0.0
00-0037596,2026_04_ARI_NYG,4,ARI,NYG,0,0,0,0,0,0,,0,0,0,0,,0,0,0,0,0,0.0,3,5,0,0.0,0,0,0,0,0,0,0,,0,0,0,0,0.0
00-0037611,2026_04_ARI_NYG,4,NYG,ARI,0,0,0,0,0,0,,0,0,0,0,,0,0,0,0,0,0.0,0,2,0,0.0,0,0,0,0,0,0,0,,0,0,0,0,0.0
00-0037615,2026_04_KC_LV,4,LV,KC,0,0,0,0,0,0,,0,0,0,0,,0,0,0,0,0,0.0,3,2,0,0.0,0,0,0,0,0,0,0,,0,0,0,0,0.0
00-0037663,2026_04_TEN_BAL,4,TEN,BAL,0,0,0,0,0,0,,0,0,0,0,,0,0,0,0,0,0.0,2,2,2,1.0,1,0,0,0,0,0,0,,0,0,0,0,0.0
00-0037665,2026_04_PIT_CLE,4,CLE,PIT,0,0,0,0,0,0,,0,0,0,0,,0,0,0,0,0,0.0,1,1,1,1.0,2,0,1,0,0,0,0,,0,0,1,5,0.0
00-0037666,2026_04_MIA_MIN,4,MIA,MIN,0,0,0,0,0,0,,0,0,0,0,,1,0,0,0,0,0.0588235294117647,1,0,0,0.0,0,0,0,0,0,0,0,,0,0,0,0,0.0
00-0037692,2026_04_DAL_HOU,4,DAL,HOU,0,0,0,0,0,0,,0,0,0,0,,0,0,0,0,0,0.0,0,0,0,0.0,0,0,0,0,0,2,4,50.0,4,4,0,0,0.0
00-0037740,2026_04_NYJ_CHI,4,NYJ,CHI,0,0,0,0,0,0,,0,0,0,0,,4,3,27,0,2,0.266666666666667,0,0,0,0.0,0,0,0,0,0,0,0,,0,0,0,0,5.7
00-0037742,2026_04_IND_WAS,4,WAS,IND,0,0,0,0,0,0,,0,0,0,0,,3,1,47,1,5,0.0833333333333333,0,0,0,0.0,0,0,0,0,0,0,0,,0,0,1,5,11.7
00-0037743,2026_04_JAX_CIN,4,CIN,JAX,0,0,0,0,0,0,,0,0,0,0,,0,0,0,0,0,0.0,2,0,0,0.0,0,0,0,1,0,0,0,,0,0,0,0,0.0
00-0037744,2026_04_ARI_NYG,4,ARI,NYG,0,0,0,0,0,0,,0,0,0,0,,12,7,31,0,15,0.342857142857143,0,0,0,0.0,0,0,0,0,0,0,0,,0,0,0,0,10.1
00-0037753,2026_04_IND_WAS,4,IND,WAS,0,0,0,0,0,0,,0,0,0,0,,0,0,0,0,0,0.0,0,0,0,0.0,0,0,1,0,0,0,0,,0,0,0,0,0.0
00-0037755,2026_04_NYJ_CHI,4,NYJ,CHI,0,0,0,0,0,0,,0,0,0,0,,1,1,11,0,9,0.0666666666666667,0,0,0,0.0,0,0,0,0,0,0,0,,0,0,0,0,2.1
00-0037758,2026_04_TEN_BAL,4,TEN,BAL,0,0,0,0,0,0,,0,0,0,0,,0,0,0,0,0,0.0,2,1,0,0.0,0,0,0,0,0,0,0,,0,0,0,0,0.0
00-0037801,2026_04_DAL_HOU,4,DAL,HOU,0,0,0,0,0,0,,0,0,0,0,,0,0,0,0,0,0.0,0,0,0,0.0,0,0,0,0,0,0,0,,0,0,0,0,0.0
00-0037809,2026_04_IND_WAS,4,WAS,IND,0,0,0,0,0,0,,0,0,0,0,,4,2,5,0,0,0.111111111111111,0,0,0,0.0,0,0,0,0,0,0,0,,0,0,0,0,2.5
00-0037816,2026_04_NE_BUF,4,NE,BUF,0,0,0,0,0,0,,0,0,0,0,,9,6,58,2,0,0.25,0,0,0,0.0,0,0,0,0,0,0,0,,0,0,0,0,23.8
00-0037818,2026_04_PIT_CLE,4,CLE,PIT,0,0,0,0,0,0,,0,0,0,0,,0,0,0,0,0,0.0,0,0,0,0.0,0,0,0,0,0,0,0,,0,0,1,5,0.0
00-0037829,2026_04_KC_LV,4,LV,KC,0,0,0,0,0,0,,0,0,0,0,,0,0,0,0,0,0.0,0,0,0,0.0,0,0,0,0,0,0,0,,0,0,1,8,0.0
00-0037834,2026_04_DEN_SF,4,SF,DEN,19,30,218,2,0,0,8.49943937124642,10,29,0,0,-1.33363677101443,0,0,0,0,0,0.0,0,0,0,0.0,0,0,0,0,0,0,0,,0,0,0,0,19.62
00-0037838,2026_04_ARI_NYG,4,NYG,ARI,0,0,0,0,0,0,,0,0,0,0,,12,7,66,0,28,0.413793103448276,0,0,0,0.0,0,0,0,0,0,0,0,,0,0,0,0,13.6
00-0037840,2026_04_LA_PHI,4,LA,PHI,0,0,0,0,0,0,,16,80,2,0,3.57573437810061,13,10,67,0,41,0.26,1,0,0,0.0,0,0,0,0,0,0,0,,0,0,0,0,36.7
00-0037841,2026_04_LA_PHI,4,LA,PHI,0,0,0,0,0,0,,0,0,0,0,,0,0,0,0,0,0.0,2,4,0,0.0,0,0,0,0,0,0,0,,0,0,0,0,0.0
00-0037843,2026_04_NYJ_CHI,4,CHI,NYJ,0,0,0,0,0,0,,0,0,0,0,,0,0,0,0,0,0.0,0,2,0,0.0,0,0,0,0,0,0,0,,0,0,0,0,0.0
00-0037844,2026_04_JAX_CIN,4,CIN,JAX,0,0,0,0,0,0,,0,0,0,0,,0,0,0,0,0,0.0,2,1,0,0.0,0,0,0,0,0,0,0,,0,0,0,0,0.0
00-0038038,2026_04_TEN_BAL,4,BAL,TEN,0,0,0,0,0,0,,0,0,0,0,,0,0,0,0,0,0.0,6,1,1,0.0,0,0,1,1,0,0,0,,0,0,2,26,0.0
00-0038039,2026_04_DEN_SF,4,SF,DEN,0,0,0,0,0,0,,0,0,0,0,,0,0,0,0,0,0.0,1,0,0,0.0,0,0,0,0,0,0,0,,0,0,0,0,0.0
00-0038041,2026_04_DAL_HOU,4,DAL,HOU,0,0,0,0,0,0,,0,0,0,0,,4,3,11,0,6,0.0930232558139535,0,0,0,0.0,0,0,0,0,0,0,0,,0,0,0,0,4.1
00-0038090,2026_04_GB_TB,4,GB,TB,0,0,0,0,0,0,,0,0,0,0,,2,1,-2,0,2,0.0666666666666667,0,0,0,0.0,0,0,0,0,0,0,0,,0,0,0,0,0.8
00-0038094,2026_04_ARI_NYG,4,NYG,ARI,0,0,0,0,0,0,,0,0,0,0,,0,0,0,0,0,0.0,0,0,0,0.0,0,0,0,0,0,0,0,,0,0,0,0,0.0
00-0038100,2026_04_IND_WAS,4,WAS,IND,0,0,0,0,0,0,,0,0,0,0,,0,0,0,0,0,0.0,1,2,0,0.0,0,0,0,0,0,0,0,,0,0,1,13,0.0
00-0038103,2026_04_LAC_SEA,4,LAC,SEA,0,0,0,0,0,0,,0,0,0,0,,0,0,0,0,0,0.0,0,0,0,0.0,0,0,0,0,0,0,0,,0,0,1,10,0.0
00-0038104,2026_04_KC_LV,4,KC,LV,0,0,0,0,0,0,,0,0,0,0,,8,5,111,2,45,0.296296296296296,0,0,0,0.0,0,0,0,0,0,0,0,,0,0,0,0,28.1
00-0038106,2026_04_DEN_SF,4,DEN,SF,0,0,0,0,0,0,,0,0,0,0,,0,0,0,0,0,0.0,1,0,0,0.0,0,0,0,0,0,0,0,,0,0,0,0,0.0
00-0038112,2026_04_LA_PHI,4,PHI,LA,0,0,0,0,0,0,,0,0,0,0,,0,0,0,0,0,0.0,0,0,0,0.0,0,0,0,0,0,0,0,,0,0,1,5,0.0
00-0038115,2026_04_TEN_BAL,4,TEN,BAL,0,0,0,0,0,0,,0,0,0,0,,1,1,2,0,5,0.0357142857142857,0,0,0,0.0,0,0,0,0,0,0,0,,0,0,0,0,1.2
00-0038116,2026_04_LA_PHI,4,PHI,LA,0,0,0,0,0,0,,0,0,0,0,,0,0,0,0,0,0.0,0,1,0,0.0,0,0,0,0,0,0,0,,0,0,0,0,0.0
00-0038117,2026_04_TEN_BAL,4,TEN,BAL,0,0,0,0,0,0,,1,1,0,0,-0.389639265369624,5,3,19,1,16,0.178571428571429,0,0,0,0.0,0,0,0,0,0,0,0,,0,0,0,0,11.0
00-0038121,2026_04_TEN_BAL,4,TEN,BAL,0,0,0,0,0,0,,0,0,0,0,,0,0,0,0,0,0.0,3,2,1,0.0,0,0,0,0,0,0,0,,0,0,0,0,0.0
00-0038123,2026_04_NYJ_CHI,4,NYJ,CHI,0,0,0,0,0,0,,0,0,0,0,,0,0,0,0,0,0.0,6,8,0,0.0,0,0,1,0,0,0,0,,0,0,0,0,0.0
00-0038124,2026_04_GB_TB,4,GB,TB,0,0,0,0,0,0,,0,0,0,0,,3,3,47,0,24,0.1,0,0,0,0.0,0,0,0,0,0,0,0,,0,0,1,10,7.7
00-0038127,2026_04_DAL_HOU,4,HOU,DAL,0,0,0,0,0,0,,0,0,0,0,,0,0,0,0,0,0.0,0,2,0,0.0,1,0,0,0,0,0,0,,0,0,1,5,0.0
00-0038128,2026_04_MIA_MIN,4,MIA,MIN,9,17,85,0,0,2,-12.4120745286864,2,11,0,0,2.99537427769974,0,0,0,0,0,0.0,0,0,0,0.0,0,0,0,0,0,0,0,,0,0,0,0,2.5
00-0038129,2026_04_GB_TB,4,TB,GB,0,0,0,0,0,0,,0,0,0,0,,6,4,37,0,37,0.230769230769231,0,0,0,0.0,0,0,0,0,0,0,0,,0,0,0,0,7.7
00-0038131,2026_04_DAL_HOU,4,HOU,DAL,0,0,0,0,0,0,,0,0,0,0,,0,0,0,0,0,0.0,0,0,0,0.0,0,0,0,0,0,0,0,,0,0,1,10,0.0
00-0038133,2026_04_JAX_CIN,4,CIN,JAX,0,0,0,0,0,0,,0,0,0,0,,0,0,0,0,0,0.0,2,2,3,1.0,1,0,0,0,0,0,0,,0,0,1,15,0.0
00-0038134,2026_04_KC_LV,4,KC,LV,0,0,0,0,0,0,,22,177,2,0,3.71354697700008,1,1,2,0,7,0.037037037037037,0,0,0,0.0,0,0,0,0,0,0,0,,0,0,0,0,30.9
00-0038135,2026_04_PIT_CLE,4,PIT,CLE,0,0,0,0,0,0,,0,0,0,0,,0,0,0,0,0,0.0,4,3,0,0.0,0,0,0,0,0,0,0,,0,0,0,0,0.0
00-0038386,2026_04_LA_PHI,4,PHI,LA,0,0,0,0,0,0,,0,0,0,0,,0,0,0,0,0,0.0,0,1,0,0.0,1,0,0,0,0,0,0,,0,0,0,0,0.0
00-0038393,2026_04_LA_PHI,4,PHI,LA,0,0,0,0,0,0,,0,0,0,0,,5,3,18,0,13,0.2,0,0,0,0.0,0,0,0,0,0,0,0,,0,0,0,0,4.8
00-0038398,2026_04_GB_TB,4,GB,TB,0,0,0,0,0,0,,0,0,0,0,,0,0,0,0,0,0.0,0,2,0,0.0,0,0,0,0,0,0,0,,0,0,1,5,0.0
00-0038399,2026_04_ARI_NYG,4,NYG,ARI,0,0,0,0,0,0,,0,0,0,0,,0,0,0,0,0,0.0,1,0,0,0.0,0,0,0,0,0,0,0,,0,0,0,0,0.0
00-0038408,2026_04_GB_TB,4,GB,TB,0,0,0,0,0,0,,0,0,0,0,,0,0,0,0,0,0.0,1,0,0,0.0,0,0,0,0,0,0,0,,0,0,0,0,0.0
00-0038409,2026_04_PIT_CLE,4,PIT,CLE,0,0,0,0,0,0,,0,0,0,0,,0,0,0,0,0,0.0,2,0,0,0.0,0,0,0,0,0,0,0,,0,0,0,0,0.0
00-0038412,2026_04_LA_PHI,4,PHI,LA,0,0,0,0,0,0,,0,0,0,0,,0,0,0,0,0,0.0,1,1,1,0.0,1,0,0,0,0,0,0,,0,0,0,0,0.0
00-0038414,2026_04_LAC_SEA,4,LAC,SEA,0,0,0,0,0,0,,0,0,0,0,,0,0,0,0,0,0.0,1,0,0,0.0,0,0,0,0,0,0,0,,0,0,0,0,0.0
00-0038416,2026_04_NYJ_CHI,4,CHI,NYJ,25,34,268,0,1,1,7.93558666289033,4,1,0,0,-3.85768550535431,0,0,0,0,0,0.0,0,0,0,0.0,0,0,0,0,0,0,0,,0,0,0,0,8.82
00-0038428,2026_04_PIT_CLE,4,CLE,PIT,0,0,0,0,0,0,,0,0,0,0,,0,0,0,0,0,0.0,0,0,0,0.0,0,0,0,0,0,2,2,56.0,3,3,0,0,0.0
00-0038454,2026_04_LAC_SEA,4,LAC,SEA,0,0,0,0,0,0,,10,39,0,0,-0.47469659592025,6,5,24,0,26,0.193548387096774,0,0,0,0.0,0,0,0,0,0,0,0,,0,0,0,0,11.3
00-0038463,2026_04_GB_TB,4,GB,TB,0,0,0,0,0,0,,0,0,0,0,,0,0,0,0,0,0.0,1,2,1,0.0,2,0,0,0,0,0,0,,0,0,0,0,0.0
00-0038488,2026_04_LAC_SEA,4,SEA,LAC,0,0,0,0,0,0,,0,0,0,0,,0,0,0,0,0,0.0,0,0,0,0.0,0,0,0,0,0,0,0,,0,0,1,15,0.0
00-0038498,2026_04_LA_PHI,4,PHI,LA,0,0,0,0,0,0,,0,0,0,0,,0,0,0,0,0,0.0,1,0,0,0.0,0,0,0,0,0,0,0,,0,0,0,0,0.0
00-0038504,2026_04_TEN_BAL,4,BAL,TEN,0,0,0,0,0,0,,0,0,0,0,,0,0,0,0,0,0.0,2,7,0,0.0,0,1,1,0,0,0,0,,0,0,1,15,0.0
00-0038505,2026_04_TEN_BAL,4,BAL,TEN,0,0,0,0,0,0,,0,0,0,0,,0,0,0,0,0,0.0,1,1,0,0.0,0,0,0,0,0,0,0,,0,0,1,5,0.0
00-0038514,2026_04_TEN_BAL,4,TEN,BAL,0,0,0,0,0,0,,0,0,0,0,,0,0,0,0,0,0.0,0,1,0,0.0,0,0,0,0,0,0,0,,0,0,0,0,0.0
00-0038519,2026_04_KC_LV,4,KC,LV,0,0,0,0,0,0,,0,0,0,0,,0,0,0,0,0,0.0,0,0,0,0.0,0,0,0,0,0,0,0,,0,0,1,5,0.0
00-0038521,2026_04_MIA_MIN,4,MIA,MIN,0,0,0,0,0,0,,0,0,0,0,,0,0,0,0,0,0.0,0,1,0,0.0,0,0,0,0,0,0,0,,0,0,0,0,0.0
00-0038543,2026_04_LAC_SEA,4,SEA,LAC,0,0,0,0,0,0,,0,0,0,0,,6,5,76,0,23,0.3,0,0,0,0.0,0,0,0,0,0,0,0,,0,0,0,0,12.6
00-0038544,2026_04_LAC_SEA,4,LAC,SEA,0,0,0,0,0,0,,1,-4,0,0,-1.19522389955819,2,1,44,0,0,0.0645161290322581,0,0,0,0.0,0,0,0,0,0,0,0,,0,0,0,0,5.0
00-0038546,2026_04_JAX_CIN,4,CIN,JAX,0,0,0,0,0,0,,0,0,0,0,,0,0,0,0,0,0.0,1,1,1,1.0,1,0,0,0,0,0,0,,0,0,1,4,0.0
00-0038549,2026_04_JAX_CIN,4,CIN,JAX,0,0,0,0,0,0,,0,0,0,0,,0,0,0,0,0,0.0,2,1,0,0.0,0,0,1,0,0,0,0,,0,0,1,19,0.0
00-0038552,2026_04_DEN_SF,4,DEN,SF,0,0,0,0,0,0,,0,0,0,0,,0,0,0,0,0,0.0,1,1,0,0.0,0,0,0,0,0,0,0,,0,0,0,0,0.0
00-0038553,2026_04_LAC_SEA,4,LAC,SEA,0,0,0,0,0,0,,0,0,0,0,,0,0,0,0,0,0.0,3,1,1,0.0,1,0,0,0,0,0,0,,0,0,0,0,0.0
00-0038554,2026_04_DEN_SF,4,SF,DEN,0,0,0,0,0,0,,0,0,0,0,,0,0,0,0,0,0.0,3,1,0,0.0,0,0,0,0,0,0,0,,0,0,0,0,0.0
00-0038555,2026_04_LA_PHI,4,PHI,LA,0,0,0,0,0,0,,14,55,0,0,-2.74973931189426,1,0,0,0,0,0.04,0,0,0,0.0,0,0,0,0,0,0,0,,0,0,0,0,5.5
00-0038557,2026_04_NE_BUF,4,BUF,NE,0,0,0,0,0,0,,0,0,0,0,,0,0,0,0,0,0.0,3,4,1,0.0,0,0,0,0,0,0,0,,0,0,0,0,0.0
00-0038558,2026_04_PIT_CLE,4,PIT,CLE,0,0,0,0,0,0,,0,0,0,0,,5,3,27,1,9,0.128205128205128,0,0,0,0.0,0,0,0,0,0,0,0,,0,0,0,0,11.7
00-0038559,2026_04_ARI_NYG,4,ARI,NYG,0,0,0,0,0,0,,0,0,0,0,,13,7,95,0,26,0.371428571428571,0,0,0,0.0,0,0,0,0,0,0,0,,0,0,0,0,16.5
00-0038560,2026_04_JAX_CIN,4,CIN,JAX,0,0,0,0,0,0,,0,0,0,0,,0,0,0,0,0,0.0,3,1,0,0.0,0,0,0,0,0,0,0,,0,0,0,0,0.0
00-0038563,2026_04_KC_LV,4,LV,KC,0,0,0,0,0,0,,0,0,0,0,,8,4,44,0,10,0.166666666666667,0,0,0,0.0,0,0,0,0,0,0,0,,0,0,0,0,8.4
00-0038564,2026_04_NE_BUF,4,NE,BUF,0,0,0,0,0,0,,0,0,0,0,,0,0,0,0,0,0.0,1,0,0,0.0,0,0,0,0,0,0,0,,0,0,0,0,0.0
00-0038565,2026_04_PIT_CLE,4,CLE,PIT,0,0,0,0,0,0,,0,0,0,0,,0,0,0,0,0,0.0,1,0,0,0.0,0,0,0,0,0,0,0,,0,0,0,0,0.0
00-0038567,2026_04_ARI_NYG,4,ARI,NYG,0,0,0,0,0,0,,0,0,0,0,,0,0,0,0,0,0.0,0,0,0,0.0,0,0,0,0,0,1,1,60.0,3,3,0,0,0.0
00-0038570,2026_04_JAX_CIN,4,JAX,CIN,0,0,0,0,0,0,,0,0,0,0,,0,0,0,0,0,0.0,3,3,1,0.0,1,0,0,0,0,0,0,,0,0,0,0,0.0
00-0038573,2026_04_LAC_SEA,4,LAC,SEA,0,0,0,0,0,0,,0,0,0,0,,1,1,6,0,0,0.032258064516129,0,0,0,0.0,0,0,0,0,0,0,0,,0,0,0,0,1.6
00-0038574,2026_04_PIT_CLE,4,CLE,PIT,0,0,0,0,0,0,,0,0,0,0,,0,0,0,0,0,0.0,2,1,1,1.0,1,0,0,0,0,0,0,,0,0,0,0,0.0
00-0038576,2026_04_ARI_NYG,4,NYG,ARI,0,0,0,0,0,0,,0,0,0,0,,0,0,0,0,0,0.0,0,0,0,0.0,0,0,0,0,0,0,0,,0,0,0,0,0.0
00-0038577,2026_04_PIT_CLE,4,PIT,CLE,0,0,0,0,0,0,,0,0,0,0,,0,0,0,0,0,0.0,1,1,0,0.0,0,0,0,0,0,0,0,,0,0,0,0,0.0
00-0038578,2026_04_MIA_MIN,4,MIN,MIA,0,0,0,0,0,0,,0,0,0,0,,0,0,0,0,0,0.0,1,1,0,0.0,0,0,0,0,0,0,0,,0,0,0,0,0.0
00-0038591,2026_04_LAC_SEA,4,SEA,LAC,0,0,0,0,0,0,,0,0,0,0,,0,0,0,0,0,0.0,2,0,0,0.0,0,0,0,0,0,0,0,,0,0,0,0,0.0
00-0038596,2026_04_JAX_CIN,4,JAX,CIN,0,0,0,0,0,0,,0,0,0,0,,0,0,0,0,0,0.0,3,2,1,0.0,0,0,0,0,0,0,0,,0,0,0,0,0.0
00-0038597,2026_04_JAX_CIN,4,CIN,JAX,0,0,0,0,0,0,,9,10,0,0,-2.58115557424026,11,11,71,0,63,0.207547169811321,1,0,0,0.0,0,0,0,0,0,0,0,,0,0,0,0,19.1
00-0038606,2026_04_JAX_CIN,4,JAX,CIN,0,0,0,0,0,0,,1,3,0,0,-0.238088806858286,3,1,7,0,7,0.130434782608696,0,0,0,0.0,0,0,0,0,0,0,0,,0,0,0,0,2.0
00-0038608,2026_04_DAL_HOU,4,HOU,DAL,0,0,0,0,0,0,,0,0,0,0,,4,3,36,0,1,0.153846153846154,0,0,0,0.0,0,0,0,0,0,0,0,,0,0,0,0,6.6
00-0038609,2026_04_PIT_CLE,4,CLE,PIT,0,0,0,0,0,0,,0,0,0,0,,0,0,0,0,0,0.0,0,0,0,0.0,0,0,0,0,0,0,0,,0,0,1,5,0.0
00-0038611,2026_04_JAX_CIN,4,JAX,CIN,0,0,0,0,0,0,,6,35,1,0,1.17872577591334,0,0,0,0,0,0.0,0,0,0,0.0,0,0,0,0,0,0,0,,0,0,0,0,9.5
00-0038618,2026_04_DAL_HOU,4,HOU,DAL,0,0,0,0,0,0,,0,0,0,0,,5,3,46,0,28,0.192307692307692,0,0,0,0.0,0,0,0,0,0,0,0,,0,0,0,0,7.6
00-0038620,2026_04_TEN_BAL,4,TEN,BAL,0,0,0,0,0,0,,0,0,0,0,,0,0,0,0,0,0.0,1,0,0,0.0,0,0,0,0,0,0,0,,0,0,1,7,0.0
00-0038621,2026_04_NE_BUF,4,NE,BUF,0,0,0,0,0,0,,0,0,0,0,,3,2,15,0,0,0.0833333333333333,0,0,0,0.0,0,0,0,0,0,0,0,,0,0,0,0,3.5
00-0038623,2026_04_ARI_NYG,4,ARI,NYG,0,0,0,0,0,0,,0,0,0,0,,0,0,0,0,0,0.0,0,2,0,0.0,2,0,0,0,0,0,0,,0,0,1,5,0.0
00-0038624,2026_04_DAL_HOU,4,DAL,HOU,0,0,0,0,0,0,,0,0,0,0,,0,0,0,0,0,0.0,2,1,0,0.0,0,0,0,0,0,0,0,,0,0,0,0,0.0
00-0038625,2026_04_DAL_HOU,4,DAL,HOU,0,0,0,0,0,0,,0,0,0,0,,0,0,0,0,0,0.0,2,3,0,0.0,1,0,0,0,0,0,0,,0,0,0,0,0.0
00-0038640,2026_04_ARI_NYG,4,ARI,NYG,0,0,0,0,0,0,,0,0,0,0,,0,0,0,0,0,0.0,1,0,0,0.0,0,0,0,0,0,0,0,,0,0,0,0,0.0
00-0038642,2026_04_JAX_CIN,4,CIN,JAX,0,0,0,0,0,0,,0,0,0,0,,0,0,0,0,0,0.0,1,2,0,0.0,0,0,1,0,0,0,0,,0,0,1,10,0.0
00-0038643,2026_04_DEN_SF,4,SF,DEN,0,0,0,0,0,0,,0,0,0,0,,0,0,0,0,0,0.0,0,0,0,0.0,0,0,0,0,0,0,0,,0,0,0,0,0.0
00-0038653,2026_04_NE_BUF,4,NE,BUF,0,0,0,0,0,0,,0,0,0,0,,0,0,0,0,0,0.0,1,1,0,0.0,1,0,0,0,0,0,0,,0,0,1,5,0.0
00-0038685,2026_04_GB_TB,4,GB,TB,0,0,0,0,0,0,,4,30,0,0,0.895714221260278,1,1,5,0,3,0.0333333333333333,0,0,0,0.0,0,0,0,0,0,0,0,,0,0,0,0,4.5
00-0038710,2026_04_PIT_CLE,4,CLE,PIT,0,0,0,0,0,0,,0,0,0,0,,0,0,0,0,0,0.0,1,0,0,0.0,0,0,0,0,0,0,0,,0,0,0,0,0.0
00-0038715,2026_04_PIT_CLE,4,CLE,PIT,0,0,0,0,0,0,,0,0,0,0,,0,0,0,0,0,0.0,1,4,0,0.0,0,0,1,0,0,0,0,,0,0,0,0,0.0
00-0038731,2026_04_DAL_HOU,4,DAL,HOU,0,0,0,0,0,0,,0,0,0,0,,0,0,0,0,0,0.0,0,0,0,0.0,0,0,0,0,0,0,0,,0,0,1,10,0.0
00-0038738,2026_04_DAL_HOU,4,DAL,HOU,0,0,0,0,0,0,,0,0,0,0,,1,1,2,0,0,0.0232558139534884,0,3,0,0.0,0,0,0,0,0,0,0,,0,0,0,0,1.2
00-0038764,2026_04_LAC_SEA,4,SEA,LAC,0,0,0,0,0,0,,0,0,0,0,,0,0,0,0,0,0.0,1,0,0,0.0,0,0,0,0,0,0,0,,0,0,0,0,0.0
00-0038778,2026_04_MIA_MIN,4,MIN,MIA,0,0,0,0,0,0,,0,0,0,0,,0,0,0,0,0,0.0,2,1,0,0.0,0,0,0,0,0,0,0,,0,0,0,0,0.0
00-0038782,2026_04_ARI_NYG,4,ARI,NYG,0,0,0,0,0,0,,0,0,0,0,,0,0,0,0,0,0.0,0,1,0,0.0,0,0,0,0,0,0,0,,0,0,0,0,0.0
00-0038794,2026_04_PIT_CLE,4,CLE,PIT,0,0,0,0,0,0,,1,28,1,0,2.88647243275773,0,0,0,0,0,0.0,0,0,0,0.0,0,0,0,0,0,0,0,,0,0,0,0,8.8
00-0038797,2026_04_LAC_SEA,4,SEA,LAC,0,0,0,0,0,0,,21,81,1,0,0.222811599494889,4,3,39,1,54,0.2,1,0,0,0.0,0,0,0,0,0,0,0,,0,0,0,0,27.0
00-0038807,2026_04_MIA_MIN,4,MIN,MIA,0,0,0,0,0,0,,0,0,0,0,,0,0,0,0,0,0.0,0,2,0,0.0,0,0,0,0,0,0,0,,0,0,0,0,0.0
00-0038824,2026_04_MIA_MIN,4,MIA,MIN,0,0,0,0,0,0,,0,0,0,0,,0,0,0,0,0,0.0,1,0,0,0.0,0,0,0,0,0,0,0,,0,0,0,0,0.0
00-0038839,2026_04_JAX_CIN,4,CIN,JAX,0,0,0,0,0,0,,0,0,0,0,,7,3,49,0,4,0.132075471698113,1,0,0,0.0,0,0,0,0,0,0,0,,0,0,0,0,7.9
00-0038866,2026_04_LAC_SEA,4,SEA,LAC,0,0,0,0,0,0,,0,0,0,0,,0,0,0,0,0,0.0,0,1,0,0.0,0,0,0,0,0,0,0,,0,0,0,0,0.0
00-0038922,2026_04_LAC_SEA,4,SEA,LAC,0,0,0,0,0,0,,0,0,0,0,,0,0,0,0,0,0.0,4,1,1,0.0,1,1,1,0,0,0,0,,0,0,0,0,0.0
00-0038933,2026_04_NE_BUF,4,BUF,NE,0,0,0,0,0,0,,0,0,0,0,,2,1,7,0,3,0.0666666666666667,0,0,0,0.0,0,0,0,0,0,0,0,,0,0,0,0,1.7
00-0038934,2026_04_JAX_CIN,4,JAX,CIN,0,0,0,0,0,0,,0,0,0,0,,0,0,0,0,0,0.0,0,0,0,0.0,0,0,0,0,0,0,0,,0,0,2,15,0.0
00-0038935,2026_04_JAX_CIN,4,JAX,CIN,0,0,0,0,0,0,,0,0,0,0,,8,7,95,0,56,0.347826086956522,0,0,0,0.0,0,0,0,0,0,0,0,,0,0,0,0,16.5
00-0038951,2026_04_GB_TB,4,TB,GB,0,0,0,0,0,0,,3,10,1,0,1.84044202946825,0,0,0,0,0,0.0,0,0,0,0.0,0,0,0,0,0,0,0,,0,0,0,0,7.0
00-0038976,2026_04_DEN_SF,4,DEN,SF,0,0,0,0,0,0,,0,0,0,0,,3,1,10,0,14,0.0789473684210526,1,0,0,0.0,0,0,0,0,0,0,0,,0,0,1,5,2.0
00-0038982,2026_04_KC_LV,4,KC,LV,0,0,0,0,0,0,,0,0,0,0,,0,0,0,0,0,0.0,3,3,0,0.0,0,0,1,0,0,0,0,,0,0,0,0,0.0
00-0038984,2026_04_ARI_NYG,4,ARI,NYG,0,0,0,0,0,0,,0,0,0,0,,0,0,0,0,0,0.0,1,0,0,0.0,0,0,0,0,0,0,0,,0,0,0,0,0.0
00-0038986,2026_04_ARI_NYG,4,NYG,ARI,0,0,0,0,0,0,,0,0,0,0,,0,0,0,0,0,0.0,0,1,0,0.0,0,0,0,0,0,0,0,,0,0,0,0,0.0
00-0038994,2026_04_MIA_MIN,4,MIN,MIA,0,0,0,0,0,0,,1,-1,0,0,-0.735363519168459,6,4,52,0,39,0.181818181818182,0,0,0,0.0,0,0,0,0,0,0,0,,0,0,1,5,9.1
00-0038996,2026_04_GB_TB,4,GB,TB,0,0,0,0,0,0,,1,3,0,0,1.90553174016532,7,6,42,1,42,0.233333333333333,1,0,0,0.0,0,0,0,0,0,0,0,,0,0,1,4,16.5
00-0038997,2026_04_IND_WAS,4,IND,WAS,0,0,0,0,0,0,,0,0,0,0,,4,3,16,0,14,0.137931034482759,0,0,0,0.0,0,0,0,0,0,0,0,,0,0,0,0,4.6
00-0039000,2026_04_ARI_NYG,4,NYG,ARI,0,0,0,0,0,0,,0,0,0,0,,0,0,0,0,0,0.0,1,3,0,0.0,0,1,4,0,1,0,0,,0,0,1,18,0.0
00-0039006,2026_04_KC_LV,4,KC,LV,0,0,0,0,0,0,,0,0,0,0,,0,0,0,0,0,0.0,1,1,1,0.0,1,0,0,0,0,0,0,,0,0,1,15,0.0
00-0039007,2026_04_ARI_NYG,4,ARI,NYG,0,0,0,0,0,0,,0,0,0,0,,0,0,0,0,0,0.0,3,0,0,0.0,0,0,1,0,0,0,0,,0,0,0,0,0.0
00-0039013,2026_04_LA_PHI,4,PHI,LA,0,0,0,0,0,0,,0,0,0,0,,0,0,0,0,0,0.0,2,0,1,1.0,1,0,0,0,0,0,0,,0,0,0,0,0.0
00-0039021,2026_04_NYJ_CHI,4,CHI,NYJ,0,0,0,0,0,0,,4,16,0,0,0.538802724389825,1,1,7,0,2,0.032258064516129,1,0,0,0.0,0,0,0,0,0,0,0,,0,0,0,0,3.3
00-0039031,2026_04_IND_WAS,4,IND,WAS,0,0,0,0,0,0,,0,0,0,0,,0,0,0,0,0,0.0,0,1,0,0.5,2,0,0,0,0,0,0,,0,0,0,0,0.0
00-0039032,2026_04_TEN_BAL,4,TEN,BAL,0,0,0,0,0,0,,2,7,0,0,-0.206377849041019,1,1,-1,0,2,0.0357142857142857,0,0,0,0.0,0,0,0,0,0,0,0,,0,0,0,0,1.6
00-0039041,2026_04_ARI_NYG,4,ARI,NYG,0,0,0,0,0,0,,0,0,0,0,,2,2,19,1,17,0.0571428571428571,1,0,0,0.0,0,0,0,0,0,0,0,,0,0,0,0,9.9
00-0039047,2026_04_LAC_SEA,4,SEA,LAC,0,0,0,0,0,0,,0,0,0,0,,0,0,0,0,0,0.0,1,1,0,0.0,0,0,0,0,0,0,0,,0,0,1,15,0.0
00-0039059,2026_04_LA_PHI,4,LA,PHI,0,0,0,0,0,0,,0,0,0,0,,0,0,0,0,0,0.0,0,0,0,0.0,0,0,0,0,0,0,0,,0,0,0,0,0.0
00-0039062,2026_04_DAL_HOU,4,DAL,HOU,0,0,0,0,0,0,,0,0,0,0,,2,0,0,0,0,0.0465116279069768,0,0,0,0.0,0,0,0,0,0,0,0,,0,0,0,0,0.0
00-0039064,2026_04_TEN_BAL,4,BAL,TEN,0,0,0,0,0,0,,0,0,0,0,,10,8,118,1,48,0.344827586206897,0,0,0,0.0,0,0,0,0,0,0,0,,0,0,1,5,25.8
00-0039066,2026_04_KC_LV,4,LV,KC,0,0,0,0,0,0,,0,0,0,0,,10,8,82,0,38,0.208333333333333,0,0,0,0.0,0,0,0,0,0,0,0,,0,0,0,0,16.2
00-0039068,2026_04_GB_TB,4,TB,GB,0,0,0,0,0,0,,0,0,0,0,,0,0,0,0,0,0.0,1,1,0,0.0,0,0,0,0,0,0,0,,0,0,0,0,0.0
00-0039071,2026_04_NYJ_CHI,4,CHI,NYJ,0,0,0,0,0,0,,0,0,0,0,,0,0,0,0,0,0.0,3,1,1,0.0,0,0,0,0,0,0,0,,0,0,0,0,0.0
00-0039074,2026_04_LA_PHI,4,LA,PHI,0,0,0,0,0,0,,0,0,0,0,,2,0,0,0,0,0.04,0,0,0,0.0,0,0,0,0,0,0,0,,0,0,1,10,0.0
00-0039075,2026_04_LA_PHI,4,LA,PHI,0,0,0,0,0,0,,1,2,1,0,0.888570908718975,12,9,125,0,41,0.24,0,0,0,0.0,0,0,0,0,0,0,0,,0,0,2,25,27.7
00-0039108,2026_04_DAL_HOU,4,HOU,DAL,0,0,0,0,0,0,,0,0,0,0,,0,0,0,0,0,0.0,3,2,1,0.5,5,0,0,0,0,0,0,,0,0,0,0,0.0
00-0039110,2026_04_PIT_CLE,4,PIT,CLE,0,0,0,0,0,0,,0,0,0,0,,0,0,0,0,0,0.0,2,1,0,0.0,0,0,0,0,0,0,0,,0,0,0,0,0.0
00-0039111,2026_04_LAC_SEA,4,LAC,SEA,0,0,0,0,0,0,,0,0,0,0,,0,0,0,0,0,0.0,2,3,1,0.5,2,1,1,1,0,0,0,,0,0,1,15,0.0
00-0039112,2026_04_GB_TB,4,GB,TB,0,0,0,0,0,0,,0,0,0,0,,0,0,0,0,0,0.0,2,2,0,0.0,0,0,0,0,0,0,0,,0,0,0,0,0.0
00-0039137,2026_04_LA_PHI,4,LA,PHI,0,0,0,0,0,0,,0,0,0,0,,0,0,0,0,0,0.0,4,2,2,2.5,3,0,0,1,0,0,0,,0,0,0,0,0.0
00-0039138,2026_04_LA_PHI,4,LA,PHI,0,0,0,0,0,0,,0,0,0,0,,0,0,0,0,0,0.0,1,0,0,0.0,0,0,1,0,0,0,0,,0,0,0,0,0.0
00-0039140,2026_04_LA_PHI,4,PHI,LA,0,0,0,0,0,0,,0,0,0,0,,0,0,0,0,0,0.0,1,2,0,0.0,0,0,0,0,0,0,0,,0,0,1,5,0.0
00-0039142,2026_04_NYJ_CHI,4,NYJ,CHI,0,0,0,0,0,0,,0,0,0,0,,0,0,0,0,0,0.0,2,3,0,0.0,0,0,0,0,0,0,0,,0,0,0,0,0.0
00-0039148,2026_04_DEN_SF,4,SF,DEN,0,0,0,0,0,0,,0,0,0,0,,0,0,0,0,0,0.0,0,1,0,0.0,1,0,0,0,0,0,0,,0,0,0,0,0.0
00-0039149,2026_04_IND_WAS,4,WAS,IND,0,0,0,0,0,0,,0,0,0,0,,0,0,0,0,0,0.0,3,2,0,0.0,0,0,0,0,0,0,0,,0,0,0,0,0.0
00-0039151,2026_04_LA_PHI,4,LA,PHI,0,0,0,0,0,0,,0,0,0,0,,0,0,0,0,0,0.0,1,0,0,0.0,0,0,0,0,0,0,0,,0,0,0,0,0.0
00-0039156,2026_04_MIA_MIN,4,MIA,MIN,0,0,0,0,0,0,,0,0,0,0,,0,0,0,0,0,0.0,1,5,0,0.0,0,0,0,0,0,0,0,,0,0,1,5,0.0
00-0039163,2026_04_DAL_HOU,4,HOU,DAL,21,31,347,2,0,2,15.1820470077548,2,12,0,0,0.911515567218885,0,0,0,0,0,0.0,0,0,0,0.0,0,0,0,0,0,0,0,,0,0,0,0,23.08
00-0039169,2026_04_LAC_SEA,4,SEA,LAC,0,0,0,0,0,0,,0,0,0,0,,0,0,0,0,0,0.0,8,1,1,0.0,0,0,0,0,0,0,0,,0,0,1,15,0.0
00-0039176,2026_04_ARI_NYG,4,NYG,ARI,0,0,0,0,0,0,,0,0,0,0,,0,0,0,0,0,0.0,1,1,1,1.0,1,0,0,0,0,0,0,,0,0,0,0,0.0
00-0039178,2026_04_IND_WAS,4,IND,WAS,0,0,0,0,0,0,,0,0,0,0,,0,0,0,0,0,0.0,2,2,0,0.0,0,0,0,0,0,0,0,,0,0,0,0,0.0
00-0039232,2026_04_TEN_BAL,4,BAL,TEN,0,0,0,0,0,0,,0,0,0,0,,0,0,0,0,0,0.0,0,0,0,0.0,0,0,0,0,0,0,0,,0,0,1,5,0.0
00-0039233,2026_04_TEN_BAL,4,BAL,TEN,0,0,0,0,0,0,,0,0,0,0,,0,0,0,0,0,0.0,0,0,0,0.0,0,0,0,0,0,0,0,,0,0,1,1,0.0
00-0039284,2026_04_NYJ_CHI,4,NYJ,CHI,0,0,0,0,0,0,,0,0,0,0,,0,0,0,0,0,0.0,1,0,0,0.0,0,0,0,0,0,0,0,,0,0,0,0,0.0
00-0039299,2026_04_LAC_SEA,4,SEA,LAC,0,0,0,0,0,0,,7,18,0,0,-4.02594565565232,1,1,2,0,0,0.05,0,0,0,0.0,0,0,0,0,0,0,0,,0,0,0,0,3.0
00-0039309,2026_04_LAC_SEA,4,SEA,LAC,0,0,0,0,0,0,,0,0,0,0,,0,0,0,0,0,0.0,1,0,1,1.0,1,0,0,0,0,0,0,,0,0,0,0,0.0
00-0039323,2026_04_JAX_CIN,4,CIN,JAX,0,0,0,0,0,0,,0,0,0,0,,0,0,0,0,0,0.0,0,0,0,0.0,0,0,0,0,0,0,0,,0,0,0,0,0.0
00-0039324,2026_04_KC_LV,4,KC,LV,0,0,0,0,0,0,,0,0,0,0,,0,0,0,0,0,0.0,1,1,0,0.0,0,0,0,0,0,0,0,,0,0,0,0,0.0
00-0039337,2026_04_ARI_NYG,4,NYG,ARI,0,0,0,0,0,0,,0,0,0,0,,7,6,112,1,7,0.241379310344828,0,0,0,0.0,0,0,0,0,0,0,0,,0,0,0,0,23.2
00-0039338,2026_04_KC_LV,4,LV,KC,0,0,0,0,0,0,,0,0,0,0,,11,6,86,1,13,0.229166666666667,0,0,0,0.0,0,0,0,0,0,0,0,,0,0,0,0,20.6
00-0039340,2026_04_IND_WAS,4,IND,WAS,0,0,0,0,0,0,,0,0,0,0,,0,0,0,0,0,0.0,1,2,0,0.5,4,0,0,0,0,0,0,,0,0,0,0,0.0
00-0039341,2026_04_DAL_HOU,4,DAL,HOU,0,0,0,0,0,0,,0,0,0,0,,0,0,0,0,0,0.0,0,0,0,0.0,0,0,0,0,0,0,0,,0,0,1,5,0.0
00-0039343,2026_04_DAL_HOU,4,HOU,DAL,0,0,0,0,0,0,,0,0,0,0,,0,0,0,0,0,0.0,7,1,0,0.0,0,0,2,0,0,0,0,,0,0,3,14,0.0
00-0039345,2026_04_DEN_SF,4,SF,DEN,0,0,0,0,0,0,,0,0,0,0,,0,0,0,0,0,0.0,3,0,0,0.0,0,0,0,0,0,0,0,,0,0,0,0,0.0
00-0039353,2026_04_JAX_CIN,4,JAX,CIN,0,0,0,0,0,0,,0,0,0,0,,0,0,0,0,0,0.0,7,0,1,0.0,0,0,3,0,0,0,0,,0,0,1,15,0.0
00-0039359,2026_04_DAL_HOU,4,HOU,DAL,0,0,0,0,0,0,,0,0,0,0,,1,1,20,0,19,0.0384615384615385,3,0,0,0.0,0,0,0,0,0,0,0,,0,0,1,10,3.0
00-0039360,2026_04_DEN_SF,4,SF,DEN,0,0,0,0,0,0,,0,0,0,0,,0,0,0,0,0,0.0,1,0,0,0.0,0,0,1,0,0,0,0,,0,0,0,0,0.0
00-0039361,2026_04_GB_TB,4,TB,GB,0,0,0,0,0,0,,16,61,0,0,-0.925633047532756,0,0,0,0,0,0.0,0,0,0,0.0,0,0,0,0,0,0,0,,0,0,0,0,6.1
00-0039365,2026_04_DEN_SF,4,SF,DEN,0,0,0,0,0,0,,1,2,0,0,0.0161936450749636,1,0,0,0,0,0.0344827586206897,0,0,0,0.0,0,0,0,0,0,0,0,,0,0,0,0,0.2
00-0039366,2026_04_LAC_SEA,4,LAC,SEA,0,0,0,0,0,0,,0,0,0,0,,0,0,0,0,0,0.0,0,0,0,0.0,0,0,2,0,0,0,0,,0,0,0,0,0.0
00-0039369,2026_04_LAC_SEA,4,LAC,SEA,0,0,0,0,0,0,,0,0,0,0,,0,0,0,0,0,0.0,1,2,0,0.0,0,0,1,0,0,0,0,,0,0,0,0,0.0
00-0039371,2026_04_DEN_SF,4,DEN,SF,0,0,0,0,0,0,,0,0,0,0,,0,0,0,0,0,0.0,3,0,0,0.0,0,0,0,0,0,0,0,,0,0,0,0,0.0
00-0039374,2026_04_KC_LV,4,LV,KC,0,0,0,0,0,0,,0,0,0,0,,0,0,0,0,0,0.0,1,1,0,0.0,0,0,0,0,0,0,0,,0,0,0,0,0.0
00-0039377,2026_04_IND_WAS,4,IND,WAS,0,0,0,0,0,0,,0,0,0,0,,0,0,0,0,0,0.0,3,2,0,0.0,0,1,1,0,0,0,0,,0,0,0,0,0.0
00-0039383,2026_04_MIA_MIN,4,MIA,MIN,0,0,0,0,0,0,,0,0,0,0,,0,0,0,0,0,0.0,0,1,0,0.0,0,0,0,0,0,0,0,,0,0,0,0,0.0
00-0039384,2026_04_ARI_NYG,4,NYG,ARI,0,0,0,0,0,0,,1,-1,0,0,-1.03505208762363,0,0,0,0,0,0.0,0,1,0,0.0,0,0,0,0,0,0,0,,0,0,0,0,-0.1
00-0039391,2026_04_LAC_SEA,4,LAC,SEA,0,0,0,0,0,0,,5,25,0,0,0.960512126878197,3,2,11,1,17,0.0967741935483871,0,1,0,0.0,0,0,0,0,0,0,0,,0,0,0,0,11.6
00-0039395,2026_04_DAL_HOU,4,HOU,DAL,0,0,0,0,0,0,,0,0,0,0,,0,0,0,0,0,0.0,1,1,0,0.0,0,0,0,0,0,0,0,,0,0,0,0,0.0
00-0039402,2026_04_DAL_HOU,4,HOU,DAL,0,0,0,0,0,0,,0,0,0,0,,0,0,0,0,0,0.0,0,1,0,0.5,1,0,0,0,0,0,0,,0,0,0,0,0.0
00-0039404,2026_04_MIA_MIN,4,MIN,MIA,0,0,0,0,0,0,,0,0,0,0,,0,0,0,0,0,0.0,0,0,0,0.0,0,0,0,0,0,5,5,50.0,0,0,0,0,0.0
00-0039407,2026_04_KC_LV,4,LV,KC,0,0,0,0,0,0,,0,0,0,0,,0,0,0,0,0,0.0,0,0,0,0.0,0,0,0,0,0,0,0,,0,0,0,0,0.0
00-0039409,2026_04_JAX_CIN,4,JAX,CIN,0,0,0,0,0,0,,0,0,0,0,,0,0,0,0,0,0.0,0,0,0,0.0,0,0,0,0,0,3,3,55.0,1,1,0,0,0.0
00-0039410,2026_04_DAL_HOU,4,DAL,HOU,0,0,0,0,0,0,,0,0,0,0,,5,4,37,0,29,0.116279069767442,0,0,0,0.0,0,0,0,0,0,0,0,,0,0,0,0,7.7
00-0039417,2026_04_PIT_CLE,4,CLE,PIT,0,0,0,0,0,0,,0,0,0,0,,0,0,0,0,0,0.0,2,1,0,0.0,0,0,0,0,0,0,0,,0,0,2,9,0.0
00-0039431,2026_04_NYJ_CHI,4,NYJ,CHI,0,0,0,0,0,0,,0,0,0,0,,0,0,0,0,0,0.0,1,2,1,0.0,0,0,0,0,0,0,0,,0,0,0,0,0.0
00-0039451,2026_04_NYJ_CHI,4,NYJ,CHI,0,0,0,0,0,0,,0,0,0,0,,3,2,73,1,28,0.2,0,0,0,0.0,0,0,0,0,0,0,0,,0,0,0,0,15.3
00-0039459,2026_04_NYJ_CHI,4,CHI,NYJ,0,0,0,0,0,0,,0,0,0,0,,0,0,0,0,0,0.0,0,0,0,0.0,0,0,0,0,0,0,0,,0,0,1,10,0.0
00-0039465,2026_04_DAL_HOU,4,DAL,HOU,0,0,0,0,0,0,,0,0,0,0,,0,0,0,0,0,0.0,4,0,0,0.0,0,0,0,0,0,0,0,,0,0,1,8,0.0
00-0039498,2026_04_LA_PHI,4,LA,PHI,0,0,0,0,0,0,,0,0,0,0,,0,0,0,0,0,0.0,0,0,0,0.0,0,0,0,0,0,1,2,40.0,3,3,1,0,0.0
00-0039515,2026_04_PIT_CLE,4,CLE,PIT,0,0,0,0,0,0,,0,0,0,0,,0,0,0,0,0,0.0,0,0,0,0.0,0,0,0,0,0,0,0,,0,0,2,20,0.0
00-0039530,2026_04_DAL_HOU,4,DAL,HOU,0,0,0,0,0,0,,0,0,0,0,,1,0,0,0,0,0.0232558139534884,0,3,0,0.0,0,0,0,0,0,0,0,,0,0,0,0,0.0
00-0039532,2026_04_MIA_MIN,4,MIA,MIN,0,0,0,0,0,0,,0,0,0,0,,0,0,0,0,0,0.0,0,0,0,0.0,0,0,0,0,0,0,0,,0,0,1,10,0.0
00-0039576,2026_04_IND_WAS,4,IND,WAS,0,0,0,0,0,0,,0,0,0,0,,0,0,0,0,0,0.0,0,0,0,0.0,0,0,0,0,0,3,3,52.0,3,3,0,0,0.0
00-0039589,2026_04_GB_TB,4,TB,GB,0,0,0,0,0,0,,0,0,0,0,,2,1,3,0,4,0.0769230769230769,1,1,0,0.0,0,0,0,0,0,0,0,,0,0,0,0,1.3
00-0039632,2026_04_JAX_CIN,4,CIN,JAX,0,0,0,0,0,0,,0,0,0,0,,0,0,0,0,0,0.0,3,1,0,0.0,0,0,0,0,0,0,0,,0,0,1,10,0.0
00-0039634,2026_04_NYJ_CHI,4,NYJ,CHI,0,0,0,0,0,0,,0,0,0,0,,0,0,0,0,0,0.0,0,0,0,0.0,0,0,0,0,0,0,0,,0,0,0,0,0.0
00-0039681,2026_04_IND_WAS,4,WAS,IND,0,0,0,0,0,0,,0,0,0,0,,0,0,0,0,0,0.0,1,1,0,0.0,0,0,0,0,0,0,0,,0,0,1,10,0.0
00-0039686,2026_04_IND_WAS,4,WAS,IND,0,0,0,0,0,0,,0,0,0,0,,1,0,0,0,0,0.0277777777777778,0,0,0,0.0,0,0,0,0,0,0,0,,0,0,0,0,0.0
00-0039710,2026_04_MIA_MIN,4,MIN,MIA,0,0,0,0,0,0,,0,0,0,0,,0,0,0,0,0,0.0,0,1,0,0.0,0,0,0,0,0,0,0,,0,0,1,15,0.0
00-0039732,2026_04_DEN_SF,4,DEN,SF,25,42,214,1,0,0,4.71768412946058,2,10,0,0,0.345218400703743,0,0,0,0,0,0.0,0,0,0,0.0,0,0,0,0,0,0,0,,0,0,0,0,13.56
00-0039733,2026_04_JAX_CIN,4,JAX,CIN,0,0,0,0,0,0,,0,0,0,0,,0,0,0,0,0,0.0,1,1,0,0.0,0,0,0,0,0,0,0,,0,0,0,0,0.0
00-0039734,2026_04_LA_PHI,4,LA,PHI,0,0,0,0,0,0,,0,0,0,0,,0,0,0,0,0,0.0,0,2,0,0.0,1,0,0,0,0,0,0,,0,0,0,0,0.0
00-0039738,2026_04_LA_PHI,4,LA,PHI,0,0,0,0,0,0,,5,14,0,0,-1.40026039071381,2,1,7,0,5,0.04,0,0,0,0.0,0,0,0,0,0,0,0,,0,0,0,0,3.1
00-0039739,2026_04_PIT_CLE,4,PIT,CLE,0,0,0,0,0,0,,0,0,0,0,,6,3,74,1,45,0.153846153846154,1,0,0,0.0,0,0,0,0,0,0,0,,0,0,0,0,16.4
00-0039740,2026_04_LA_PHI,4,PHI,LA,0,0,0,0,0,0,,0,0,0,0,,0,0,0,0,0,0.0,1,0,0,0.0,2,0,1,0,0,0,0,,0,0,0,0,0.0
00-0039741,2026_04_PIT_CLE,4,PIT,CLE,0,0,0,0,0,0,,0,0,0,0,,0,0,0,0,0,0.0,7,2,1,1.0,1,0,0,0,0,0,0,,0,0,0,0,0.0
00-0039746,2026_04_LA_PHI,4,PHI,LA,0,0,0,0,0,0,,6,23,0,0,-0.907520000764634,1,0,0,0,0,0.04,0,0,0,0.0,0,0,0,0,0,0,0,,0,0,0,0,2.3
00-0039749,2026_04_LA_PHI,4,LA,PHI,0,0,0,0,0,0,,0,0,0,0,,0,0,0,0,0,0.0,1,2,1,0.0,0,0,0,0,0,0,0,,0,0,0,0,0.0
00-0039751,2026_04_LA_PHI,4,LA,PHI,0,0,0,0,0,0,,0,0,0,0,,2,1,4,0,0,0.04,0,0,0,0.0,0,0,0,0,0,0,0,,0,0,1,10,1.4
00-0039752,2026_04_JAX_CIN,4,CIN,JAX,0,0,0,0,0,0,,0,0,0,0,,0,0,0,0,0,0.0,0,1,0,0.0,0,0,0,0,0,0,0,,0,0,0,0,0.0
00-0039763,2026_04_NE_BUF,4,BUF,NE,0,0,0,0,0,0,,0,0,0,0,,0,0,0,0,0,0.0,1,0,0,0.0,0,0,0,0,0,0,0,,0,0,0,0,0.0
00-0039770,2026_04_NE_BUF,4,NE,BUF,0,0,0,0,0,0,,0,0,0,0,,0,0,0,0,0,0.0,1,1,0,0.0,0,0,0,0,0,0,0,,0,0,0,0,0.0
00-0039772,2026_04_LA_PHI,4,LA,PHI,0,0,0,0,0,0,,0,0,0,0,,0,0,0,0,0,0.0,3,0,0,0.0,0,0,0,0,0,0,0,,0,0,0,0,0.0
00-0039774,2026_04_LA_PHI,4,LA,PHI,0,0,0,0,0,0,,0,0,0,0,,0,0,0,0,0,0.0,5,0,0,1.0,1,0,0,0,0,0,0,,0,0,0,0,0.0
00-0039789,2026_04_NYJ_CHI,4,NYJ,CHI,0,0,0,0,0,0,,0,0,0,0,,0,0,0,0,0,0.0,2,0,0,0.0,0,0,0,0,0,0,0,,0,0,1,5,0.0
00-0039792,2026_04_TEN_BAL,4,BAL,TEN,0,0,0,0,0,0,,0,0,0,0,,2,1,19,0,6,0.0689655172413793,0,0,0,0.0,0,0,0,0,0,0,0,,0,0,1,10,2.9
00-0039793,2026_04_LAC_SEA,4,SEA,LAC,0,0,0,0,0,0,,0,0,0,0,,3,1,12,0,7,0.15,0,0,0,0.0,0,0,0,0,0,0,0,,0,0,0,0,2.2
00-0039794,2026_04_NYJ_CHI,4,NYJ,CHI,0,0,0,0,0,0,,14,59,0,0,0.47261034976691,2,2,8,0,8,0.133333333333333,0,0,0,0.0,0,0,0,0,0,0,0,,0,0,0,0,8.7
00-0039795,2026_04_LAC_SEA,4,SEA,LAC,0,0,0,0,0,0,,0,0,0,0,,0,0,0,0,0,0.0,1,1,0,0.0,0,0,1,0,0,0,0,,0,0,0,0,0.0
00-0039798,2026_04_NYJ_CHI,4,NYJ,CHI,0,0,0,0,0,0,,0,0,0,0,,0,0,0,0,0,0.0,1,0,0,0.0,0,0,0,0,0,0,0,,0,0,0,0,0.0
00-0039807,2026_04_ARI_NYG,4,ARI,NYG,0,0,0,0,0,0,,0,0,0,0,,0,0,0,0,0,0.0,2,2,0,0.0,0,0,0,0,0,0,0,,0,0,0,0,0.0
00-0039808,2026_04_ARI_NYG,4,ARI,NYG,0,0,0,0,0,0,,0,0,0,0,,0,0,0,0,0,0.0,1,0,0,0.0,0,0,0,0,0,0,0,,0,0,0,0,0.0
00-0039809,2026_04_DEN_SF,4,DEN,SF,0,0,0,0,0,0,,0,0,0,0,,0,0,0,0,0,0.0,0,1,0,0.0,0,0,0,0,0,0,0,,0,0,0,0,0.0
00-0039811,2026_04_GB_TB,4,GB,TB,0,0,0,0,0,0,,7,13,0,0,-3.01735115307383,5,5,36,0,47,0.166666666666667,0,0,0,0.0,0,0,0,0,0,0,0,,0,0,1,5,9.9
00-0039812,2026_04_GB_TB,4,GB,TB,0,0,0,0,0,0,,0,0,0,0,,0,0,0,0,0,0.0,0,1,0,0.0,0,0,0,0,0,0,0,,0,0,0,0,0.0
00-0039813,2026_04_GB_TB,4,GB,TB,0,0,0,0,0,0,,0,0,0,0,,0,0,0,0,0,0.0,3,4,1,1.0,2,1,2,0,0,0,0,,0,0,0,0,0.0
00-0039816,2026_04_IND_WAS,4,IND,WAS,0,0,0,0,0,0,,0,0,0,0,,0,0,0,0,0,0.0,0,0,0,0.0,0,0,0,0,0,0,0,,0,0,0,0,0.0
00-0039819,2026_04_GB_TB,4,GB,TB,0,0,0,0,0,0,,0,0,0,0,,0,0,0,0,0,0.0,0,0,0,0.0,0,0,0,0,0,0,0,,0,0,1,10,0.0
00-0039821,2026_04_ARI_NYG,4,NYG,ARI,0,0,0,0,0,0,,0,0,0,0,,0,0,0,0,0,0.0,0,0,0,0.0,0,0,2,0,0,0,0,,0,0,0,0,0.0
00-0039825,2026_04_KC_LV,4,KC,LV,0,0,0,0,0,0,,0,0,0,0,,0,0,0,0,0,0.0,1,1,0,0.0,0,0,0,0,0,0,0,,0,0,0,0,0.0
00-0039826,2026_04_LA_PHI,4,PHI,LA,0,0,0,0,0,0,,0,0,0,0,,0,0,0,0,0,0.0,10,5,0,0.0,0,0,1,0,0,0,0,,0,0,0,0,0.0
00-0039829,2026_04_NE_BUF,4,NE,BUF,0,0,0,0,0,0,,0,0,0,0,,0,0,0,0,0,0.0,2,2,1,0.0,0,0,0,0,0,0,0,,0,0,0,0,0.0
00-0039834,2026_04_LA_PHI,4,LA,PHI,0,0,0,0,0,0,,0,0,0,0,,0,0,0,0,0,0.0,3,3,0,0.5,1,0,1,0,0,0,0,,0,0,0,0,0.0
00-0039835,2026_04_LAC_SEA,4,LAC,SEA,0,0,0,0,0,0,,0,0,0,0,,0,0,0,0,0,0.0,0,3,0,0.5,1,0,0,0,0,0,0,,0,0,1,15,0.0
00-0039838,2026_04_DAL_HOU,4,HOU,DAL,0,0,0,0,0,0,,0,0,0,0,,0,0,0,0,0,0.0,4,4,0,0.0,0,0,0,0,0,0,0,,0,0,0,0,0.0
00-0039840,2026_04_NYJ_CHI,4,CHI,NYJ,0,0,0,0,0,0,,0,0,0,0,,0,0,0,0,0,0.0,1,1,1,1.0,2,0,0,0,0,0,0,,0,0,0,0,0.0
00-0039841,2026_04_LA_PHI,4,PHI,LA,0,0,0,0,0,0,,0,0,0,0,,0,0,0,0,0,0.0,3,2,0,0.0,0,1,2,0,0,0,0,,0,0,0,0,0.0
00-0039846,2026_04_GB_TB,4,TB,GB,0,0,0,0,0,0,,0,0,0,0,,0,0,0,0,0,0.0,4,2,0,0.0,1,0,0,1,0,0,0,,0,0,0,0,0.0
00-0039847,2026_04_ARI_NYG,4,NYG,ARI,0,0,0,0,0,0,,0,0,0,0,,1,1,11,1,0,0.0344827586206897,1,0,0,0.0,0,0,0,0,0,0,0,,0,0,0,0,8.1
00-0039849,2026_04_ARI_NYG,4,ARI,NYG,0,0,0,0,0,0,,0,0,0,0,,4,1,12,1,0,0.114285714285714,1,0,0,0.0,0,0,0,0,0,0,0,,0,0,0,0,8.2
00-0039850,2026_04_GB_TB,4,GB,TB,0,0,0,0,0,0,,0,0,0,0,,0,0,0,0,0,0.0,4,5,0,1.0,1,1,1,0,0,0,0,,0,0,0,0,0.0
00-0039851,2026_04_NE_BUF,4,NE,BUF,22,37,269,3,1,1,11.0266030729913,8,54,0,0,4.78982961244765,0,0,0,0,0,0.0,0,0,0,0.0,0,0,0,0,0,0,0,,0,0,0,0,26.16
00-0039852,2026_04_PIT_CLE,4,CLE,PIT,0,0,0,0,0,0,,0,0,0,0,,0,0,0,0,0,0.0,1,1,1,0.0,0,0,0,0,0,0,0,,0,0,2,6,0.0
00-0039854,2026_04_ARI_NYG,4,ARI,NYG,0,0,0,0,0,0,,0,0,0,0,,0,0,0,0,0,0.0,2,2,1,1.0,1,0,0,0,0,0,0,,0,0,0,0,0.0
00-0039858,2026_04_TEN_BAL,4,TEN,BAL,0,0,0,0,0,0,,0,0,0,0,,0,0,0,0,0,0.0,2,2,1,0.0,0,0,0,0,0,0,0,,0,0,1,10,0.0
00-0039861,2026_04_ARI_NYG,4,NYG,ARI,0,0,0,0,0,0,,0,0,0,0,,0,0,0,0,0,0.0,4,0,0,0.0,0,0,2,0,0,0,0,,0,0,0,0,0.0
00-0039867,2026_04_GB_TB,4,GB,TB,0,0,0,0,0,0,,0,0,0,0,,0,0,0,0,0,0.0,1,7,0,0.0,0,0,0,0,0,0,0,,0,0,0,0,0.0
00-0039872,2026_04_NE_BUF,4,BUF,NE,0,0,0,0,0,0,,0,0,0,0,,0,0,0,0,0,0.0,4,3,0,0.0,0,0,0,0,0,0,0,,0,0,0,0,0.0
00-0039873,2026_04_NE_BUF,4,BUF,NE,0,0,0,0,0,0,,0,0,0,0,,0,0,0,0,0,0.0,3,1,0,0.0,0,0,0,0,0,0,0,,0,0,0,0,0.0
00-0039874,2026_04_MIA_MIN,4,MIA,MIN,0,0,0,0,0,0,,5,7,0,0,-3.64569364045747,0,0,0,0,0,0.0,0,0,0,0.0,0,0,0,0,0,0,0,,0,0,0,0,0.7
00-0039875,2026_04_NE_BUF,4,BUF,NE,0,0,0,0,0,0,,1,3,0,0,-0.164483630331233,1,1,4,0,11,0.0333333333333333,0,0,0,0.0,0,0,0,0,0,0,0,,0,0,0,0,1.7
00-0039880,2026_04_MIA_MIN,4,MIA,MIN,0,0,0,0,0,0,,2,3,0,0,-1.12069538375363,5,5,67,0,30,0.294117647058824,0,0,0,0.0,0,0,0,0,0,0,0,,0,0,0,0,12.0
00-0039886,2026_04_NYJ_CHI,4,NYJ,CHI,0,0,0,0,0,0,,0,0,0,0,,0,0,0,0,0,0.0,0,3,0,0.0,0,0,0,0,0,0,0,,0,0,1,6,0.0
00-0039888,2026_04_LA_PHI,4,PHI,LA,0,0,0,0,0,0,,0,0,0,0,,0,0,0,0,0,0.0,4,0,0,0.0,0,0,0,0,0,0,0,,0,0,1,5,0.0
00-0039893,2026_04_JAX_CIN,4,JAX,CIN,0,0,0,0,0,0,,0,0,0,0,,2,2,17,1,0,0.0869565217391304,0,0,0,0.0,0,0,0,0,0,0,0,,0,0,0,0,9.7
00-0039894,2026_04_KC_LV,4,KC,LV,0,0,0,0,0,0,,0,0,0,0,,7,4,70,0,24,0.259259259259259,0,0,0,0.0,0,0,0,0,0,0,0,,0,0,0,0,11.0
00-0039895,2026_04_PIT_CLE,4,CLE,PIT,0,0,0,0,0,0,,0,0,0,0,,0,0,0,0,0,0.0,1,0,1,1.0,1,0,0,0,0,0,0,,0,0,1,5,0.0
00-0039899,2026_04_MIA_MIN,4,MIA,MIN,0,0,0,0,0,0,,0,0,0,0,,0,0,0,0,0,0.0,0,0,0,0.0,0,0,0,0,0,0,0,,0,0,2,20,0.0
00-0039901,2026_04_NE_BUF,4,BUF,NE,0,0,0,0,0,0,,0,0,0,0,,7,6,116,1,28,0.233333333333333,0,0,0,0.0,0,0,0,0,0,0,0,,0,0,0,0,23.6
00-0039905,2026_04_GB_TB,4,TB,GB,0,0,0,0,0,0,,0,0,0,0,,0,0,0,0,0,0.0,0,0,0,0.0,0,0,0,0,0,0,0,,0,0,1,5,0.0
00-0039908,2026_04_JAX_CIN,4,CIN,JAX,0,0,0,0,0,0,,0,0,0,0,,0,0,0,0,0,0.0,1,1,1,1.0,1,0,0,0,0,0,0,,0,0,0,0,0.0
00-0039911,2026_04_MIA_MIN,4,MIA,MIN,0,0,0,0,0,0,,0,0,0,0,,0,0,0,0,0,0.0,2,0,1,1.0,3,0,0,0,0,0,0,,0,0,1,5,0.0
00-0039913,2026_04_IND_WAS,4,WAS,IND,0,0,0,0,0,0,,0,0,0,0,,1,1,13,0,13,0.0277777777777778,0,0,0,0.0,0,0,0,0,0,0,0,,0,0,0,0,2.3
00-0039915,2026_04_LAC_SEA,4,LAC,SEA,0,0,0,0,0,0,,0,0,0,0,,2,0,0,0,0,0.0645161290322581,0,0,0,0.0,0,0,0,0,0,0,0,,0,0,0,0,0.0
00-0039919,2026_04_NYJ_CHI,4,CHI,NYJ,0,0,0,0,0,0,,0,0,0,0,,7,6,94,0,32,0.225806451612903,0,0,0,0.0,0,0,0,0,0,0,0,,0,0,0,0,15.4
00-0039920,2026_04_PIT_CLE,4,CLE,PIT,0,0,0,0,0,0,,0,0,0,0,,0,0,0,0,0,0.0,1,0,0,0.0,0,0,0,0,0,0,0,,0,0,0,0,0.0
00-0039924,2026_04_MIA_MIN,4,MIN,MIA,0,0,0,0,0,0,,0,0,0,0,,0,0,0,0,0,0.0,3,0,1,2.0,2,0,0,1,0,0,0,,0,0,1,5,0.0
00-0039926,2026_04_LAC_SEA,4,SEA,LAC,0,0,0,0,0,0,,0,0,0,0,,0,0,0,0,0,0.0,0,0,0,0.0,0,0,0,0,0,0,0,,0,0,1,5,0.0
00-0040010,2026_04_GB_TB,4,GB,TB,0,0,0,0,0,0,,0,0,0,0,,0,0,0,0,0,0.0,0,2,0,0.0,0,0,0,0,0,0,0,,0,0,0,0,0.0
00-0040011,2026_04_DAL_HOU,4,DAL,HOU,0,0,0,0,0,0,,0,0,0,0,,0,0,0,0,0,0.0,2,0,0,0.0,0,0,0,0,0,0,0,,0,0,0,0,0.0
00-0040013,2026_04_LA_PHI,4,PHI,LA,0,0,0,0,0,0,,0,0,0,0,,0,0,0,0,0,0.0,2,2,0,0.0,0,0,0,0,0,0,0,,0,0,0,0,0.0
00-0040020,2026_04_TEN_BAL,4,TEN,BAL,0,0,0,0,0,0,,0,0,0,0,,0,0,0,0,0,0.0,0,0,0,0.0,0,0,0,0,0,0,0,,0,0,1,5,0.0
00-0040024,2026_04_LA_PHI,4,PHI,LA,0,0,0,0,0,0,,0,0,0,0,,7,3,33,2,3,0.28,1,0,0,0.0,0,0,0,0,0,0,0,,0,0,0,0,18.3
00-0040041,2026_04_TEN_BAL,4,TEN,BAL,0,0,0,0,0,0,,0,0,0,0,,0,0,0,0,0,0.0,0,1,0,0.0,0,0,0,0,0,0,0,,0,0,0,0,0.0
00-0040043,2026_04_DAL_HOU,4,DAL,HOU,0,0,0,0,0,0,,0,0,0,0,,0,0,0,0,0,0.0,0,1,0,0.0,0,0,0,0,0,0,0,,0,0,0,0,0.0
00-0040045,2026_04_DAL_HOU,4,DAL,HOU,0,0,0,0,0,0,,0,0,0,0,,0,0,0,0,0,0.0,1,1,0,0.0,0,0,0,0,0,0,0,,0,0,0,0,0.0
00-0040061,2026_04_LAC_SEA,4,SEA,LAC,0,0,0,0,0,0,,0,0,0,0,,0,0,0,0,0,0.0,1,0,0,0.0,0,0,0,0,0,0,0,,0,0,1,15,0.0
00-0040066,2026_04_MIA_MIN,4,MIA,MIN,0,0,0,0,0,0,,0,0,0,0,,0,0,0,0,0,0.0,0,1,0,0.0,0,0,0,0,0,0,0,,0,0,0,0,0.0
00-0040069,2026_04_TEN_BAL,4,BAL,TEN,0,0,0,0,0,0,,0,0,0,0,,0,0,0,0,0,0.0,1,0,0,0.0,0,0,0,0,0,0,0,,0,0,0,0,0.0
00-0040071,2026_04_LA_PHI,4,PHI,LA,0,0,0,0,0,0,,0,0,0,0,,0,0,0,0,0,0.0,1,0,0,0.0,0,0,0,0,0,0,0,,0,0,0,0,0.0
00-0040072,2026_04_KC_LV,4,KC,LV,0,0,0,0,0,0,,0,0,0,0,,0,0,0,0,0,0.0,1,2,0,0.0,0,0,0,1,0,0,0,,0,0,0,0,0.0
00-0040074,2026_04_TEN_BAL,4,BAL,TEN,0,0,0,0,0,0,,0,0,0,0,,0,0,0,0,0,0.0,0,0,0,0.0,0,0,0,0,0,1,2,64.0,3,3,0,0,0.0
00-0040075,2026_04_TEN_BAL,4,BAL,TEN,0,0,0,0,0,0,,0,0,0,0,,0,0,0,0,0,0.0,0,0,0,0.0,0,0,0,0,0,0,0,,0,0,0,0,0.0
00-0040081,2026_04_KC_LV,4,KC,LV,0,0,0,0,0,0,,0,0,0,0,,0,0,0,0,0,0.0,1,1,0,0.0,0,0,0,0,0,0,0,,0,0,0,0,0.0
00-0040089,2026_04_GB_TB,4,TB,GB,0,0,0,0,0,0,,0,0,0,0,,0,0,0,0,0,0.0,0,1,0,0.0,0,0,0,0,0,0,0,,0,0,0,0,0.0
00-0040104,2026_04_TEN_BAL,4,BAL,TEN,0,0,0,0,0,0,,0,0,0,0,,0,0,0,0,0,0.0,0,0,0,0.0,0,0,0,0,0,0,0,,0,0,1,5,0.0
00-0040122,2026_04_KC_LV,4,LV,KC,0,0,0,0,0,0,,15,58,0,0,-2.85813367768887,8,6,68,0,60,0.166666666666667,0,0,0,0.0,0,0,0,0,0,0,0,,0,0,0,0,18.6
00-0040126,2026_04_NYJ_CHI,4,CHI,NYJ,0,0,0,0,0,0,,0,0,0,0,,9,6,57,0,23,0.290322580645161,0,0,0,0.0,0,0,0,0,0,0,0,,0,0,0,0,11.7
00-0040128,2026_04_IND_WAS,4,IND,WAS,0,0,0,0,0,0,,0,0,0,0,,5,5,41,0,20,0.172413793103448,0,0,0,0.0,0,0,0,0,0,0,0,,0,0,0,0,9.1
00-0040129,2026_04_GB_TB,4,TB,GB,0,0,0,0,0,0,,0,0,0,0,,4,2,13,0,22,0.153846153846154,0,0,0,0.0,0,0,0,0,0,0,0,,0,0,0,0,3.3
00-0040131,2026_04_NE_BUF,4,NE,BUF,0,0,0,0,0,0,,0,0,0,0,,2,0,0,0,0,0.0555555555555556,0,0,0,0.0,0,0,0,0,0,0,0,,0,0,0,0,0.0
00-0040132,2026_04_NE_BUF,4,BUF,NE,0,0,0,0,0,0,,0,0,0,0,,0,0,0,0,0,0.0,0,2,0,0.0,0,0,0,0,0,0,0,,0,0,0,0,0.0
00-0040133,2026_04_NYJ_CHI,4,NYJ,CHI,0,0,0,0,0,0,,0,0,0,0,,0,0,0,0,0,0.0,4,1,0,0.0,0,0,1,0,0,0,0,,0,0,1,5,0.0
00-0040134,2026_04_DEN_SF,4,DEN,SF,0,0,0,0,0,0,,0,0,0,0,,3,3,47,0,16,0.0789473684210526,0,0,0,0.0,0,0,0,0,0,0,0,,0,0,0,0,7.7
00-0040137,2026_04_ARI_NYG,4,ARI,NYG,0,0,0,0,0,0,,0,0,0,0,,0,0,0,0,0,0.0,0,1,0,0.0,0,0,0,0,0,0,0,,0,0,0,0,0.0
00-0040138,2026_04_DAL_HOU,4,HOU,DAL,0,0,0,0,0,0,,1,4,0,0,-0.139943856163882,3,3,85,0,15,0.115384615384615,0,0,0,0.0,0,0,0,0,0,0,0,,0,0,0,0,11.9
00-0040139,2026_04_IND_WAS,4,IND,WAS,0,0,0,0,0,0,,0,0,0,0,,0,0,0,0,0,0.0,5,3,1,1.0,1,0,0,0,0,0,0,,0,0,0,0,0.0
00-0040140,2026_04_JAX_CIN,4,CIN,JAX,0,0,0,0,0,0,,0,0,0,0,,0,0,0,0,0,0.0,0,0,0,0.0,0,0,0,0,0,0,0,,0,0,3,30,0.0
00-0040141,2026_04_TEN_BAL,4,TEN,BAL,0,0,0,0,0,0,,0,0,0,0,,0,0,0,0,0,0.0,4,3,0,0.0,0,0,0,0,0,0,0,,0,0,0,0,0.0
00-0040142,2026_04_GB_TB,4,GB,TB,0,0,0,0,0,0,,8,42,0,1,-5.88666371634463,0,0,0,0,0,0.0,0,0,0,0.0,0,0,0,0,0,0,0,,0,0,0,0,2.2
00-0040143,2026_04_GB_TB,4,TB,GB,0,0,0,0,0,0,,0,0,0,0,,0,0,0,0,0,0.0,5,0,1,0.0,0,1,2,0,0,0,0,,0,0,1,2,0.0
00-0040144,2026_04_LAC_SEA,4,LAC,SEA,0,0,0,0,0,0,,0,0,0,0,,0,0,0,0,0,0.0,1,1,1,0.0,0,0,0,0,0,0,0,,0,0,1,5,0.0
00-0040147,2026_04_NE_BUF,4,NE,BUF,0,0,0,0,0,0,,0,0,0,0,,0,0,0,0,0,0.0,1,0,0,0.0,0,0,0,0,0,0,0,,0,0,0,0,0.0
00-0040150,2026_04_KC_LV,4,LV,KC,0,0,0,0,0,0,,0,0,0,0,,0,0,0,0,0,0.0,0,0,0,0.0,0,0,0,0,0,0,0,,0,0,1,4,0.0
00-0040152,2026_04_DEN_SF,4,SF,DEN,0,0,0,0,0,0,,0,0,0,0,,0,0,0,0,0,0.0,4,2,0,0.0,0,0,0,0,0,0,0,,0,0,0,0,0.0
00-0040154,2026_04_MIA_MIN,4,MIN,MIA,0,0,0,0,0,0,,0,0,0,0,,1,1,14,0,6,0.0303030303030303,0,0,0,0.0,0,0,0,0,0,0,0,,0,0,0,0,2.4
00-0040157,2026_04_JAX_CIN,4,CIN,JAX,0,0,0,0,0,0,,0,0,0,0,,0,0,0,0,0,0.0,4,6,1,0.0,0,0,1,0,0,0,0,,0,0,0,0,0.0
00-0040158,2026_04_GB_TB,4,TB,GB,0,0,0,0,0,0,,0,0,0,0,,0,0,0,0,0,0.0,2,1,0,0.0,0,0,0,0,0,0,0,,0,0,0,0,0.0
00-0040160,2026_04_PIT_CLE,4,PIT,CLE,0,0,0,0,0,0,,0,0,0,0,,0,0,0,0,0,0.0,0,2,0,0.0,1,0,1,0,0,0,0,,0,0,0,0,0.0
00-0040164,2026_04_IND_WAS,4,WAS,IND,0,0,0,0,0,0,,0,0,0,0,,0,0,0,0,0,0.0,0,0,0,0.0,0,0,0,0,0,0,0,,0,0,0,0,0.0
00-0040165,2026_04_NYJ_CHI,4,NYJ,CHI,0,0,0,0,0,0,,0,0,0,0,,0,0,0,0,0,0.0,1,0,0,0.0,0,0,0,0,0,0,0,,0,0,0,0,0.0
00-0040168,2026_04_DEN_SF,4,DEN,SF,0,0,0,0,0,0,,0,0,0,0,,0,0,0,0,0,0.0,1,1,0,0.0,0,0,0,0,0,0,0,,0,0,0,0,0.0
00-0040169,2026_04_KC_LV,4,LV,KC,0,0,0,0,0,0,,0,0,0,0,,0,0,0,0,0,0.0,1,2,0,0.0,1,0,1,0,0,0,0,,0,0,0,0,0.0
00-0040170,2026_04_TEN_BAL,4,TEN,BAL,0,0,0,0,0,0,,0,0,0,0,,1,1,22,0,2,0.0357142857142857,0,0,0,0.0,0,0,0,0,0,0,0,,0,0,0,0,3.2
00-0040171,2026_04_NE_BUF,4,NE,BUF,0,0,0,0,0,0,,0,0,0,0,,0,0,0,0,0,0.0,1,1,0,0.0,0,0,0,0,0,0,0,,0,0,0,0,0.0
00-0040173,2026_04_MIA_MIN,4,MIN,MIA,0,0,0,0,0,0,,0,0,0,0,,0,0,0,0,0,0.0,0,0,0,0.0,0,0,1,0,0,0,0,,0,0,0,0,0.0
00-0040175,2026_04_MIA_MIN,4,MIA,MIN,0,0,0,0,0,0,,0,0,0,0,,0,0,0,0,0,0.0,1,0,0,0.0,0,0,0,0,0,0,0,,0,0,0,0,0.0
00-0040178,2026_04_MIA_MIN,4,MIA,MIN,0,0,0,0,0,0,,0,0,0,0,,0,0,0,0,0,0.0,1,0,1,0.0,0,0,0,0,0,0,0,,0,0,0,0,0.0
00-0040182,2026_04_MIA_MIN,4,MIA,MIN,0,0,0,0,0,0,,0,0,0,0,,0,0,0,0,0,0.0,3,2,0,0.0,0,0,0,0,0,0,0,,0,0,0,0,0.0
00-0040183,2026_04_GB_TB,4,TB,GB,0,0,0,0,0,0,,0,0,0,0,,0,0,0,0,0,0.0,0,0,1,0.0,0,0,0,0,0,0,0,,0,0,0,0,0.0
00-0040185,2026_04_DEN_SF,4,SF,DEN,0,0,0,0,0,0,,0,0,0,0,,0,0,0,0,0,0.0,4,2,0,0.0,0,0,0,0,0,0,0,,0,0,0,0,0.0
00-0040188,2026_04_PIT_CLE,4,PIT,CLE,0,0,0,0,0,0,,0,0,0,0,,0,0,0,0,0,0.0,2,3,0,0.0,0,0,0,0,0,0,0,,0,0,0,0,0.0
00-0040189,2026_04_LAC_SEA,4,LAC,SEA,0,0,0,0,0,0,,1,2,0,0,-0.0505055892281234,8,5,36,0,12,0.258064516129032,1,0,0,0.0,0,0,0,0,0,0,0,,0,0,0,0,8.8
00-0040195,2026_04_ARI_NYG,4,ARI,NYG,0,0,0,0,0,0,,0,0,0,0,,0,0,0,0,0,0.0,1,1,0,0.0,0,1,1,0,0,0,0,,0,0,0,0,0.0
00-0040198,2026_04_MIA_MIN,4,MIA,MIN,0,0,0,0,0,0,,9,100,1,0,6.6383256400004,2,2,0,0,12,0.117647058823529,0,0,0,0.0,0,0,0,0,0,0,0,,0,0,0,0,18.0
00-0040199,2026_04_KC_LV,4,LV,KC,0,0,0,0,0,0,,0,0,0,0,,0,0,0,0,0,0.0,1,0,0,0.0,0,0,0,0,0,0,0,,0,0,0,0,0.0
00-0040200,2026_04_NE_BUF,4,NE,BUF,0,0,0,0,0,0,,0,0,0,0,,0,0,0,0,0,0.0,0,0,0,0.0,0,0,0,0,0,0,0,,3,3,0,0,0.0
00-0040201,2026_04_TEN_BAL,4,TEN,BAL,0,0,0,0,0,0,,0,0,0,0,,0,0,0,0,0,0.0,1,3,0,0.5,1,0,0,0,0,0,0,,0,0,0,0,0.0
00-0040209,2026_04_JAX_CIN,4,JAX,CIN,0,0,0,0,0,0,,0,0,0,0,,0,0,0,0,0,0.0,2,0,0,0.0,0,0,0,0,0,0,0,,0,0,0,0,0.0
00-0040213,2026_04_JAX_CIN,4,JAX,CIN,0,0,0,0,0,0,,0,0,0,0,,0,0,0,0,0,0.0,6,2,0,0.0,0,0,1,0,0,0,0,,0,0,0,0,0.0
00-0040215,2026_04_MIA_MIN,4,MIN,MIA,0,0,0,0,0,0,,0,0,0,0,,1,1,4,0,0,0.0303030303030303,0,0,0,0.0,0,0,0,0,0,0,0,,0,0,0,0,1.4
00-0040216,2026_04_IND_WAS,4,WAS,IND,0,0,0,0,0,0,,0,0,0,0,,0,0,0,0,0,0.0,0,2,0,0.0,0,0,0,0,0,0,0,,0,0,2,20,0.0
00-0040221,2026_04_LAC_SEA,4,LAC,SEA,0,0,0,0,0,0,,0,0,0,0,,0,0,0,0,0,0.0,1,1,0,0.0,1,0,0,0,0,0,0,,0,0,1,15,0.0
00-0040223,2026_04_DEN_SF,4,DEN,SF,0,0,0,0,0,0,,0,0,0,0,,0,0,0,0,0,0.0,0,0,0,0.0,0,0,0,0,0,0,0,,0,0,0,0,0.0
00-0040228,2026_04_KC_LV,4,LV,KC,0,0,0,0,0,0,,0,0,0,0,,0,0,0,0,0,0.0,1,1,0,0.0,0,0,0,0,0,0,0,,0,0,0,0,0.0
00-0040236,2026_04_NYJ_CHI,4,CHI,NYJ,0,0,0,0,0,0,,30,146,2,0,3.41261835896728,1,1,4,0,10,0.032258064516129,0,0,0,0.0,0,0,0,0,0,0,0,,0,0,0,0,28.0
00-0040237,2026_04_GB_TB,4,TB,GB,0,0,0,0,0,0,,1,10,0,0,1.27334069064818,2,2,17,0,2,0.0769230769230769,0,0,0,0.0,0,0,0,0,0,0,0,,0,0,0,0,4.7
00-0040238,2026_04_JAX_CIN,4,JAX,CIN,0,0,0,0,0,0,,0,0,0,0,,0,0,0,0,0,0.0,0,1,0,0.0,0,0,0,0,0,0,0,,0,0,0,0,0.0
00-0040242,2026_04_IND_WAS,4,WAS,IND,0,0,0,0,0,0,,9,15,0,0,-3.67664974159561,4,2,35,0,39,0.111111111111111,0,0,0,0.0,0,0,0,0,0,0,0,,0,0,0,0,7.0
00-0040248,2026_04_MIA_MIN,4,MIA,MIN,0,0,0,0,0,0,,0,0,0,0,,0,0,0,0,0,0.0,2,2,0,0.0,1,0,0,0,0,0,0,,0,0,0,0,0.0
00-0040255,2026_04_PIT_CLE,4,CLE,PIT,0,0,0,0,0,0,,0,0,0,0,,0,0,0,0,0,0.0,1,3,1,1.0,3,0,0,0,0,0,0,,0,0,0,0,0.0
00-0040261,2026_04_PIT_CLE,4,CLE,PIT,0,0,0,0,0,0,,0,0,0,0,,0,0,0,0,0,0.0,1,0,0,0.0,0,0,0,0,0,0,0,,0,0,0,0,0.0
00-0040263,2026_04_PIT_CLE,4,CLE,PIT,0,0,0,0,0,0,,0,0,0,0,,0,0,0,0,0,0.0,1,1,0,0.0,0,0,0,0,0,0,0,,0,0,0,0,0.0
00-0040326,2026_04_JAX_CIN,4,JAX,CIN,0,0,0,0,0,0,,0,0,0,0,,0,0,0,0,0,0.0,2,1,0,0.0,0,0,0,0,0,0,0,,0,0,0,0,0.0
00-0040331,2026_04_LAC_SEA,4,LAC,SEA,0,0,0,0,0,0,,0,0,0,0,,0,0,0,0,0,0.0,0,0,0,0.0,0,0,0,0,0,0,0,,0,0,1,10,0.0
00-0040342,2026_04_JAX_CIN,4,JAX,CIN,0,0,0,0,0,0,,0,0,0,0,,0,0,0,0,0,0.0,2,0,1,1.0,1,0,0,0,0,0,0,,0,0,0,0,0.0
00-0040363,2026_04_NE_BUF,4,BUF,NE,0,0,0,0,0,0,,0,0,0,0,,0,0,0,0,0,0.0,1,0,0,0.0,0,0,0,0,0,0,0,,0,0,0,0,0.0
00-0040379,2026_04_JAX_CIN,4,CIN,JAX,0,0,0,0,0,0,,0,0,0,0,,0,0,0,0,0,0.0,1,0,0,0.0,0,0,0,0,0,0,0,,0,0,0,0,0.0
00-0040434,2026_04_ARI_NYG,4,NYG,ARI,0,0,0,0,0,0,,0,0,0,0,,0,0,0,0,0,0.0,2,0,0,0.0,0,0,0,0,0,0,0,,0,0,0,0,0.0
00-0040449,2026_04_DEN_SF,4,DEN,SF,0,0,0,0,0,0,,0,0,0,0,,0,0,0,0,0,0.0,0,1,0,0.0,0,0,0,0,0,0,0,,0,0,0,0,0.0
00-0040460,2026_04_LAC_SEA,4,LAC,SEA,0,0,0,0,0,0,,0,0,0,0,,0,0,0,0,0,0.0,1,0,0,0.0,0,0,0,0,0,0,0,,0,0,1,10,0.0
00-0040466,2026_04_PIT_CLE,4,CLE,PIT,0,0,0,0,0,0,,2,9,0,0,-0.207200269214809,2,2,7,0,17,0.0606060606060606,0,0,0,0.0,0,0,0,0,0,0,0,,0,0,0,0,3.6
00-0040496,2026_04_MIA_MIN,4,MIN,MIA,0,0,0,0,0,0,,0,0,0,0,,0,0,0,0,0,0.0,1,1,0,0.0,0,0,0,0,0,0,0,,0,0,0,0,0.0
00-0040500,2026_04_MIA_MIN,4,MIN,MIA,0,0,0,0,0,0,,0,0,0,0,,0,0,0,0,0,0.0,0,0,0,0.0,0,0,0,0,0,0,0,,0,0,2,10,0.0
00-0040506,2026_04_MIA_MIN,4,MIN,MIA,0,0,0,0,0,0,,1,2,0,0,-0.487182071665302,2,2,6,0,4,0.0606060606060606,0,0,0,0.0,0,0,0,0,0,0,0,,0,0,0,0,2.8
00-0040507,2026_04_MIA_MIN,4,MIN,MIA,0,0,0,0,0,0,,0,0,0,0,,0,0,0,0,0,0.0,1,0,0,0.0,0,0,0,0,0,0,0,,0,0,0,0,0.0
00-0040556,2026_04_NE_BUF,4,NE,BUF,0,0,0,0,0,0,,0,0,0,0,,0,0,0,0,0,0.0,0,0,0,0.0,0,0,0,0,0,0,0,,0,0,0,0,0.0
00-0040560,2026_04_DEN_SF,4,SF,DEN,0,0,0,0,0,0,,0,0,0,0,,0,0,0,0,0,0.0,1,1,0,0.0,1,0,0,0,0,0,0,,0,0,0,0,0.0
00-0040563,2026_04_NE_BUF,4,NE,BUF,0,0,0,0,0,0,,0,0,0,0,,4,2,42,1,0,0.111111111111111,0,0,0,0.0,0,0,0,0,0,0,0,,0,0,0,0,12.2
00-0040574,2026_04_NE_BUF,4,NE,BUF,0,0,0,0,0,0,,0,0,0,0,,0,0,0,0,0,0.0,3,1,1,1.0,2,0,0,0,0,0,0,,0,0,0,0,0.0
00-0040579,2026_04_PIT_CLE,4,CLE,PIT,0,0,0,0,0,0,,0,0,0,0,,0,0,0,0,0,0.0,2,6,0,0.0,0,0,0,0,0,0,0,,0,0,0,0,0.0
00-0040580,2026_04_LA_PHI,4,LA,PHI,0,0,0,0,0,0,,0,0,0,0,,0,0,0,0,0,0.0,0,1,0,0.0,0,0,0,0,0,0,0,,0,0,0,0,0.0
00-0040583,2026_04_DAL_HOU,4,HOU,DAL,0,0,0,0,0,0,,6,22,1,0,-0.274181489396142,1,0,0,0,0,0.0384615384615385,0,0,0,0.0,0,0,0,0,0,0,0,,0,0,1,10,8.2
00-0040584,2026_04_TEN_BAL,4,TEN,BAL,0,0,0,0,0,0,,0,0,0,0,,1,1,5,0,5,0.0357142857142857,0,0,0,0.0,0,0,0,0,0,0,0,,0,0,0,0,3.5
00-0040590,2026_04_LA_PHI,4,LA,PHI,0,0,0,0,0,0,,0,0,0,0,,3,1,7,0,4,0.06,0,0,0,0.0,0,0,0,0,0,0,0,,0,0,0,0,1.7
00-0040598,2026_04_GB_TB,4,GB,TB,0,0,0,0,0,0,,0,0,0,0,,2,2,29,0,7,0.0666666666666667,0,0,0,0.0,0,0,0,0,0,0,0,,0,0,0,0,4.9
00-0040613,2026_04_LA_PHI,4,LA,PHI,0,0,0,0,0,0,,0,0,0,0,,0,0,0,0,0,0.0,0,1,0,0.0,0,0,0,0,0,0,0,,0,0,0,0,0.0
00-0040634,2026_04_DEN_SF,4,DEN,SF,0,0,0,0,0,0,,0,0,0,0,,0,0,0,0,0,0.0,2,0,0,0.0,0,0,0,1,0,0,0,,0,0,1,10,0.0
00-0040640,2026_04_KC_LV,4,KC,LV,0,0,0,0,0,0,,0,0,0,0,,0,0,0,0,0,0.0,1,2,0,0.0,0,0,0,0,0,0,0,,0,0,0,0,0.0
00-0040645,2026_04_ARI_NYG,4,ARI,NYG,0,0,0,0,0,0,,0,0,0,0,,0,0,0,0,0,0.0,1,0,0,0.0,0,0,0,0,0,0,0,,0,0,0,0,0.0
00-0040646,2026_04_KC_LV,4,KC,LV,0,0,0,0,0,0,,0,0,0,0,,2,0,0,0,0,0.0740740740740741,0,0,0,0.0,0,0,0,0,0,0,0,,0,0,0,0,0.0
00-0040648,2026_04_LAC_SEA,4,SEA,LAC,0,0,0,0,0,0,,0,0,0,0,,1,1,6,1,2,0.05,0,0,0,0.0,0,0,0,0,0,0,0,,0,0,0,0,7.6
00-0040654,2026_04_DAL_HOU,4,HOU,DAL,0,0,0,0,0,0,,0,0,0,0,,0,0,0,0,0,0.0,0,0,0,0.0,0,0,0,0,0,0,0,,0,0,0,0,0.0
00-0040661,2026_04_MIA_MIN,4,MIN,MIA,0,0,0,0,0,0,,0,0,0,0,,0,0,0,0,0,0.0,0,0,0,0.0,0,0,0,0,0,0,0,,0,0,1,10,0.0
00-0040663,2026_04_PIT_CLE,4,CLE,PIT,0,0,0,0,0,0,,0,0,0,0,,5,3,27,1,14,0.151515151515152,0,0,0,0.0,0,0,0,0,0,0,0,,0,0,0,0,11.7
00-0040666,2026_04_LAC_SEA,4,LAC,SEA,0,0,0,0,0,0,,9,45,1,0,3.36075621255441,2,2,8,0,6,0.0645161290322581,0,0,0,0.0,0,0,0,0,0,0,0,,0,0,0,0,13.3
00-0040667,2026_04_GB_TB,4,GB,TB,0,0,0,0,0,0,,1,6,0,0,0.230724670458585,7,3,21,1,9,0.233333333333333,0,0,0,0.0,0,0,0,0,0,0,0,,0,0,0,0,11.7
00-0040670,2026_04_KC_LV,4,KC,LV,0,0,0,0,0,0,,0,0,0,0,,0,0,0,0,0,0.0,2,2,0,0.0,0,0,1,0,0,0,0,,0,0,2,19,0.0
00-0040676,2026_04_TEN_BAL,4,TEN,BAL,20,31,222,1,1,1,0.418956883877516,4,27,0,0,-1.29823679591483,0,0,0,0,0,0.0,0,0,0,0.0,0,0,0,0,0,0,0,,0,0,0,0,15.58
00-0040677,2026_04_ARI_NYG,4,NYG,ARI,0,0,0,0,0,0,,0,0,0,0,,0,0,0,0,0,0.0,1,2,0,0.0,3,0,0,0,0,0,0,,0,0,0,0,0.0
00-0040686,2026_04_IND_WAS,4,WAS,IND,0,0,0,0,0,0,,0,0,0,0,,0,0,0,0,0,0.0,1,0,0,0.0,0,0,0,0,0,0,0,,0,0,0,0,0.0
00-0040688,2026_04_TEN_BAL,4,BAL,TEN,0,0,0,0,0,0,,0,0,0,0,,0,0,0,0,0,0.0,6,0,0,0.0,0,0,0,0,0,0,0,,0,0,0,0,0.0
00-0040694,2026_04_ARI_NYG,4,NYG,ARI,0,0,0,0,0,0,,0,0,0,0,,0,0,0,0,0,0.0,1,1,0,0.0,0,0,0,0,0,0,0,,0,0,0,0,0.0
00-0040699,2026_04_NE_BUF,4,NE,BUF,0,0,0,0,0,0,,0,0,0,0,,0,0,0,0,0,0.0,0,0,0,0.0,0,0,0,0,0,0,0,,0,0,2,15,0.0
00-0040705,2026_04_TEN_BAL,4,TEN,BAL,0,0,0,0,0,0,,0,0,0,0,,1,1,15,0,15,0.0357142857142857,0,0,0,0.0,0,0,0,0,0,0,0,,0,0,0,0,2.5
00-0040706,2026_04_ARI_NYG,4,ARI,NYG,0,0,0,0,0,0,,0,0,0,0,,0,0,0,0,0,0.0,2,1,2,1.0,1,0,0,0,0,0,0,,0,0,0,0,0.0
00-0040708,2026_04_LA_PHI,4,PHI,LA,0,0,0,0,0,0,,0,0,0,0,,0,0,0,0,0,0.0,9,0,0,0.0,0,0,0,0,0,0,0,,0,0,0,0,0.0
00-0040709,2026_04_NE_BUF,4,BUF,NE,0,0,0,0,0,0,,0,0,0,0,,0,0,0,0,0,0.0,2,1,0,0.0,0,0,1,0,0,0,0,,0,0,1,1,0.0
00-0040710,2026_04_NE_BUF,4,BUF,NE,0,0,0,0,0,0,,0,0,0,0,,0,0,0,0,0,0.0,2,0,1,0.0,0,0,0,0,0,0,0,,0,0,0,0,0.0
00-0040715,2026_04_ARI_NYG,4,NYG,ARI,0,0,0,0,0,0,,18,58,0,0,-3.38313965584078,1,1,8,0,6,0.0344827586206897,0,0,0,0.0,0,0,0,0,0,0,0,,0,0,0,0,7.6
00-0040716,2026_04_NE_BUF,4,NE,BUF,0,0,0,0,0,0,,0,0,0,0,,0,0,0,0,0,0.0,1,2,0,0.0,0,1,1,0,0,0,0,,0,0,0,0,0.0
00-0040718,2026_04_JAX_CIN,4,JAX,CIN,0,0,0,0,0,0,,0,0,0,0,,0,0,0,0,0,0.0,3,1,0,0.0,0,0,2,0,0,0,0,,0,0,0,0,0.0
00-0040719,2026_04_JAX_CIN,4,JAX,CIN,0,0,0,0,0,0,,17,73,0,0,-0.455181592522422,2,2,18,0,20,0.0869565217391304,0,0,0,0.0,0,0,0,0,0,0,0,,0,0,0,0,11.1
00-0040720,2026_04_DEN_SF,4,DEN,SF,0,0,0,0,0,0,,0,0,0,0,,0,0,0,0,0,0.0,1,2,0,0.0,0,0,1,0,0,0,0,,0,0,0,0,0.0
00-0040722,2026_04_TEN_BAL,4,BAL,TEN,0,0,0,0,0,0,,0,0,0,0,,0,0,0,0,0,0.0,0,2,0,0.0,3,0,0,0,0,0,0,,0,0,0,0,0.0
00-0040725,2026_04_DAL_HOU,4,DAL,HOU,0,0,0,0,0,0,,0,0,0,0,,0,0,0,0,0,0.0,1,2,0,0.0,0,0,0,0,0,0,0,,0,0,1,5,0.0
00-0040726,2026_04_GB_TB,4,GB,TB,0,0,0,0,0,0,,0,0,0,0,,0,0,0,0,0,0.0,0,0,0,0.0,0,0,0,0,0,0,0,,0,0,1,5,0.0
00-0040727,2026_04_LAC_SEA,4,LAC,SEA,0,1,0,0,0,0,-0.567394386511296,0,0,0,0,,5,3,60,0,6,0.161290322580645,0,0,0,0.0,0,0,0,0,0,0,0,,0,0,1,5,9.0
00-0040730,2026_04_DEN_SF,4,DEN,SF,0,0,0,0,0,0,,7,25,0,0,-0.821647224540357,10,10,68,0,94,0.263157894736842,0,0,0,0.0,0,0,0,0,0,0,0,,0,0,0,0,19.3
00-0040733,2026_04_LAC_SEA,4,SEA,LAC,0,0,0,0,0,0,,0,0,0,0,,0,0,0,0,0,0.0,8,1,2,1.0,2,0,1,0,0,0,0,,0,0,2,30,0.0
00-0040734,2026_04_NE_BUF,4,NE,BUF,0,0,0,0,0,0,,14,42,0,0,-1.89924950635759,2,0,0,0,0,0.0555555555555556,0,0,0,0.0,0,0,0,0,0,0,0,,0,0,0,0,4.2
00-0040735,2026_04_NYJ_CHI,4,CHI,NYJ,0,0,0,0,0,0,,1,11,0,0,0.70394776458852,6,4,63,0,18,0.193548387096774,0,0,0,0.0,0,0,0,0,0,0,0,,0,0,0,0,11.4
00-0040738,2026_04_JAX_CIN,4,CIN,JAX,0,0,0,0,0,0,,0,0,0,0,,0,0,0,0,0,0.0,3,3,1,0.0,0,0,0,0,0,0,0,,0,0,0,0,0.0
00-0040744,2026_04_IND_WAS,4,IND,WAS,0,0,0,0,0,0,,0,0,0,0,,0,0,0,0,0,0.0,0,2,0,0.0,0,0,1,0,0,0,0,,0,0,0,0,0.0
00-0040745,2026_04_DAL_HOU,4,HOU,DAL,0,0,0,0,0,0,,0,0,0,0,,0,0,0,0,0,0.0,0,0,0,0.0,0,0,0,0,0,0,0,,0,0,1,5,0.0
00-0040749,2026_04_LA_PHI,4,PHI,LA,0,0,0,0,0,0,,0,0,0,0,,0,0,0,0,0,0.0,1,3,0,0.0,0,1,1,0,0,0,0,,0,0,0,0,0.0
00-0040752,2026_04_TEN_BAL,4,TEN,BAL,0,0,0,0,0,0,,0,0,0,0,,0,0,0,0,0,0.0,0,1,0,0.0,0,0,0,0,0,0,0,,0,0,1,5,0.0
00-0040782,2026_04_PIT_CLE,4,CLE,PIT,0,0,0,0,0,0,,0,0,0,0,,1,1,2,0,0,0.0303030303030303,0,0,0,0.0,0,0,0,0,0,0,0,,0,0,0,0,1.2
00-0040784,2026_04_PIT_CLE,4,CLE,PIT,0,0,0,0,0,0,,17,53,1,0,-2.10443163776654,7,6,43,0,55,0.212121212121212,0,0,0,0.0,0,0,0,0,0,0,0,,0,0,0,0,21.6
00-0040785,2026_04_JAX_CIN,4,CIN,JAX,0,0,0,0,0,0,,0,0,0,0,,9,7,82,0,35,0.169811320754717,0,0,0,0.0,0,0,0,0,0,0,0,,0,0,0,0,15.2
00-0040865,2026_04_DAL_HOU,4,DAL,HOU,0,0,0,0,0,0,,0,0,0,0,,0,0,0,0,0,0.0,5,2,0,0.0,0,0,0,0,0,0,0,,0,0,0,0,0.0
00-0040867,2026_04_LA_PHI,4,PHI,LA,0,0,0,0,0,0,,0,0,0,0,,6,3,27,0,2,0.24,0,0,0,0.0,0,0,0,0,0,0,0,,0,0,0,0,5.7
00-0040868,2026_04_KC_LV,4,LV,KC,0,0,0,0,0,0,,0,0,0,0,,0,0,0,0,0,0.0,1,1,0,0.0,0,0,0,0,0,0,0,,0,0,0,0,0.0
00-0040869,2026_04_GB_TB,4,GB,TB,0,0,0,0,0,0,,0,0,0,0,,0,0,0,0,0,0.0,1,2,0,0.0,0,0,0,0,0,0,0,,0,0,0,0,0.0
00-0040872,2026_04_DAL_HOU,4,DAL,HOU,0,0,0,0,0,0,,0,0,0,0,,0,0,0,0,0,0.0,1,0,0,0.0,0,0,0,0,0,0,0,,0,0,0,0,0.0
00-0040873,2026_04_LAC_SEA,4,SEA,LAC,0,0,0,0,0,0,,0,0,0,0,,0,0,0,0,0,0.0,0,0,0,0.0,0,0,0,0,0,0,0,,0,0,1,10,0.0
00-0040876,2026_04_TEN_BAL,4,BAL,TEN,0,0,0,0,0,0,,0,0,0,0,,2,1,13,0,4,0.0689655172413793,0,0,0,0.0,0,0,0,0,0,0,0,,0,0,1,10,2.3
00-0040877,2026_04_GB_TB,4,GB,TB,0,0,0,0,0,0,,0,0,0,0,,0,0,0,0,0,0.0,0,1,0,0.0,0,0,0,0,0,0,0,,0,0,0,0,0.0
00-0040878,2026_04_KC_LV,4,LV,KC,0,0,0,0,0,0,,9,18,0,0,-4.13281078974251,2,1,-1,0,3,0.0416666666666667,0,0,0,0.0,0,0,0,0,0,0,0,,0,0,0,0,2.7
00-0040879,2026_04_TEN_BAL,4,BAL,TEN,0,0,0,0,0,0,,0,0,0,0,,2,2,34,0,15,0.0689655172413793,0,0,0,0.0,0,0,0,0,0,0,0,,0,0,0,0,5.4
00-0040880,2026_04_DAL_HOU,4,DAL,HOU,0,0,0,0,0,0,,0,0,0,0,,0,0,0,0,0,0.0,0,2,0,0.0,0,0,0,0,0,0,0,,0,0,0,0,0.0
00-0040885,2026_04_TEN_BAL,4,BAL,TEN,0,0,0,0,0,0,,0,0,0,0,,0,0,0,0,0,0.0,5,0,1,0.0,0,0,0,0,0,0,0,,0,0,0,0,0.0
00-0040886,2026_04_TEN_BAL,4,TEN,BAL,0,0,0,0,0,0,,3,2,0,0,-1.37412562768441,0,0,0,0,0,0.0,0,0,0,0.0,0,0,0,0,0,0,0,,0,0,0,0,0.2
00-0040887,2026_04_TEN_BAL,4,BAL,TEN,0,0,0,0,0,0,,0,0,0,0,,0,0,0,0,0,0.0,1,0,0,0.0,0,0,0,0,0,0,0,,0,0,0,0,0.0
00-0040889,2026_04_KC_LV,4,LV,KC,0,0,0,0,0,0,,0,0,0,0,,0,0,0,0,0,0.0,3,4,0,0.0,0,0,2,0,0,0,0,,0,0,0,0,0.0
00-0040890,2026_04_KC_LV,4,KC,LV,0,0,0,0,0,0,,0,0,0,0,,1,0,0,0,0,0.037037037037037,0,0,0,0.0,0,0,0,0,0,0,0,,0,0,0,0,0.0
00-0040894,2026_04_KC_LV,4,LV,KC,0,0,0,0,0,0,,0,0,0,0,,0,0,0,0,0,0.0,0,0,0,0.0,0,0,0,0,0,0,0,,0,0,0,0,0.0
00-0040898,2026_04_TEN_BAL,4,BAL,TEN,0,0,0,0,0,0,,0,0,0,0,,0,0,0,0,0,0.0,0,0,0,0.0,0,0,0,0,0,0,0,,0,0,0,0,0.0
00-0040899,2026_04_GB_TB,4,GB,TB,0,0,0,0,0,0,,0,0,0,0,,0,0,0,0,0,0.0,0,0,0,0.0,0,0,0,0,0,1,1,58.0,2,2,0,0,0.0
00-0040923,2026_04_LA_PHI,4,LA,PHI,0,0,0,0,0,0,,0,0,0,0,,0,0,0,0,0,0.0,0,2,0,0.0,0,0,0,0,0,0,0,,0,0,0,0,0.0
00-0040948,2026_04_GB_TB,4,GB,TB,0,0,0,0,0,0,,0,0,0,0,,1,0,0,0,0,0.0333333333333333,0,0,0,0.0,0,0,0,0,0,0,0,,0,0,0,0,0.0
00-0040957,2026_04_KC_LV,4,KC,LV,0,0,0,0,0,0,,0,0,0,0,,0,0,0,0,0,0.0,2,0,0,0.0,0,1,1,0,0,0,0,,0,0,0,0,0.0
00-0040978,2026_04_TEN_BAL,4,BAL,TEN,0,0,0,0,0,0,,0,0,0,0,,0,0,0,0,0,0.0,1,0,1,1.0,1,0,0,0,0,0,0,,0,0,0,0,0.0
00-0041013,2026_04_KC_LV,4,KC,LV,0,0,0,0,0,0,,0,0,0,0,,1,1,10,0,16,0.037037037037037,0,0,0,0.0,0,0,0,0,0,0,0,,0,0,0,0,2.0
00-0041026,2026_04_NYJ_CHI,4,NYJ,CHI,0,0,0,0,0,0,,0,0,0,0,,0,0,0,0,0,0.0,2,4,0,0.0,0,0,1,0,0,0,0,,0,0,0,0,0.0
00-0041027,2026_04_ARI_NYG,4,ARI,NYG,0,0,0,0,0,0,,14,63,0,0,-0.288442370132543,1,1,-8,0,-1,0.0285714285714286,0,0,0,0.0,0,0,0,0,0,0,0,,0,0,0,0,6.5
00-0041028,2026_04_IND_WAS,4,WAS,IND,0,0,0,0,0,0,,0,0,0,0,,0,0,0,0,0,0.0,4,4,0,0.0,0,0,0,0,0,0,0,,0,0,0,0,0.0
00-0041032,2026_04_NYJ_CHI,4,NYJ,CHI,0,0,0,0,0,0,,0,0,0,0,,4,0,0,0,0,0.266666666666667,0,0,0,0.0,0,0,0,0,0,0,0,,0,0,0,0,0.0
00-0041033,2026_04_MIA_MIN,4,MIN,MIA,0,0,0,0,0,0,,0,0,0,0,,0,0,0,0,0,0.0,0,1,0,0.0,0,0,0,0,0,0,0,,0,0,0,0,0.0
00-0041036,2026_04_NE_BUF,4,BUF,NE,0,0,0,0,0,0,,0,0,0,0,,0,0,0,0,0,0.0,2,3,0,0.5,0,0,0,1,0,0,0,,0,0,0,0,0.0
00-0041037,2026_04_PIT_CLE,4,CLE,PIT,0,0,0,0,0,0,,0,0,0,0,,7,4,89,0,40,0.212121212121212,1,0,0,0.0,0,0,0,0,0,0,0,,0,0,0,0,12.9
00-0041038,2026_04_NYJ_CHI,4,NYJ,CHI,0,0,0,0,0,0,,0,0,0,0,,0,0,0,0,0,0.0,1,2,0,0.0,0,0,0,0,0,0,0,,0,0,2,10,0.0
00-0041040,2026_04_IND_WAS,4,WAS,IND,0,0,0,0,0,0,,0,0,0,0,,8,3,21,0,0,0.222222222222222,0,0,0,0.0,0,0,0,0,0,0,0,,0,0,0,0,5.1
00-0041042,2026_04_ARI_NYG,4,NYG,ARI,0,0,0,0,0,0,,0,0,0,0,,3,2,52,1,4,0.103448275862069,1,0,0,0.0,0,0,0,0,0,0,0,,0,0,1,5,13.2
00-0041043,2026_04_IND_WAS,4,IND,WAS,0,0,0,0,0,0,,0,0,0,0,,0,0,0,0,0,0.0,2,1,0,0.0,0,0,1,0,0,0,0,,0,0,0,0,0.0
00-0041046,2026_04_MIA_MIN,4,MIN,MIA,0,0,0,0,0,0,,0,0,0,0,,0,0,0,0,0,0.0,0,0,0,0.0,0,0,0,0,0,0,0,,0,0,1,15,0.0
00-0041048,2026_04_GB_TB,4,TB,GB,0,0,0,0,0,0,,0,0,0,0,,3,2,25,0,2,0.115384615384615,0,0,0,0.0,0,0,0,0,0,0,0,,0,0,0,0,4.5
00-0041050,2026_04_JAX_CIN,4,JAX,CIN,0,0,0,0,0,0,,0,0,0,0,,0,0,0,0,0,0.0,0,0,0,0.0,0,0,0,0,0,0,0,,0,0,1,10,0.0
00-0041051,2026_04_NYJ_CHI,4,CHI,NYJ,0,0,0,0,0,0,,0,0,0,0,,0,0,0,0,0,0.0,0,0,0,0.0,0,0,0,0,0,0,0,,0,0,0,0,0.0
00-0041052,2026_04_DEN_SF,4,SF,DEN,0,0,0,0,0,0,,6,13,0,0,0.259310633467976,0,0,0,0,0,0.0,0,0,0,0.0,0,0,0,0,0,0,0,,0,0,0,0,1.3
00-0041053,2026_04_MIA_MIN,4,MIN,MIA,0,0,0,0,0,0,,0,0,0,0,,0,0,0,0,0,0.0,0,0,0,0.0,0,0,0,0,0,0,0,,0,0,1,5,0.0
00-0041057,2026_04_GB_TB,4,TB,GB,0,0,0,0,0,0,,0,0,0,0,,0,0,0,0,0,0.0,3,0,0,0.0,0,0,0,0,0,0,0,,0,0,0,0,0.0
00-0041058,2026_04_LAC_SEA,4,LAC,SEA,0,0,0,0,0,0,,0,0,0,0,,0,0,0,0,0,0.0,0,0,0,0.0,0,0,0,0,0,0,0,,0,0,2,15,0.0
00-0041060,2026_04_NYJ_CHI,4,CHI,NYJ,0,0,0,0,0,0,,0,0,0,0,,0,0,0,0,0,0.0,1,1,0,0.0,0,0,1,0,0,0,0,,0,0,0,0,0.0
00-0041064,2026_04_LAC_SEA,4,LAC,SEA,0,0,0,0,0,0,,0,0,0,0,,0,0,0,0,0,0.0,1,0,0,0.0,0,0,0,0,0,0,0,,0,0,0,0,0.0
00-0041072,2026_04_LAC_SEA,4,LAC,SEA,0,0,0,0,0,0,,0,0,0,0,,0,0,0,0,0,0.0,2,0,0,0.0,0,0,0,0,0,0,0,,0,0,0,0,0.0
00-0041074,2026_04_IND_WAS,4,WAS,IND,0,0,0,0,0,0,,0,0,0,0,,0,0,0,0,0,0.0,0,1,0,0.0,0,0,0,0,0,0,0,,0,0,0,0,0.0
00-0041093,2026_04_ARI_NYG,4,ARI,NYG,0,0,0,0,0,0,,0,0,0,0,,0,0,0,0,0,0.0,1,0,0,0.0,0,0,0,0,0,0,0,,0,0,0,0,0.0
00-0041094,2026_04_GB_TB,4,TB,GB,0,0,0,0,0,0,,0,0,0,0,,0,0,0,0,0,0.0,1,0,0,0.0,0,0,0,0,0,0,0,,0,0,0,0,0.0
00-0041096,2026_04_IND_WAS,4,WAS,IND,0,0,0,0,0,0,,3,1,0,0,-1.90333573444514,0,0,0,0,0,0.0,0,0,0,0.0,0,0,0,0,0,0,0,,0,0,0,0,0.1
00-0041100,2026_04_JAX_CIN,4,JAX,CIN,0,0,0,0,0,0,,0,0,0,0,,2,2,42,0,35,0.0869565217391304,0,0,0,0.0,0,0,0,0,0,0,0,,0,0,0,0,6.2
00-0041102,2026_04_ARI_NYG,4,NYG,ARI,0,0,0,0,0,0,,0,0,0,0,,0,0,0,0,0,0.0,1,0,0,0.0,0,0,0,0,0,0,0,,0,0,0,0,0.0
00-0041104,2026_04_MIA_MIN,4,MIN,MIA,0,0,0,0,0,0,,3,12,0,0,-0.493981962266844,0,0,0,0,0,0.0,0,0,0,0.0,0,0,0,0,0,0,0,,0,0,0,0,1.2
00-0041109,2026_04_NE_BUF,4,NE,BUF,0,0,0,0,0,0,,0,0,0,0,,0,0,0,0,0,0.0,1,0,0,0.0,0,0,0,0,0,0,0,,0,0,0,0,0.0
00-0041110,2026_04_NYJ_CHI,4,CHI,NYJ,0,0,0,0,0,0,,0,0,0,0,,0,0,0,0,0,0.0,0,0,0,0.0,1,0,0,0,0,0,0,,0,0,0,0,0.0
00-0041111,2026_04_IND_WAS,4,IND,WAS,0,0,0,0,0,0,,0,0,0,0,,0,0,0,0,0,0.0,2,2,0,0.0,0,0,0,0,0,0,0,,0,0,0,0,0.0
00-0041117,2026_04_IND_WAS,4,WAS,IND,15,33,186,1,1,1,-10.2009178308072,3,16,0,0,-1.30218953196891,0,0,0,0,0,0.0,0,0,0,0.0,0,0,0,0,0,0,0,,0,0,0,0,11.04
00-0041125,2026_04_IND_WAS,4,IND,WAS,0,0,0,0,0,0,,6,31,0,0,1.56798692280427,2,1,7,0,5,0.0689655172413793,0,0,0,0.0,0,0,0,0,0,0,0,,0,0,0,0,4.8
00-0041126,2026_04_NE_BUF,4,BUF,NE,0,0,0,0,0,0,,0,0,0,0,,0,0,0,0,0,0.0,0,0,0,0.0,0,0,0,0,0,0,0,,0,0,0,0,0.0
00-0041132,2026_04_IND_WAS,4,IND,WAS,0,0,0,0,0,0,,0,0,0,0,,2,1,6,0,2,0.0689655172413793,0,0,0,0.0,0,0,0,0,0,0,0,,0,0,0,0,1.6
00-0041145,2026_04_ARI_NYG,4,NYG,ARI,0,0,0,0,0,0,,0,0,0,0,,0,0,0,0,0,0.0,0,0,0,0.0,0,0,0,0,0,3,3,52.0,1,1,0,0,0.0
00-0041159,2026_04_MIA_MIN,4,MIA,MIN,0,0,0,0,0,0,,0,0,0,0,,0,0,0,0,0,0.0,1,1,0,0.0,1,0,0,0,0,0,0,,0,0,1,5,0.0
00-0041175,2026_04_NYJ_CHI,4,CHI,NYJ,0,0,0,0,0,0,,0,0,0,0,,0,0,0,0,0,0.0,0,1,0,0.0,0,0,0,0,0,0,0,,0,0,0,0,0.0
00-0041182,2026_04_IND_WAS,4,WAS,IND,0,0,0,0,0,0,,0,0,0,0,,0,0,0,0,0,0.0,0,0,0,0.0,0,0,0,0,0,2,2,31.0,1,1,0,0,0.0
00-0041251,2026_04_GB_TB,4,TB,GB,19,27,148,1,2,3,-4.32338310504565,8,55,0,0,1.36856365477433,0,0,0,0,0,0.0,1,0,0,0.0,0,0,0,0,0,0,0,,0,0,0,0,11.42
00-0041275,2026_04_NE_BUF,4,BUF,NE,0,0,0,0,0,0,,0,0,0,0,,0,0,0,0,0,0.0,0,1,0,0.0,0,0,0,0,0,0,0,,0,0,0,0,0.0
00-0041370,2026_04_ARI_NYG,4,ARI,NYG,0,0,0,0,0,0,,0,0,0,0,,0,0,0,0,0,0.0,3,2,0,0.0,0,0,0,0,0,0,0,,0,0,1,10,0.0
00-0041381,2026_04_LAC_SEA,4,LAC,SEA,0,0,0,0,0,0,,0,0,0,0,,0,0,0,0,0,0.0,1,0,0,0.0,0,0,0,0,0,0,0,,0,0,0,0,0.0
00-0041391,2026_04_NE_BUF,4,BUF,NE,0,0,0,0,0,0,,0,0,0,0,,0,0,0,0,0,0.0,3,2,0,0.0,0,0,1,0,0,0,0,,0,0,0,0,0.0
00-0041393,2026_04_PIT_CLE,4,PIT,CLE,0,0,0,0,0,0,,0,0,0,0,,0,0,0,0,0,0.0,3,0,0,0.0,0,0,1,0,0,0,0,,0,0,0,0,0.0
00-0041395,2026_04_NE_BUF,4,NE,BUF,0,0,0,0,0,0,,0,0,0,0,,2,1,12,0,0,0.0555555555555556,0,0,0,0.0,0,0,0,0,0,0,0,,0,0,0,0,2.2
00-0041397,2026_04_PIT_CLE,4,PIT,CLE,0,0,0,0,0,0,,0,0,0,0,,0,0,0,0,0,0.0,0,0,0,0.0,0,0,0,0,0,0,0,,0,0,0,0,0.0
00-0041401,2026_04_PIT_CLE,4,PIT,CLE,0,0,0,0,0,0,,0,0,0,0,,0,0,0,0,0,0.0,6,1,0,0.0,0,1,2,0,0,0,0,,0,0,0,0,0.0
00-0041404,2026_04_LA_PHI,4,LA,PHI,0,0,0,0,0,0,,0,0,0,0,,0,0,0,0,0,0.0,1,1,0,0.0,0,0,0,0,0,0,0,,0,0,0,0,0.0
00-0041410,2026_04_NYJ_CHI,4,NYJ,CHI,0,0,0,0,0,0,,0,0,0,0,,0,0,0,0,0,0.0,0,1,0,0.0,0,0,0,0,0,0,0,,0,0,0,0,0.0
00-0041415,2026_04_LA_PHI,4,LA,PHI,0,0,0,0,0,0,,0,0,0,0,,0,0,0,0,0,0.0,0,1,0,0.0,0,0,0,0,0,0,0,,0,0,0,0,0.0
00-0041438,2026_04_TEN_BAL,4,TEN,BAL,0,0,0,0,0,0,,0,0,0,0,,12,9,145,0,37,0.428571428571429,0,0,0,0.0,0,0,0,0,0,0,0,,0,0,0,0,21.5
00-0041444,2026_04_NE_BUF,4,BUF,NE,0,0,0,0,0,0,,0,0,0,0,,0,0,0,0,0,0.0,1,2,0,0.0,0,0,0,0,0,0,0,,0,0,0,0,0.0
00-0041449,2026_04_DAL_HOU,4,HOU,DAL,0,0,0,0,0,0,,0,0,0,0,,0,0,0,0,0,0.0,0,0,0,0.0,0,0,0,0,0,0,0,,0,0,1,7,0.0
00-0041455,2026_04_NE_BUF,4,NE,BUF,0,0,0,0,0,0,,0,0,0,0,,0,0,0,0,0,0.0,2,2,0,0.0,0,0,0,0,0,0,0,,0,0,0,0,0.0
00-0041464,2026_04_JAX_CIN,4,CIN,JAX,0,0,0,0,0,0,,0,0,0,0,,0,0,0,0,0,0.0,2,0,0,0.0,0,0,0,0,0,0,0,,0,0,0,0,0.0
00-0041465,2026_04_DAL_HOU,4,HOU,DAL,0,0,0,0,0,0,,0,0,0,0,,0,0,0,0,0,0.0,1,0,0,0.0,0,0,0,0,0,0,0,,0,0,1,14,0.0
00-0041466,2026_04_DAL_HOU,4,HOU,DAL,0,0,0,0,0,0,,0,0,0,0,,0,0,0,0,0,0.0,2,0,1,0.0,0,0,0,0,0,0,0,,0,0,0,0,0.0
00-0041470,2026_04_GB_TB,4,GB,TB,0,0,0,0,0,0,,0,0,0,0,,0,0,0,0,0,0.0,5,1,0,0.0,0,0,0,0,0,0,0,,0,0,0,0,0.0
00-0041471,2026_04_PIT_CLE,4,CLE,PIT,0,0,0,0,0,0,,0,0,0,0,,0,0,0,0,0,0.0,1,3,0,0.0,0,0,2,0,0,0,0,,0,0,1,8,0.0
00-0041479,2026_04_TEN_BAL,4,TEN,BAL,0,0,0,0,0,0,,0,0,0,0,,0,0,0,0,0,0.0,3,5,0,0.0,0,0,0,0,0,0,0,,0,0,0,0,0.0
00-0041482,2026_04_PIT_CLE,4,PIT,CLE,0,0,0,0,0,0,,0,0,0,0,,0,0,0,0,0,0.0,0,0,0,0.0,0,0,0,0,0,0,0,,0,0,1,5,0.0
00-0041489,2026_04_PIT_CLE,4,PIT,CLE,0,0,0,0,0,0,,0,0,0,0,,2,2,11,0,2,0.0512820512820513,0,0,0,0.0,0,0,0,0,0,0,0,,0,0,0,0,3.1
00-0041494,2026_04_TEN_BAL,4,BAL,TEN,0,0,0,0,0,0,,0,0,0,0,,0,0,0,0,0,0.0,0,2,0,0.0,0,0,0,0,0,0,0,,0,0,0,0,0.0
00-0041495,2026_04_MIA_MIN,4,MIN,MIA,0,0,0,0,0,0,,0,0,0,0,,0,0,0,0,0,0.0,2,0,0,0.0,0,0,0,0,0,0,0,,0,0,0,0,0.0
00-0041501,2026_04_KC_LV,4,KC,LV,0,0,0,0,0,0,,0,0,0,0,,0,0,0,0,0,0.0,0,0,0,0.0,1,0,0,0,0,0,0,,0,0,0,0,0.0
00-0041502,2026_04_GB_TB,4,TB,GB,0,0,0,0,0,0,,0,0,0,0,,0,0,0,0,0,0.0,7,2,0,0.0,0,0,0,0,0,0,0,,0,0,0,0,0.0
00-0041503,2026_04_JAX_CIN,4,JAX,CIN,0,0,0,0,0,0,,0,0,0,0,,2,1,15,0,13,0.0869565217391304,0,0,0,0.0,0,0,0,0,0,0,0,,0,0,1,10,2.5
00-0041508,2026_04_TEN_BAL,4,TEN,BAL,0,0,0,0,0,0,,0,0,0,0,,0,0,0,0,0,0.0,0,1,0,0.0,0,0,0,0,0,0,0,,0,0,0,0,0.0
00-0041509,2026_04_ARI_NYG,4,NYG,ARI,0,0,0,0,0,0,,0,0,0,0,,0,0,0,0,0,0.0,9,0,1,0.0,0,1,3,0,0,0,0,,0,0,0,0,0.0
00-0041518,2026_04_IND_WAS,4,IND,WAS,0,0,0,0,0,0,,0,0,0,0,,0,0,0,0,0,0.0,2,3,0,0.0,0,0,0,0,0,0,0,,0,0,0,0,0.0
00-0041522,2026_04_MIA_MIN,4,MIA,MIN,0,0,0,0,0,0,,0,0,0,0,,0,0,0,0,0,0.0,9,9,0,0.0,0,0,0,0,0,0,0,,0,0,0,0,0.0
00-0041524,2026_04_MIA_MIN,4,MIA,MIN,0,0,0,0,0,0,,0,0,0,0,,2,1,15,0,8,0.117647058823529,0,0,0,0.0,0,0,0,0,0,0,0,,0,0,0,0,2.5
00-0041525,2026_04_MIA_MIN,4,MIA,MIN,0,0,0,0,0,0,,0,0,0,0,,3,0,0,0,0,0.176470588235294,0,0,0,0.0,0,0,0,0,0,0,0,,0,0,2,5,0.0
00-0041528,2026_04_MIA_MIN,4,MIA,MIN,0,0,0,0,0,0,,0,0,0,0,,0,0,0,0,0,0.0,4,2,0,0.0,0,0,0,0,0,0,0,,0,0,0,0,0.0
00-0041529,2026_04_MIA_MIN,4,MIA,MIN,0,0,0,0,0,0,,0,0,0,0,,4,1,3,0,3,0.235294117647059,0,0,0,0.0,0,0,0,0,0,0,0,,0,0,0,0,1.3
00-0041532,2026_04_DAL_HOU,4,HOU,DAL,0,0,0,0,0,0,,0,0,0,0,,0,0,0,0,0,0.0,0,0,0,0.0,0,0,0,0,0,0,0,,0,0,1,5,0.0
00-0041533,2026_04_MIA_MIN,4,MIA,MIN,0,0,0,0,0,0,,0,0,0,0,,0,0,0,0,0,0.0,1,4,0,0.0,0,0,0,0,0,0,0,,0,0,0,0,0.0
00-0041537,2026_04_DAL_HOU,4,DAL,HOU,0,0,0,0,0,0,,0,0,0,0,,0,0,0,0,0,0.0,1,0,0,0.0,0,0,0,0,0,0,0,,0,0,1,5,0.0
00-0041538,2026_04_NYJ_CHI,4,CHI,NYJ,0,0,0,0,0,0,,0,0,0,0,,0,0,0,0,0,0.0,0,7,0,0.0,0,0,0,0,0,0,0,,0,0,0,0,0.0
00-0041543,2026_04_KC_LV,4,KC,LV,0,0,0,0,0,0,,0,0,0,0,,0,0,0,0,0,0.0,7,3,1,0.0,0,0,1,0,0,0,0,,0,0,0,0,0.0
00-0041544,2026_04_LAC_SEA,4,LAC,SEA,0,0,0,0,0,0,,0,0,0,0,,0,0,0,0,0,0.0,2,4,0,0.0,0,0,0,0,0,0,0,,0,0,0,0,0.0
00-0041545,2026_04_KC_LV,4,KC,LV,0,0,0,0,0,0,,0,0,0,0,,0,0,0,0,0,0.0,0,1,0,0.0,0,0,0,0,0,0,0,,0,0,1,5,0.0
00-0041547,2026_04_PIT_CLE,4,CLE,PIT,0,0,0,0,0,0,,0,0,0,0,,8,5,64,0,38,0.242424242424242,0,0,0,0.0,0,0,0,0,0,0,0,,0,0,1,5,11.4
00-0041549,2026_04_NYJ_CHI,4,NYJ,CHI,0,0,0,0,0,0,,0,0,0,0,,0,0,0,0,0,0.0,3,1,0,0.0,0,0,0,0,0,0,0,,0,0,1,15,0.0
00-0041554,2026_04_LA_PHI,4,PHI,LA,0,0,0,0,0,0,,0,0,0,0,,0,0,0,0,0,0.0,0,0,0,0.0,0,0,0,0,0,0,0,,0,0,1,5,0.0
00-0041556,2026_04_DEN_SF,4,SF,DEN,0,0,0,0,0,0,,0,0,0,0,,0,0,0,0,0,0.0,2,0,0,0.0,0,0,0,0,0,0,0,,0,0,0,0,0.0
00-0041557,2026_04_DEN_SF,4,SF,DEN,0,0,0,0,0,0,,0,0,0,0,,0,0,0,0,0,0.0,0,3,0,0.0,0,0,0,0,0,0,0,,0,0,0,0,0.0
00-0041558,2026_04_NYJ_CHI,4,CHI,NYJ,0,0,0,0,0,0,,0,0,0,0,,1,1,8,0,12,0.032258064516129,1,0,0,0.0,0,0,0,0,0,0,0,,0,0,1,8,1.8
00-0041569,2026_04_NE_BUF,4,NE,BUF,0,0,0,0,0,0,,0,0,0,0,,0,0,0,0,0,0.0,0,3,0,0.0,0,0,0,0,0,0,0,,0,0,0,0,0.0
,2026_04_PIT_CLE,4,CLE,PIT,0,0,0,0,0,0,,0,0,0,0,,0,0,0,0,0,0.0,0,0,0,0.0,0,0,0,0,0,0,0,,0,0,26,130,0.0
