player_id,full_name,position,team_abbr,jersey_number,status,birth_date,height,weight,college,years_exp,rookie_year,draft_club,draft_number,as_of_week
00-0023459,Aaron Rodgers,QB,PIT,8.0,ACT,1983-12-02,74.0,225,California; Butte College,21,2005,GB,24.0,4
00-0025565,Nick Folk,K,ATL,6.0,ACT,1984-11-05,73.0,222,Arizona,19,2007,DAL,178.0,4
00-0026027,J.J. Jansen,LS,CAR,44.0,ACT,1986-01-20,74.0,245,Notre Dame,18,2008,,,4
00-0026158,Joe Flacco,QB,CIN,16.0,ACT,1985-01-16,78.0,245,Delaware; Pittsburgh,18,2008,BAL,18.0,4
00-0026190,Calais Campbell,DL,BAL,93.0,ACT,1986-09-01,80.0,307,Miami,18,2008,AZ,50.0,4
00-0026300,Josh Johnson,QB,CIN,11.0,DEV,1986-05-15,75.0,219,San Diego,18,2008,TB,160.0,4
00-0026498,Matthew Stafford,QB,LA,9.0,ACT,1988-02-07,75.0,214,Georgia,17,2009,DET,1.0,4
00-0027224,Jon Weeks,LS,SF,46.0,ACT,1986-02-17,70.0,242,Baylor,16,2010,,,4
00-0027557,Morgan Cox,LS,TEN,46.0,ACT,1986-04-26,76.0,233,Tennessee,16,2010,,,4
00-0027857,Trent Williams,OL,SF,71.0,ACT,1988-07-19,77.0,320,Oklahoma,16,2010,WAS,4.0,4
00-0027940,Von Miller,LB,DAL,40.0,ACT,1989-03-26,75.0,245,Texas A&M,15,2011,DEN,2.0,4
00-0027962,Cameron Jordan,LB,NO,94.0,ACT,1989-07-10,76.0,287,California,15,2011,NO,24.0,4
00-0027969,Cameron Heyward,DL,PIT,97.0,ACT,1989-05-06,77.0,295,Ohio State,15,2011,PIT,31.0,4
00-0027973,Andy Dalton,QB,PHI,14.0,ACT,1987-10-29,74.0,220,TCU,15,2011,CIN,35.0,4
00-0028118,Tyrod Taylor,QB,GB,6.0,ACT,1989-08-03,73.0,215,Virginia Tech,15,2011,BAL,180.0,4
00-0028292,Nick Bellore,LB,WAS,57.0,RET,1989-05-12,73.0,250,Central Michigan,15,2011,,,4
00-0028845,Josh Harris,LS,LAC,47.0,ACT,1989-04-27,73.0,224,Auburn,14,2012,,,4
00-0028872,Johnny Hekker,P,MIN,6.0,ACT,1990-02-08,77.0,241,Oregon State,14,2012,,,4
00-0028986,Case Keenum,QB,CHI,11.0,ACT,1988-02-17,73.0,220,Houston,14,2012,,,4
00-0029592,Kevin Zeitler,OL,GB,70.0,ACT,1990-03-08,76.0,315,Wisconsin,14,2012,CIN,27.0,4
00-0029604,Kirk Cousins,QB,LV,8.0,ACT,1988-08-19,75.0,209,Michigan State,14,2012,WAS,102.0,4
00-0029606,Harrison Smith,DB,MIN,22.0,ACT,1989-02-02,74.0,214,Notre Dame,14,2012,MIN,29.0,4
00-0029607,Demario Davis,LB,NYJ,56.0,ACT,1989-01-11,74.0,239,Arkansas State,14,2012,NYJ,77.0,4
00-0029685,Greg Van Roten,OL,NE,70.0,RES,1990-02-26,75.0,305,Penn,14,2012,,,4
00-0029692,Bryan Anger,P,DAL,5.0,ACT,1988-10-06,75.0,214,California,14,2012,JAX,70.0,4
00-0029714,Andrew DePaola,LS,MIN,42.0,ACT,1987-07-28,73.0,230,Rutgers,14,2012,,,4
00-0029892,Kyle Juszczyk,RB,SF,44.0,ACT,1991-04-23,74.0,235,Harvard,13,2013,BAL,130.0,4
00-0030035,Adam Thielen,WR,MIN,16.0,RET,1990-08-22,74.0,200,Minnesota State,13,2013,,,4
00-0030061,Zach Ertz,TE,PHI,86.0,ACT,1990-11-10,77.0,250,Stanford,13,2013,PHI,35.0,4
00-0030070,John Jenkins,DL,BAL,94.0,ACT,1989-07-11,75.0,360,Georgia; Gulf Coast CC; Mississippi,13,2013,NO,82.0,4
00-0030092,Sam Martin,P,CAR,6.0,ACT,1990-02-27,73.0,205,Appalachian State,13,2013,DET,165.0,4
00-0030097,David Quessenberry,OL,LA,68.0,ACT,1990-08-24,77.0,310,San Jose State,13,2013,HOU,176.0,4
00-0030140,Tress Way,P,WAS,10.0,ACT,1990-04-18,73.0,220,Oklahoma,13,2013,,,4
00-0030279,Keenan Allen,WR,IND,10.0,INA,1992-04-27,74.0,211,California,13,2013,SD,76.0,4
00-0030294,Tony Jefferson,DB,LAC,23.0,ACT,1992-01-27,71.0,212,Oklahoma,13,2013,,,4
00-0030506,Travis Kelce,TE,KC,87.0,ACT,1989-10-05,77.0,250,Cincinnati,13,2013,KC,63.0,4
00-0030561,Lane Johnson,OL,PHI,65.0,ACT,1990-05-08,78.0,325,Oklahoma; Kilgore,13,2013,PHI,4.0,4
00-0030565,Geno Smith,QB,NYJ,7.0,ACT,1990-10-10,75.0,221,West Virginia,13,2013,NYJ,39.0,4
00-0030615,James Winchester,LS,KC,41.0,ACT,1989-08-06,75.0,240,Oklahoma,13,2013,,,4
00-0030957,Casey Kreiter,LS,ARI,59.0,ACT,1990-08-13,73.0,250,Iowa,12,2014,,,4
00-0031040,Khalil Mack,LB,LAC,52.0,ACT,1991-02-22,75.0,269,Buffalo,12,2014,OAK,5.0,4
00-0031054,DaQuan Jones,DL,NE,99.0,ACT,1991-12-27,76.0,322,Penn State,12,2014,TEN,112.0,4
00-0031136,Chris Boswell,K,PIT,9.0,ACT,1991-03-16,74.0,185,Rice,12,2014,,,4
00-0031156,Tyler Ott,LS,WAS,69.0,ACT,1992-02-28,75.0,253,Harvard,12,2014,,,4
00-0031203,Cairo Santos,K,CHI,8.0,ACT,1991-11-12,68.0,173,Tulane,12,2014,,,4
00-0031235,Odell Beckham Jr.,WR,NYG,13.0,CUT,1992-11-05,71.0,198,LSU,12,2014,NYG,12.0,4
00-0031236,Brandin Cooks,WR,SF,18.0,ACT,1993-09-25,70.0,183,Oregon State,12,2014,NO,20.0,4
00-0031237,Teddy Bridgewater,QB,DET,5.0,RET,1992-11-10,74.0,215,Louisville,12,2014,MIN,32.0,4
00-0031270,Shelby Harris,DL,NYG,93.0,ACT,1991-08-11,74.0,290,Illinois State; Wisconsin,12,2014,OAK,235.0,4
00-0031279,Jake Matthews,OL,ATL,70.0,ACT,1992-02-11,77.0,309,Texas A&M,12,2014,ATL,6.0,4
00-0031330,Morgan Moses,OL,NE,76.0,ACT,1991-03-03,78.0,320,Virginia,12,2014,WAS,66.0,4
00-0031360,Kyle Van Noy,LB,MIN,17.0,ACT,1991-03-26,75.0,255,BYU,12,2014,DET,40.0,4
00-0031364,Jadeveon Clowney,DL,HOU,90.0,ACT,1993-02-14,77.0,266,South Carolina,12,2014,HOU,1.0,4
00-0031381,Davante Adams,WR,LA,17.0,ACT,1992-12-24,73.0,204,Fresno State,12,2014,GB,53.0,4
00-0031388,Aaron Donald,DL,LA,99.0,ACT,1991-05-23,73.0,285,Pittsburgh,12,2014,STL,13.0,4
00-0031408,Mike Evans,WR,SF,5.0,ACT,1993-08-21,77.0,231,Texas A&M,12,2014,TB,7.0,4
00-0031411,DeMarcus Lawrence,LB,SEA,0.0,ACT,1992-04-28,75.0,254,Boise State; Butler County JC,12,2014,DAL,34.0,4
00-0031484,Chris Manhertz,TE,NYG,85.0,ACT,1992-04-10,78.0,235,Canisius College,11,2015,,,4
00-0031492,Jason Myers,K,SEA,5.0,ACT,1991-05-12,70.0,190,Marist,11,2015,,,4
00-0031503,Jameis Winston,QB,NYG,19.0,ACT,1994-01-06,76.0,231,Florida State,11,2015,TB,1.0,4
00-0031550,Shaq Thompson,LB,BUF,54.0,DEV,1994-04-21,72.0,230,Washington,11,2015,CAR,25.0,4
00-0031565,Danielle Hunter,DL,HOU,55.0,ACT,1994-10-29,77.0,263,LSU,11,2015,MIN,88.0,4
00-0031576,Za'Darius Smith,LB,ATL,55.0,ACT,1992-09-08,76.0,272,Kentucky; East Mississippi JC,11,2015,BAL,122.0,4
00-0031583,Grady Jarrett,DL,CHI,50.0,ACT,1993-04-28,73.0,294,Clemson,11,2015,ATL,137.0,4
00-0031588,Stefon Diggs,WR,WAS,3.0,ACT,1993-11-29,72.0,191,Maryland,11,2015,MIN,146.0,4
00-0031595,Michael Burton,RB,CLE,34.0,ACT,1992-02-01,72.0,247,Rutgers,11,2015,DET,168.0,4
00-0031610,Darren Waller,TE,CAR,88.0,ACT,1992-09-13,78.0,238,Georgia Tech,11,2015,BAL,204.0,4
00-0031622,Bobby Hart,OL,SEA,68.0,DEV,1994-08-21,77.0,310,Florida State,11,2015,NYG,226.0,4
00-0031898,Alex Singleton,LB,DEN,49.0,ACT,1993-12-07,74.0,242,Montana State,11,2015,,,4
00-0031921,Kendall Lamm,OL,BAL,70.0,RET,1992-06-05,77.0,310,Appalachian State,11,2015,,,4
00-0031933,Leonard Williams,DL,SEA,99.0,ACT,1994-06-20,77.0,310,USC,11,2015,NYJ,6.0,4
00-0031957,Rakeem Nunez-Roches,DL,TB,56.0,ACT,1993-07-03,74.0,307,Southern Mississippi,11,2015,KC,217.0,4
00-0032052,Dante Fowler Jr.,LB,SEA,56.0,ACT,1994-08-03,75.0,264,Florida,11,2015,JAX,3.0,4
00-0032065,Bradley Pinion,P,MIA,48.0,ACT,1994-06-01,77.0,250,Clemson,11,2015,SF,165.0,4
00-0032071,Trent Brown,OL,HOU,77.0,ACT,1993-04-13,80.0,380,Florida; Georgia Military,11,2015,SF,244.0,4
00-0032103,Denzel Perryman,LB,LAC,6.0,RES,1992-12-05,71.0,240,Miami,11,2015,SD,48.0,4
00-0032104,Ameer Abdullah,RB,JAX,20.0,ACT,1993-06-13,69.0,203,Nebraska,11,2015,DET,54.0,4
00-0032146,Bud Dupree,LB,LAC,48.0,ACT,1993-02-12,76.0,269,Kentucky,11,2015,PIT,22.0,4
00-0032164,Arik Armstead,DL,JAX,91.0,ACT,1993-11-15,79.0,292,Oregon,11,2015,SF,17.0,4
00-0032208,Phillip Dorsett,WR,LV,13.0,DEV,1993-01-05,70.0,192,Miami,11,2015,IND,29.0,4
00-0032222,D.J. Humphries,OL,WAS,79.0,CUT,1993-12-28,77.0,307,Florida,11,2015,AZ,24.0,1
00-0032228,Joe Cardona,LS,LA,49.0,ACT,1992-04-16,74.0,245,Navy,11,2015,NE,166.0,4
00-0032234,Laken Tomlinson,OL,GB,71.0,ACT,1992-02-09,75.0,312,Duke,11,2015,DET,28.0,4
00-0032265,Mario Edwards,DL,HOU,97.0,RES,1994-01-25,75.0,280,Florida State,11,2015,OAK,35.0,4
00-0032268,Marcus Mariota,QB,WAS,8.0,ACT,1993-10-30,76.0,222,Oregon,11,2015,TEN,2.0,4
00-0032378,DeForest Buckner,DL,IND,99.0,ACT,1994-03-17,79.0,295,Oregon,10,2016,SF,7.0,4
00-0032380,Laremy Tunsil,OL,WAS,78.0,RES,1994-08-02,77.0,313,Mississippi,10,2016,MIA,13.0,4
00-0032385,Sterling Shepard,WR,NYJ,87.0,ACT,1993-02-10,70.0,201,Oklahoma,10,2016,NYG,40.0,4
00-0032387,Jarran Reed,DL,SEA,90.0,ACT,1992-12-16,75.0,315,Alabama; East Mississippi JC,10,2016,SEA,49.0,4
00-0032391,Joe Thuney,OL,CHI,62.0,ACT,1992-11-18,77.0,301,N.C. State,10,2016,NE,78.0,4
00-0032392,Austin Hooper,TE,ATL,81.0,ACT,1994-10-29,76.0,254,Stanford,10,2016,ATL,81.0,4
00-0032394,Nick Vannett,TE,BAL,87.0,DEV,1993-03-06,78.0,257,Ohio State,10,2016,SEA,94.0,4
00-0032398,Chris Moore,WR,BAL,17.0,ACT,1993-06-16,73.0,200,Cincinnati,10,2016,BAL,107.0,4
00-0032399,Miles Killebrew,DB,TB,29.0,ACT,1993-05-10,74.0,222,Southern Utah State,10,2016,DET,111.0,4
00-0032415,Matthew Judon,LB,SF,36.0,ACT,1992-08-15,75.0,261,Grand Valley,10,2016,BAL,146.0,4
00-0032424,DJ Reader,DL,NYG,98.0,ACT,1994-07-01,75.0,335,Clemson,10,2016,HOU,166.0,4
00-0032445,Ted Karras,OL,CIN,64.0,ACT,1993-03-15,76.0,310,Illinois,10,2016,NE,221.0,4
00-0032464,Kalif Raymond,WR,CHI,14.0,ACT,1994-08-08,69.0,160,Holy Cross,10,2016,,,4
00-0032497,Reid Ferguson,LS,BUF,69.0,ACT,1994-03-24,74.0,235,LSU,10,2016,,,4
00-0032569,Wil Lutz,K,DEN,3.0,ACT,1994-07-07,71.0,184,Georgia State,10,2016,,,4
00-0032580,Jonathan Jones,DB,PHI,31.0,ACT,1993-09-20,70.0,190,Auburn,10,2016,,,4
00-0032667,Roy Robertson-Harris,DL,NYG,95.0,RES,1993-07-23,79.0,300,Texas-El Paso,10,2016,,,4
00-0032701,Jake Brendel,OL,SF,64.0,ACT,1992-09-10,76.0,299,UCLA,10,2016,,,4
00-0032726,Ka'imi Fairbairn,K,HOU,15.0,ACT,1994-01-29,72.0,183,UCLA,10,2016,,,4
00-0032753,Luke Rhodes,LS,IND,46.0,ACT,1992-12-02,74.0,238,William & Mary,10,2016,,,4
00-0032759,Sheldon Rankins,DL,HOU,98.0,ACT,1994-04-02,74.0,305,Louisville,10,2016,NO,12.0,4
00-0032762,Chris Jones,DL,KC,95.0,ACT,1994-07-03,78.0,308,Mississippi State,10,2016,KC,37.0,4
00-0032763,Austin Johnson,DL,BUF,93.0,DEV,1994-05-08,76.0,314,Penn State,10,2016,TEN,43.0,4
00-0032764,Derrick Henry,RB,BAL,22.0,ACT,1994-01-04,75.0,252,Alabama,10,2016,TEN,45.0,4
00-0032775,Demarcus Robinson,WR,SF,11.0,RES,1994-09-21,73.0,203,Florida,10,2016,KC,126.0,4
00-0032803,Jalen Mills,DB,DET,27.0,ACT,1994-04-06,72.0,191,LSU,10,2016,PHI,233.0,4
00-0032889,A'Shawn Robinson,DL,TB,91.0,ACT,1995-03-21,75.0,320,Alabama,10,2016,DET,46.0,4
00-0032918,C.J. Ham,RB,MIN,30.0,RET,1993-07-22,71.0,235,Augustana (SD),10,2016,,,4
00-0032943,Riley Dixon,P,TB,9.0,ACT,1993-08-24,76.0,221,Syracuse,10,2016,DEN,228.0,4
00-0032950,Carson Wentz,QB,MIN,11.0,ACT,1992-12-30,77.0,237,North Dakota State,10,2016,PHI,2.0,4
00-0032951,Laquon Treadwell,WR,IND,13.0,ACT,1995-06-14,74.0,215,Mississippi,10,2016,MIN,23.0,4
00-0032954,Isaac Seumalo,OL,ARI,73.0,ACT,1993-10-29,76.0,310,Oregon State,10,2016,PHI,79.0,4
00-0032965,Ronnie Stanley,OL,BAL,79.0,ACT,1994-03-18,78.0,310,Notre Dame,10,2016,BAL,6.0,4
00-0033038,Eric Murray,DB,JAX,29.0,ACT,1994-01-07,71.0,199,Minnesota,10,2016,KC,106.0,4
00-0033046,Jihad Ward,LB,NYG,52.0,ACT,1994-05-11,77.0,287,Illinois; Globe Institute,10,2016,OAK,44.0,4
00-0033051,David Onyemata,DL,NYJ,93.0,RES,1992-11-13,75.0,300,Manitoba (Canada),10,2016,NO,120.0,4
00-0033055,Jalen Ramsey,DB,PIT,5.0,ACT,1994-10-24,73.0,208,Florida State,10,2016,JAX,5.0,4
00-0033063,Zach Wood,LS,NO,49.0,RES,1993-01-10,75.0,255,SMU,10,2016,,,4
00-0033066,Andrew Billings,DL,ARI,95.0,ACT,1995-06-03,73.0,340,Baylor,10,2016,CIN,122.0,4
00-0033073,Emmanuel Ogbah,DL,KC,90.0,DEV,1993-11-06,76.0,275,Oklahoma State,10,2016,CLE,32.0,4
00-0033077,Dak Prescott,QB,DAL,4.0,ACT,1993-07-29,74.0,230,Mississippi State,10,2016,DAL,135.0,4
00-0033082,Lucas Patrick,OL,WAS,63.0,ACT,1993-07-30,75.0,313,Duke,10,2016,,,4
00-0033090,Hunter Henry,TE,NE,85.0,ACT,1994-12-07,77.0,250,Arkansas,10,2016,SD,35.0,4
00-0033093,Jonathan Bullard,DL,DAL,90.0,RES,1993-10-22,75.0,290,Florida,10,2016,CHI,72.0,4
00-0033106,Jared Goff,QB,DET,16.0,ACT,1994-10-14,76.0,217,California,10,2016,LAR,1.0,4
00-0033109,Javon Hargrave,DL,GB,98.0,ACT,1993-02-07,74.0,305,South Carolina State,10,2016,PIT,89.0,4
00-0033110,Tyler Higbee,TE,LA,89.0,ACT,1993-01-01,78.0,253,Western Kentucky,10,2016,LAR,110.0,4
00-0033119,Jacoby Brissett,QB,ARI,7.0,ACT,1992-12-11,76.0,235,N.C. State; Florida,10,2016,NE,91.0,4
00-0033120,Kenny Clark,DL,DAL,97.0,ACT,1995-10-04,75.0,314,UCLA,10,2016,GB,27.0,4
00-0033131,Maliek Collins,DL,CLE,96.0,ACT,1995-04-08,74.0,308,Nebraska,10,2016,DAL,67.0,4
00-0033132,Kevin Byard,DB,NE,31.0,ACT,1993-08-17,71.0,212,Middle Tennessee State,10,2016,TEN,64.0,4
00-0033217,Mo Alie-Cox,TE,IND,81.0,ACT,1993-09-19,77.0,267,Virginia Commonwealth Univ.,9,2017,,,4
00-0033246,Johnny Mundt,TE,PHI,83.0,ACT,1994-11-23,76.0,245,Oregon,9,2017,,,4
00-0033260,Thomas Hennessy,LS,NYJ,42.0,ACT,1994-06-11,74.0,246,Duke,9,2017,,,4
00-0033269,Rigoberto Sanchez,P,IND,8.0,ACT,1994-09-08,72.0,195,Hawaii; Butte College,9,2017,,,4
00-0033280,Christian McCaffrey,RB,SF,23.0,ACT,1996-06-07,71.0,210,Stanford,9,2017,CAR,8.0,4
00-0033281,Marlon Humphrey,DB,BAL,44.0,ACT,1996-07-08,72.0,200,Alabama,9,2017,BAL,16.0,4
00-0033284,Taylor Moton,OL,CAR,72.0,RES,1994-08-14,77.0,316,Western Michigan,9,2017,CAR,64.0,4
00-0033288,George Kittle,TE,SF,85.0,ACT,1993-10-09,76.0,250,Iowa,9,2017,SF,146.0,4
00-0033290,Jermaine Eluemunor,OL,NYG,72.0,ACT,1994-12-13,76.0,335,Texas A&M; Lackawanna JC,9,2017,BAL,159.0,4
00-0033293,Aaron Jones,RB,MIN,33.0,ACT,1994-12-02,69.0,208,Texas-El Paso,9,2017,GB,182.0,4
00-0033294,Chuck Clark,DB,DET,36.0,ACT,1995-04-19,72.0,210,Virginia Tech,9,2017,BAL,186.0,4
00-0033297,D.J. Jones,DL,DEN,93.0,ACT,1995-01-19,72.0,305,Mississippi; East Mississippi JC,9,2017,SF,198.0,4
00-0033303,Harrison Butker,K,KC,7.0,ACT,1995-07-14,76.0,205,Georgia Tech,9,2017,CAR,233.0,4
00-0033307,Kendrick Bourne,WR,ARI,17.0,ACT,1995-08-04,73.0,205,Eastern Washington,9,2017,,,4
00-0033319,Nick Mullens,QB,JAX,14.0,DEV,1995-03-21,73.0,210,Southern Mississippi,9,2017,,,4
00-0033336,Eric Wilson,LB,MIN,55.0,ACT,1994-09-26,73.0,230,Cincinnati; Northwestern,9,2017,,,4
00-0033347,Josh Tupou,DL,NYG,94.0,DEV,1994-05-02,75.0,350,Colorado,9,2017,,,4
00-0033375,Tim Patrick,WR,NYJ,17.0,RES,1993-11-23,77.0,212,Utah; Grossmont,9,2017,,,4
00-0033376,Patrick Ricard,RB,NYG,45.0,ACT,1994-05-27,75.0,300,Maine,9,2017,,,4
00-0033381,Adam Butler,DL,LV,69.0,ACT,1994-04-12,77.0,300,Vanderbilt,9,2017,,,4
00-0033393,Kenny Moore II,DB,PHI,23.0,ACT,1995-08-23,69.0,190,Valdosta State,9,2017,,,4
00-0033439,Pharaoh Brown,TE,IND,49.0,DEV,1994-05-04,77.0,246,Oregon,9,2017,,,4
00-0033523,Jonathan Allen,DL,CIN,93.0,ACT,1995-01-16,75.0,300,Alabama,9,2017,WAS,17.0,4
00-0033526,Samaje Perine,RB,CIN,34.0,ACT,1995-09-16,70.0,240,Oklahoma,9,2017,WAS,114.0,4
00-0033537,Deshaun Watson,QB,CLE,4.0,ACT,1995-09-14,75.0,221,Clemson,9,2017,HOU,12.0,4
00-0033538,Garett Bolles,OL,DEN,72.0,ACT,1992-05-27,77.0,300,Utah; Snow,9,2017,DEN,20.0,4
00-0033546,Dalvin Tomlinson,DL,LAC,94.0,ACT,1994-02-18,75.0,317,Alabama,9,2017,NYG,55.0,4
00-0033548,Chidobe Awuzie,DB,BAL,3.0,ACT,1995-05-24,72.0,202,Colorado,9,2017,DAL,60.0,4
00-0033551,Rasul Douglas,DB,WAS,29.0,ACT,1994-08-29,74.0,209,West Virginia; Nassau CC,9,2017,PHI,99.0,4
00-0033553,James Conner,RB,ARI,6.0,RES,1995-05-05,73.0,233,Pittsburgh,9,2017,PIT,105.0,4
00-0033555,Mack Hollins,WR,NE,13.0,ACT,1993-09-16,76.0,221,North Carolina,9,2017,PHI,118.0,4
00-0033576,Eric Saubert,TE,SEA,81.0,ACT,1994-05-09,77.0,248,Drake,9,2017,ATL,174.0,4
00-0033579,Xavier Woods,DB,CHI,32.0,ACT,1995-07-26,71.0,202,Louisiana Tech,9,2017,DAL,191.0,4
00-0033589,David Moore,WR,CAR,83.0,ACT,1995-01-15,72.0,220,East Central,9,2017,SEA,226.0,4
00-0033662,Cooper Rush,QB,ATL,13.0,ACT,1993-11-21,75.0,225,Central Michigan; Tarrant County JC,9,2017,,,4
00-0033676,Elijah Wilkinson,OL,ARI,65.0,ACT,1995-02-10,78.0,315,UMass Amherst,9,2017,,,4
00-0033699,Austin Ekeler,RB,WAS,30.0,ACT,1995-05-17,70.0,200,Western State,9,2017,,,4
00-0033729,Cameron Johnston,P,PIT,19.0,ACT,1992-02-24,71.0,194,Ohio State,9,2017,,,4
00-0033752,Storm Norton,OL,ATL,77.0,RES,1994-05-16,79.0,310,Toledo,9,2017,,,4
00-0033757,Robert Tonyan,TE,PIT,85.0,ACT,1994-04-30,77.0,237,Indiana State,9,2017,,,4
00-0033783,Ahkello Witherspoon,DB,WAS,24.0,RET,1995-03-21,74.0,195,Colorado; Sacramento City,9,2017,SF,66.0,4
00-0033787,Jake Elliott,K,PHI,4.0,ACT,1995-01-21,69.0,167,Memphis,9,2017,CIN,153.0,4
00-0033793,Corey Levin,OL,ATL,62.0,ACT,1994-08-12,76.0,307,Tennessee-Chattanooga,9,2017,TEN,217.0,4
00-0033831,Andrew Wylie,OL,WAS,71.0,ACT,1994-08-19,77.0,304,Eastern Michigan,9,2017,,,4
00-0033854,Dare Ogunbowale,RB,HOU,32.0,ACT,1994-05-04,71.0,205,Wisconsin,9,2017,,,4
00-0033858,Jonnu Smith,TE,GB,18.0,ACT,1995-08-22,75.0,248,Florida International,9,2017,TEN,100.0,4
00-0033860,Davon Godchaux,DL,NO,92.0,ACT,1994-11-11,75.0,330,LSU,9,2017,MIA,178.0,4
00-0033868,Myles Garrett,LB,LA,95.0,RES,1995-12-29,76.0,272,Texas A&M,9,2017,CLE,1.0,4
00-0033869,Mitchell Trubisky,QB,TEN,10.0,ACT,1994-08-20,74.0,222,North Carolina,9,2017,CHI,2.0,4
00-0033870,Solomon Thomas,DL,TEN,90.0,ACT,1995-08-26,74.0,285,Stanford,9,2017,SF,3.0,4
00-0033872,Jamal Adams,LB,MIN,32.0,RES,1995-10-17,73.0,213,LSU,9,2017,NYJ,6.0,4
00-0033873,Patrick Mahomes,QB,KC,15.0,ACT,1995-09-17,74.0,225,Texas Tech,9,2017,KC,10.0,4
00-0033876,Derek Barnett,DL,CLE,97.0,ACT,1996-06-25,75.0,259,Tennessee,9,2017,PHI,14.0,4
00-0033877,Malik Hooker,DB,DAL,24.0,ACT,1996-04-02,73.0,212,Ohio State,9,2017,IND,15.0,4
00-0033881,Evan Engram,TE,DEN,1.0,ACT,1994-09-02,75.0,240,Mississippi,9,2017,NYG,23.0,4
00-0033885,David Njoku,TE,LAC,83.0,RES,1996-07-10,76.0,246,Miami,9,2017,CLE,29.0,4
00-0033886,T.J. Watt,LB,PIT,90.0,ACT,1994-10-11,76.0,252,Wisconsin,9,2017,PIT,30.0,4
00-0033890,Budda Baker,DB,ARI,3.0,ACT,1996-01-10,70.0,195,Washington,9,2017,AZ,36.0,4
00-0033901,Ethan Pocic,OL,BAL,77.0,RES,1995-08-05,78.0,320,LSU,9,2017,SEA,58.0,4
00-0033902,Tanoh Kpassagnon,DL,TEN,58.0,RES,1994-06-14,79.0,289,Villanova,9,2017,KC,59.0,4
00-0033904,Dion Dawkins,OL,BUF,73.0,ACT,1994-04-26,77.0,320,Temple,9,2017,BUF,63.0,4
00-0033906,Alvin Kamara,RB,NO,41.0,ACT,1995-07-25,70.0,215,Tennessee; Hutchinson CC; Alabama,9,2017,NO,67.0,4
00-0033908,Cooper Kupp,WR,SEA,10.0,ACT,1993-06-15,74.0,208,Eastern Washington,9,2017,LAR,69.0,4
00-0033910,Dan Feeney,OL,TB,65.0,ACT,1994-05-29,76.0,310,Indiana,9,2017,LAC,71.0,4
00-0033914,Alex Anzalone,LB,TB,34.0,ACT,1994-09-22,75.0,234,Florida,9,2017,NO,76.0,4
00-0033918,Fabian Moreau,DB,WAS,24.0,ACT,1994-04-09,72.0,204,UCLA,9,2017,WAS,81.0,4
00-0033921,Chris Godwin Jr.,WR,TB,14.0,ACT,1996-02-27,73.0,209,Penn State,9,2017,TB,84.0,4
00-0033928,Jourdan Lewis,DB,JAX,2.0,ACT,1995-08-31,70.0,190,Michigan,9,2017,DAL,92.0,4
00-0033935,Trey Hendrickson,LB,BAL,91.0,ACT,1994-12-05,76.0,265,Florida Atlantic,9,2017,NO,103.0,4
00-0033941,Rayshawn Jenkins,DB,PIT,20.0,ACT,1994-01-25,73.0,220,Miami,9,2017,LAC,113.0,4
00-0033945,Samson Ebukam,DL,ATL,52.0,ACT,1995-05-09,75.0,245,Eastern Washington,9,2017,LAR,125.0,4
00-0033947,Deatrich Wise,DL,WAS,91.0,RES,1994-07-26,77.0,280,Arkansas,9,2017,NE,131.0,4
00-0033949,Joshua Dobbs,QB,DET,11.0,ACT,1995-01-26,75.0,216,Tennessee,9,2017,PIT,135.0,4
00-0033952,Grover Stewart,DL,IND,90.0,ACT,1993-10-20,76.0,315,Albany State (GA),9,2017,IND,144.0,4
00-0033955,Jeremy McNichols,RB,WAS,26.0,RES,1995-12-26,69.0,205,Boise State,9,2017,TB,162.0,4
00-0033964,Al-Quadin Muhammad,LB,TB,97.0,ACT,1995-03-28,76.0,250,Miami,9,2017,NO,196.0,4
00-0034051,Christian Kuntz,LS,PIT,46.0,ACT,1994-04-13,73.0,228,Duquesne,9,2017,,,4
00-0034067,Scott Daly,LS,CHI,46.0,ACT,1994-02-07,73.0,245,Notre Dame,8,2018,,,4
00-0034091,George Odum,DB,HOU,36.0,DEV,1993-11-03,73.0,202,Central Arkansas,8,2018,,,4
00-0034112,Austin Schlottmann,OL,TEN,51.0,ACT,1995-09-18,78.0,310,TCU,8,2018,,,4
00-0034114,Coleman Shelton,OL,LA,65.0,ACT,1995-07-28,77.0,292,Washington,8,2018,,,4
00-0034158,Brian O'Neill,OL,MIN,75.0,ACT,1995-09-15,79.0,310,Pittsburgh,8,2018,MIN,62.0,4
00-0034160,Michael Dickson,P,SEA,4.0,ACT,1996-01-04,74.0,208,Texas,8,2018,SEA,149.0,4
00-0034161,Daniel Carlson,K,NO,10.0,ACT,1995-01-23,77.0,222,Auburn,8,2018,MIN,167.0,4
00-0034162,J.K. Scott,P,LAC,16.0,ACT,1995-10-30,77.0,208,Alabama,8,2018,GB,172.0,4
00-0034163,Jacob Martin,DL,TEN,57.0,ACT,1995-12-11,74.0,260,Temple,8,2018,SEA,186.0,4
00-0034173,Eddy Pineiro,K,SF,18.0,ACT,1995-09-13,71.0,190,Florida,8,2018,,,4
00-0034198,Trent Sieg,LS,DAL,44.0,ACT,1995-05-19,76.0,255,Colorado State,8,2018,,,4
00-0034234,Poona Ford,DL,LA,97.0,ACT,1995-11-19,71.0,314,Texas,8,2018,,,4
00-0034248,Elijah Campbell,DB,NYG,28.0,ACT,1995-08-24,71.0,193,Northern Iowa,8,2018,,,4
00-0034261,Austin Corbett,OL,BUF,63.0,ACT,1995-09-05,76.0,305,Nevada,8,2018,CLE,33.0,4
00-0034264,Jalyn Holmes,DL,TEN,97.0,DEV,1996-01-25,77.0,283,Ohio State,8,2018,MIN,102.0,4
00-0034270,Tyler Conklin,TE,DET,83.0,ACT,1995-07-30,75.0,245,Central Michigan; Northwood,8,2018,MIN,157.0,4
00-0034272,Marquez Valdes-Scantling,WR,LAC,13.0,ACT,1994-10-10,76.0,207,University of South Florida; N.C. State,8,2018,GB,174.0,4
00-0034275,Foley Fatukasi,DL,LV,94.0,ACT,1995-03-04,76.0,318,Connecticut,8,2018,NYJ,180.0,4
00-0034277,DeShon Elliott,DB,PIT,25.0,RES,1997-04-21,73.0,210,Texas,8,2018,BAL,190.0,4
00-0034278,Tremon Smith,DB,HOU,11.0,ACT,1996-07-20,72.0,190,Central Arkansas,8,2018,KC,196.0,4
00-0034285,Zach Sieler,DL,MIA,92.0,ACT,1995-09-07,78.0,300,Ferris State,8,2018,BAL,238.0,4
00-0034302,Frankie Luvu,LB,WAS,4.0,ACT,1996-09-19,75.0,235,Washington State,8,2018,,,4
00-0034320,Kentavius Street,DL,CHI,93.0,ACT,1996-05-08,74.0,315,N.C. State,8,2018,SF,128.0,4
00-0034333,Daron Payne,DL,WAS,94.0,ACT,1997-05-27,75.0,320,Alabama,8,2018,WAS,13.0,4
00-0034342,Quenton Nelson,OL,IND,56.0,ACT,1996-03-19,77.0,330,Notre Dame,8,2018,IND,6.0,4
00-0034344,Marcus Davenport,DL,CHI,52.0,ACT,1996-09-04,78.0,265,Texas-San Antonio,8,2018,NO,14.0,4
00-0034348,Courtland Sutton,WR,DEN,14.0,ACT,1995-10-10,76.0,216,SMU,8,2018,DEN,40.0,4
00-0034350,Uchenna Nwosu,LB,SEA,7.0,ACT,1996-12-28,74.0,265,USC,8,2018,LAC,48.0,4
00-0034351,Dallas Goedert,TE,PHI,88.0,ACT,1995-01-03,77.0,256,South Dakota State,8,2018,PHI,49.0,4
00-0034355,M.J. Stewart,DB,HOU,29.0,RES,1995-09-16,71.0,205,North Carolina,8,2018,TB,53.0,4
00-0034356,Donte Jackson,DB,LAC,26.0,ACT,1995-11-08,70.0,180,LSU,8,2018,CAR,55.0,4
00-0034357,Isaiah Oliver,DB,TEN,28.0,DEV,1996-09-30,72.0,210,Colorado,8,2018,ATL,58.0,4
00-0034361,Justin Reid,DB,NO,21.0,ACT,1997-02-15,73.0,204,Stanford,8,2018,HOU,68.0,4
00-0034365,Ian Thomas,TE,LV,80.0,ACT,1996-06-06,75.0,253,Indiana; Nassau CC,8,2018,CAR,101.0,4
00-0034371,Da'Shawn Hand,DL,ATL,90.0,RES,1995-11-14,75.0,302,Alabama,8,2018,DET,114.0,4
00-0034373,Dorance Armstrong,LB,WAS,92.0,ACT,1997-06-10,76.0,255,Kansas,8,2018,DAL,116.0,4
00-0034376,Taron Johnson,DB,LV,3.0,ACT,1996-07-27,71.0,192,Weber State,8,2018,BUF,121.0,4
00-0034377,Avonte Maddox,DB,DET,29.0,RES,1996-03-31,69.0,191,Pittsburgh,8,2018,PHI,125.0,4
00-0034381,Josh Sweat,LB,ARI,10.0,ACT,1997-03-29,77.0,265,Florida State,8,2018,PHI,130.0,4
00-0034383,Dalton Schultz,TE,HOU,86.0,ACT,1996-07-11,77.0,242,Stanford,8,2018,DAL,137.0,4
00-0034384,D.J. Reed,DB,DET,4.0,ACT,1996-11-11,69.0,188,Kansas State; Cerritos College; Fresno State,8,2018,SF,142.0,4
00-0034391,Siran Neal,DB,SF,33.0,ACT,1994-08-04,72.0,205,Jacksonville State,8,2018,BUF,154.0,4
00-0034397,Tim Settle,DL,WAS,97.0,ACT,1997-07-11,75.0,315,Virginia Tech,8,2018,WAS,163.0,4
00-0034399,Wyatt Teller,OL,HOU,75.0,ACT,1994-11-21,76.0,315,Virginia Tech,8,2018,BUF,166.0,4
00-0034407,Ray-Ray McCloud,WR,CHI,20.0,RES,1996-10-15,69.0,190,Clemson,8,2018,BUF,187.0,1
00-0034413,Foyesade Oluokun,LB,JAX,23.0,ACT,1995-08-02,74.0,230,Yale,8,2018,ATL,200.0,4
00-0034417,Matt Pryor,OL,NE,76.0,ACT,1994-12-16,79.0,332,TCU,8,2018,PHI,206.0,4
00-0034419,Braxton Berrios,WR,NYG,87.0,ACT,1995-10-06,69.0,190,Miami,8,2018,NE,210.0,4
00-0034429,Jordan Mailata,OL,PHI,68.0,ACT,1997-03-31,80.0,365,,8,2018,PHI,233.0,4
00-0034431,Zaire Franklin,LB,GB,44.0,ACT,1996-07-02,72.0,236,Syracuse,8,2018,IND,235.0,4
00-0034437,Logan Cooke,P,JAX,9.0,ACT,1995-07-28,77.0,230,Mississippi State,8,2018,JAX,247.0,4
00-0034446,Jalen Davis,DB,CIN,35.0,RES,1996-02-02,70.0,185,Utah State,8,2018,,,4
00-0034465,Jeremy Reaves,DB,WAS,39.0,ACT,1996-08-29,71.0,200,South Alabama,8,2018,,,4
00-0034473,Dennis Gardeck,LB,JAX,47.0,ACT,1994-08-09,72.0,232,Sioux Falls; West Virginia State,8,2018,,,4
00-0034485,Jonathan Owens,DB,IND,38.0,ACT,1995-07-22,71.0,204,Missouri Western,8,2018,,,4
00-0034487,Trent Sherfield,WR,BUF,18.0,DEV,1996-02-26,72.0,203,Vanderbilt,8,2018,,,4
00-0034488,Tavierre Thomas,DB,MIN,37.0,DEV,1996-03-11,70.0,212,Ferris State,8,2018,,,4
00-0034495,Evan Brown,OL,HOU,63.0,ACT,1996-09-16,75.0,320,SMU,8,2018,,,4
00-0034571,Trent Scott,OL,WAS,73.0,DEV,1994-01-25,77.0,320,Grambling State,8,2018,,,4
00-0034573,Charvarius Ward,DB,IND,7.0,ACT,1996-05-16,73.0,195,Middle Tennessee State; Hinds CC,8,2018,,,4
00-0034577,Kyle Allen,QB,BUF,11.0,ACT,1996-03-08,75.0,211,Houston; Texas A&M,8,2018,,,4
00-0034613,Tanner Hudson,TE,CIN,87.0,ACT,1994-11-12,77.0,239,Southern Arkansas; Memphis,8,2018,,,4
00-0034639,Mike Ford,DB,ATL,28.0,ACT,1995-08-04,72.0,196,Southeast Missouri State,8,2018,,,4
00-0034657,Matt Dickerson,DL,JAX,93.0,ACT,1995-11-09,77.0,300,UCLA,8,2018,,,4
00-0034668,Aaron Stinnie,OL,NYG,64.0,ACT,1994-02-18,75.0,312,James Madison,8,2018,,,4
00-0034673,Tremaine Edmunds,LB,NYG,49.0,ACT,1998-05-02,76.0,250,Virginia Tech,8,2018,BUF,16.0,4
00-0034675,Jessie Bates,DB,ATL,3.0,ACT,1997-02-26,73.0,210,Wake Forest,8,2018,CIN,54.0,4
00-0034720,Robert Spillane,LB,NE,14.0,ACT,1995-12-14,73.0,234,Western Michigan,8,2018,,,4
00-0034721,Corey Bojorquez,P,CLE,13.0,ACT,1996-09-13,72.0,217,New Mexico; Cerritos College,8,2018,,,4
00-0034752,Orlando Brown,OL,CIN,75.0,ACT,1996-05-02,80.0,350,Oklahoma,8,2018,BAL,83.0,4
00-0034753,Mark Andrews,TE,BAL,89.0,ACT,1995-09-06,77.0,250,Oklahoma,8,2018,BAL,86.0,4
00-0034754,Oren Burks,LB,CIN,42.0,ACT,1995-03-21,75.0,233,Vanderbilt,8,2018,GB,88.0,4
00-0034759,Kolton Miller,OL,LV,74.0,ACT,1995-10-09,80.0,325,UCLA,8,2018,OAK,15.0,4
00-0034760,Nathan Shepherd,DL,NO,93.0,ACT,1993-10-09,76.0,315,Fort Hays; Simon Fraser,8,2018,NYJ,72.0,4
00-0034768,Chukwuma Okorafor,OL,NYJ,79.0,ACT,1997-08-08,78.0,320,Western Michigan,8,2018,PIT,92.0,4
00-0034771,Mason Rudolph,QB,PIT,2.0,ACT,1995-07-17,77.0,235,Oklahoma State,8,2018,PIT,76.0,4
00-0034773,Vita Vea,DL,TB,50.0,ACT,1995-02-05,76.0,347,Washington,8,2018,TB,12.0,4
00-0034775,Christian Kirk,WR,SF,3.0,RES,1996-11-18,71.0,200,Texas A&M,8,2018,AZ,47.0,4
00-0034778,Carlton Davis III,DB,NE,7.0,ACT,1996-12-31,73.0,200,Auburn,8,2018,TB,63.0,4
00-0034779,Ronnie Harrison,LB,MIA,56.0,RES,1997-04-18,74.0,220,Alabama,8,2018,JAX,93.0,4
00-0034780,Isaac Yiadom,DB,WAS,37.0,ACT,1996-02-20,73.0,190,Boston College,8,2018,DEN,99.0,4
00-0034782,Harrison Phillips,DL,NYJ,97.0,ACT,1996-01-25,75.0,307,Stanford,8,2018,BUF,96.0,4
00-0034789,Minkah Fitzpatrick,DB,NYJ,29.0,ACT,1996-11-17,73.0,202,Alabama,8,2018,MIA,11.0,4
00-0034790,Derwin James,DB,LAC,3.0,ACT,1996-08-03,74.0,215,Florida State,8,2018,LAC,17.0,4
00-0034794,Jason Sanders,K,NYJ,19.0,ACT,1995-11-16,71.0,186,New Mexico,8,2018,MIA,229.0,4
00-0034796,Lamar Jackson,QB,BAL,8.0,ACT,1997-01-07,74.0,205,Louisville,8,2018,BAL,32.0,4
00-0034798,Durham Smythe,TE,BAL,80.0,ACT,1995-08-09,76.0,248,Notre Dame,8,2018,MIA,123.0,4
00-0034800,B.J. Hill,DL,CIN,92.0,ACT,1995-04-20,75.0,311,N.C. State,8,2018,NYG,69.0,4
00-0034801,Josh Woods,LB,ATL,42.0,ACT,1996-07-01,73.0,236,Maryland,8,2018,,,4
00-0034805,John Franklin-Myers,DL,TEN,91.0,ACT,1996-09-26,76.0,288,Stephen F. Austin State,8,2018,LAR,135.0,4
00-0034807,Ogbo Okoronkwo,DL,SF,59.0,ACT,1995-04-24,74.0,253,Oklahoma,8,2018,LAR,160.0,4
00-0034810,Sebastian Joseph-Day,DL,PIT,69.0,ACT,1995-03-21,76.0,310,Rutgers,8,2018,LAR,195.0,4
00-0034815,Fred Warner,LB,SF,54.0,ACT,1996-11-19,75.0,230,BYU,8,2018,SF,70.0,4
00-0034817,Geron Christian,OL,JAX,79.0,DEV,1996-09-10,77.0,315,Louisville,8,2018,WAS,74.0,4
00-0034825,Arden Key,DL,IND,98.0,ACT,1996-05-03,77.0,240,LSU,8,2018,OAK,87.0,4
00-0034827,DJ Moore,WR,BUF,2.0,ACT,1997-04-14,72.0,215,Maryland,8,2018,CAR,24.0,4
00-0034828,Harold Landry III,LB,NE,2.0,RES,1996-06-05,74.0,250,Boston College,8,2018,TEN,41.0,4
00-0034829,Mike Gesicki,TE,CIN,88.0,ACT,1995-10-03,78.0,245,Penn State,8,2018,MIA,42.0,4
00-0034832,Bradley Chubb,LB,BUF,9.0,ACT,1996-06-24,76.0,268,N.C. State,8,2018,DEN,5.0,4
00-0034836,Braden Smith,OL,HOU,71.0,RES,1996-03-25,78.0,315,Auburn,8,2018,IND,37.0,4
00-0034837,Calvin Ridley,WR,TEN,0.0,ACT,1994-12-20,73.0,190,Alabama,8,2018,ATL,26.0,4
00-0034843,Mike Hughes,DB,ATL,21.0,ACT,1997-02-11,70.0,191,UCF; Garden City CC; North Carolina,8,2018,MIN,30.0,4
00-0034844,Saquon Barkley,RB,PHI,26.0,ACT,1997-02-09,72.0,233,Penn State,8,2018,NYG,2.0,4
00-0034847,Mike McGlinchey,OL,DEN,69.0,ACT,1995-01-12,80.0,315,Notre Dame,8,2018,SF,9.0,4
00-0034854,KhaDarel Hodge,WR,SF,86.0,CUT,1994-01-03,74.0,210,Prairie View A&M; Hinds CC; Alcorn State,8,2018,,,4
00-0034855,Baker Mayfield,QB,TB,6.0,ACT,1995-04-14,73.0,215,Oklahoma; Texas Tech,8,2018,CLE,1.0,4
00-0034856,Denzel Ward,DB,CLE,21.0,ACT,1997-04-28,71.0,191,Ohio State,8,2018,CLE,4.0,4
00-0034857,Josh Allen,QB,BUF,17.0,ACT,1996-05-21,77.0,237,Wyoming; Reedley,8,2018,BUF,7.0,4
00-0034860,Dante Pettis,WR,SF,87.0,DEV,1995-10-23,74.0,195,Washington,8,2018,SF,44.0,4
00-0034867,Malik Turner,WR,SF,81.0,ACT,1996-01-30,74.0,200,Illinois,8,2018,,,4
00-0034869,Sam Darnold,QB,SEA,14.0,ACT,1997-06-05,75.0,225,USC,8,2018,NYJ,3.0,4
00-0034874,Roquan Smith,LB,BAL,0.0,ACT,1997-04-08,73.0,235,Georgia,8,2018,CHI,8.0,4
00-0034941,Mitch Wishnowsky,P,NE,19.0,ACT,1992-03-02,74.0,220,Utah; Santa Barbara,7,2019,SF,110.0,4
00-0034951,Fred Johnson,OL,PHI,74.0,ACT,1997-06-05,79.0,326,Florida,7,2019,,,4
00-0034955,Brett Rypien,QB,TB,16.0,DEV,1996-07-09,74.0,200,Boise State,7,2019,,,4
00-0034959,Andrew Beck,RB,NYJ,47.0,ACT,1996-05-15,75.0,255,Texas,7,2019,,,4
00-0034960,Jakobi Meyers,WR,JAX,3.0,ACT,1996-11-09,74.0,200,N.C. State,7,2019,,,4
00-0034966,D'Angelo Ross,DB,CLE,37.0,DEV,1996-10-29,69.0,190,New Mexico,7,2019,,,3
00-0034967,Rashan Gary,LB,DAL,7.0,ACT,1997-12-03,77.0,277,Michigan,7,2019,GB,12.0,4
00-0034973,Maxx Crosby,DL,LV,98.0,ACT,1997-08-22,77.0,255,Eastern Michigan,7,2019,OAK,106.0,4
00-0034974,Julian Love,DB,SEA,20.0,ACT,1998-03-19,71.0,193,Notre Dame,7,2019,NYG,108.0,4
00-0034975,Justice Hill,RB,BAL,43.0,ACT,1997-11-14,70.0,195,Oklahoma State,7,2019,BAL,113.0,4
00-0034978,Ben Powers,OL,DEN,74.0,ACT,1996-10-29,76.0,310,Oklahoma; Butler County JC,7,2019,BAL,123.0,4
00-0034981,Foster Moreau,TE,HOU,87.0,ACT,1997-05-06,76.0,250,LSU,7,2019,OAK,137.0,4
00-0034982,Dre Greenlaw,LB,SF,57.0,ACT,1997-05-25,72.0,230,Arkansas,7,2019,SF,148.0,4
00-0034987,E.J. Speed,LB,HOU,45.0,RES,1995-06-01,76.0,230,Tarleton State,7,2019,IND,164.0,4
00-0034989,Justin Skule,OL,TB,77.0,ACT,1996-11-23,78.0,318,Vanderbilt,7,2019,SF,183.0,4
00-0034993,Marcus Epps,DB,PHI,29.0,ACT,1996-01-27,72.0,198,Wyoming,7,2019,MIN,191.0,4
00-0035020,Demetrius Flannigan-Fowles,LB,BUF,50.0,RES,1996-09-04,74.0,209,Arizona,7,2019,,,1
00-0035021,Ashton Dulin,WR,IND,16.0,ACT,1997-05-15,74.0,215,Malone,7,2019,,,4
00-0035026,Kevin Givens,DL,SF,90.0,DEV,1997-03-01,73.0,285,Penn State,7,2019,,,4
00-0035039,Stephen Carlson,TE,CHI,88.0,DEV,1996-12-12,76.0,248,Princeton,7,2019,,,4
00-0035045,D.J. Montgomery,WR,IND,3.0,RES,1996-11-17,73.0,201,Austin Peay; Holmes County JC,7,2019,,,4
00-0035062,Sam Mustipher,OL,JAX,69.0,RES,1996-08-13,75.0,306,Notre Dame,7,2019,,,4
00-0035073,Jonathan Harris,DL,MIN,93.0,CUT,1996-08-04,77.0,295,Lindenwood,7,2019,,,4
00-0035112,Patrick Mekari,OL,JAX,65.0,RES,1997-08-13,76.0,308,California,7,2019,,,4
00-0035118,Matthew Orzech,LS,GB,42.0,ACT,1995-04-12,75.0,245,Azusa Pacific,7,2019,,,4
00-0035125,Alec Ingold,RB,LAC,30.0,ACT,1996-07-09,73.0,242,Wisconsin,7,2019,,,4
00-0035127,Andre James,OL,BAL,61.0,DEV,1997-05-02,76.0,300,UCLA,7,2019,,,4
00-0035133,Keisean Nixon,DB,GB,25.0,ACT,1997-06-22,70.0,200,South Carolina,7,2019,,,4
00-0035144,Mack Wilson,LB,ARI,1.0,ACT,1998-02-14,73.0,240,Alabama,7,2019,CLE,155.0,4
00-0035149,Nick Allegretti,OL,WAS,67.0,ACT,1996-04-21,76.0,310,Illinois,7,2019,KC,216.0,4
00-0035156,Jack Fox,P,DET,3.0,ACT,1996-09-01,74.0,218,Rice,7,2019,,,4
00-0035166,Azeez Al-Shaair,LB,HOU,0.0,ACT,1997-08-04,74.0,228,Florida Atlantic,7,2019,,,4
00-0035190,AJ Cole,P,LV,6.0,ACT,1995-11-27,76.0,220,N.C. State,7,2019,,,4
00-0035192,Joey Slye,K,TEN,6.0,ACT,1996-04-10,71.0,228,Virginia Tech,7,2019,,,4
00-0035202,Del'Shawn Phillips,LB,LAC,53.0,ACT,1996-10-09,74.0,230,Illinois,7,2019,,,4
00-0035208,Olamide Zaccheaus,WR,ATL,14.0,ACT,1997-07-23,68.0,194,Virginia,7,2019,,,4
00-0035227,P.J. Locke,DB,DAL,1.0,RES,1997-02-12,70.0,202,Texas,7,2019,,,4
00-0035228,Kyler Murray,QB,MIN,1.0,ACT,1997-08-07,70.0,207,Oklahoma; Texas A&M,7,2019,AZ,1.0,4
00-0035229,T.J. Hockenson,TE,MIN,87.0,ACT,1997-07-03,77.0,248,Iowa,7,2019,DET,8.0,4
00-0035230,Ed Oliver,DL,BUF,91.0,ACT,1997-12-12,73.0,287,Houston,7,2019,BUF,9.0,4
00-0035234,Tytus Howard,OL,CLE,71.0,ACT,1996-05-23,77.0,322,Alabama State,7,2019,HOU,23.0,4
00-0035235,Kaleb McGary,OL,ATL,76.0,RET,1995-02-22,78.0,306,Washington,7,2019,ATL,31.0,4
00-0035236,Byron Murphy,DB,MIN,7.0,ACT,1998-01-18,71.0,190,Washington,7,2019,AZ,33.0,4
00-0035237,Jawaan Taylor,OL,ATL,71.0,ACT,1997-11-25,77.0,312,Florida,7,2019,JAX,35.0,4
00-0035239,Sean Murphy-Bunting,DB,TB,26.0,DEV,1997-06-19,72.0,195,Central Michigan,7,2019,TB,39.0,4
00-0035240,Jahlani Tavai,LB,JAX,31.0,ACT,1996-09-28,74.0,255,Hawaii,7,2019,DET,43.0,4
00-0035242,Erik McCoy,OL,NO,78.0,ACT,1997-08-27,76.0,303,Texas A&M,7,2019,NO,48.0,4
00-0035248,Zach Allen,DL,DEN,99.0,ACT,1997-08-20,76.0,285,Boston College,7,2019,AZ,65.0,4
00-0035249,Josh Oliver,TE,MIN,84.0,RES,1997-03-21,77.0,264,San Jose State,7,2019,JAX,69.0,4
00-0035250,Devin Singletary,RB,NYG,26.0,ACT,1997-09-03,67.0,203,Florida Atlantic,7,2019,BUF,74.0,4
00-0035251,Will Grier,QB,CAR,14.0,RET,1995-04-03,73.0,220,West Virginia; Florida State,7,2019,CAR,100.0,4
00-0035253,C.J. Gardner-Johnson,DB,BUF,22.0,ACT,1997-12-20,71.0,208,Florida,7,2019,NO,105.0,4
00-0035254,Anthony Nelson,LB,TB,98.0,ACT,1997-03-04,79.0,272,Iowa,7,2019,TB,107.0,4
00-0035258,Hjalte Froholdt,OL,ARI,72.0,ACT,1996-08-20,77.0,310,Arkansas,7,2019,NE,118.0,4
00-0035261,Tony Pollard,RB,TEN,20.0,ACT,1997-04-30,72.0,209,Memphis,7,2019,DAL,128.0,4
00-0035262,Drue Tranquill,LB,KC,23.0,ACT,1995-08-15,74.0,234,Notre Dame,7,2019,LAC,130.0,4
00-0035264,Jarrett Stidham,QB,DEN,8.0,ACT,1996-08-08,75.0,214,Auburn; McLennan CC; Baylor,7,2019,NE,133.0,4
00-0035269,Matt Gay,K,LV,14.0,ACT,1994-03-15,72.0,232,Utah; Utah Valley,7,2019,TB,145.0,4
00-0035270,Amani Oruwariye,DB,BAL,25.0,DEV,1996-02-09,74.0,203,Penn State,7,2019,DET,146.0,4
00-0035272,Andrew Van Ginkel,LB,MIN,43.0,ACT,1995-07-01,76.0,242,Wisconsin; Iowa Western CC; South Dakota,7,2019,MIA,151.0,4
00-0035276,Blake Cashman,LB,MIN,51.0,ACT,1996-05-10,73.0,235,Minnesota,7,2019,NYJ,157.0,4
00-0035277,Mike Jackson,DB,CAR,2.0,RES,1997-01-10,73.0,210,Miami,7,2019,DAL,158.0,4
00-0035278,Byron Cowart,DL,WAS,55.0,DEV,1996-05-20,75.0,300,Maryland; Auburn,7,2019,NE,159.0,4
00-0035279,Charles Omenihu,DL,WAS,90.0,ACT,1997-08-20,77.0,280,Texas,7,2019,HOU,161.0,4
00-0035280,Jake Bailey,P,ATL,16.0,ACT,1997-06-18,74.0,212,Stanford,7,2019,NE,163.0,4
00-0035282,Easton Stick,QB,TB,16.0,ACT,1995-09-09,73.0,217,North Dakota State,7,2019,LAC,166.0,4
00-0035286,Cole Holcomb,LB,PIT,55.0,ACT,1996-07-30,73.0,240,North Carolina,7,2019,WAS,173.0,4
00-0035289,Gardner Minshew,QB,ARI,15.0,ACT,1996-05-16,73.0,225,Washington State,7,2019,JAX,178.0,4
00-0035298,Scott Miller,WR,CHI,82.0,CUT,1997-07-31,69.0,174,Bowling Green,7,2019,TB,208.0,3
00-0035316,Kaden Elliss,LB,NO,55.0,ACT,1995-06-10,74.0,240,Idaho,7,2019,NO,244.0,4
00-0035317,Joshua Miles,OL,LV,77.0,RET,1996-01-04,77.0,314,Morgan State,7,2019,AZ,248.0,4
00-0035345,Chris Myarick,TE,LV,41.0,DEV,1995-10-06,77.0,261,Temple,7,2019,,,4
00-0035352,Tyrel Dodson,LB,CAR,33.0,ACT,1998-06-25,72.0,237,Texas A&M,7,2019,,,4
00-0035355,Blake Hance,OL,LA,72.0,DEV,1996-01-11,77.0,310,Northwestern,7,2019,,,4
00-0035357,Cam Lewis,DB,CHI,21.0,ACT,1997-04-13,69.0,185,Buffalo,7,2019,,,4
00-0035358,Chase McLaughlin,K,TB,4.0,ACT,1996-04-09,72.0,187,Illinois,7,2019,,,4
00-0035359,David Sills,WR,TB,80.0,RES,1995-05-29,75.0,210,West Virginia,7,2019,,,4
00-0035363,Joe Giles-Harris,LB,CIN,43.0,ACT,1997-04-01,74.0,234,Duke,7,2019,,,4
00-0035378,Andrew Wingard,DB,ARI,28.0,ACT,1996-12-05,72.0,205,Wyoming,7,2019,,,4
00-0035386,T.J. Edwards,LB,CHI,53.0,ACT,1996-08-12,72.0,228,Wisconsin,7,2019,,,4
00-0035402,Carl Granderson,LB,NO,96.0,ACT,1996-12-18,77.0,261,Wyoming,7,2019,,,4
00-0035406,Lil'Jordan Humphrey,WR,DEN,5.0,DEV,1998-04-19,76.0,225,Texas,7,2019,,,4
00-0035408,Nick Moore,LS,BAL,46.0,ACT,1992-12-09,74.0,260,Georgia,7,2019,,,4
00-0035409,Shy Tuttle,DL,WAS,96.0,ACT,1995-10-20,75.0,300,Tennessee,7,2019,,,4
00-0035413,Luke Gifford,LB,SF,51.0,ACT,1995-08-28,75.0,245,Nebraska,7,2019,,,4
00-0035500,Greg Dortch,WR,BUF,19.0,ACT,1998-05-29,67.0,173,Wake Forest,7,2019,,,4
00-0035525,Devin Bush,LB,CHI,12.0,ACT,1998-07-18,71.0,233,Michigan,7,2019,PIT,10.0,4
00-0035526,Elgton Jenkins,OL,CLE,74.0,INA,1995-12-26,77.0,310,Mississippi State,7,2019,GB,44.0,4
00-0035535,Darius Slayton,WR,IND,11.0,INA,1997-01-12,73.0,190,Auburn,7,2019,NYG,171.0,4
00-0035537,Ty Johnson,RB,BUF,26.0,ACT,1997-09-17,70.0,210,Maryland,7,2019,DET,186.0,4
00-0035544,Tom Kennedy,WR,DET,85.0,ACT,1996-07-29,70.0,194,Bryant,7,2019,,,4
00-0035567,Craig Reynolds,RB,WAS,32.0,ACT,1996-06-15,71.0,225,Kutztown,7,2019,,,4
00-0035588,Garrett Bradbury,OL,CHI,67.0,ACT,1995-06-20,75.0,305,N.C. State,7,2019,MIN,18.0,4
00-0035589,Gary Jennings,WR,LAC,87.0,DEV,1997-03-07,73.0,215,West Virginia,7,2019,SEA,120.0,4
00-0035594,Travis Homer,RB,PIT,21.0,ACT,1998-08-07,70.0,211,Miami,7,2019,SEA,204.0,4
00-0035602,Alex Bachman,WR,LA,11.0,ACT,1996-05-29,72.0,190,Wake Forest,7,2019,,,4
00-0035617,Troy Reeder,LB,NYJ,50.0,ACT,1994-09-13,75.0,245,Delaware,7,2019,,,4
00-0035630,Chris Lindstrom,OL,ATL,63.0,ACT,1997-02-28,76.0,307,Boston College,7,2019,ATL,14.0,4
00-0035631,Drew Sample,TE,CIN,89.0,ACT,1996-04-16,77.0,259,Washington,7,2019,CIN,52.0,4
00-0035632,Amani Hooker,DB,TEN,37.0,ACT,1998-06-14,71.0,210,Iowa,7,2019,TEN,116.0,4
00-0035636,L.J. Collier,DL,ARI,91.0,ACT,1995-09-12,74.0,300,TCU,7,2019,SEA,29.0,4
00-0035637,Rock Ya-Sin,DB,DET,23.0,ACT,1996-05-23,71.0,195,Temple,7,2019,IND,34.0,4
00-0035639,Parris Campbell,WR,DAL,11.0,RET,1997-07-16,73.0,205,Ohio State,7,2019,IND,59.0,4
00-0035640,DK Metcalf,WR,PIT,4.0,ACT,1997-12-14,76.0,235,Mississippi,7,2019,SEA,64.0,4
00-0035642,Josh Hines-Allen,DL,JAX,41.0,ACT,1997-07-13,77.0,255,Kentucky,7,2019,JAX,7.0,4
00-0035643,Jeffery Simmons,DL,TEN,98.0,ACT,1997-07-28,76.0,305,Mississippi State,7,2019,TEN,19.0,4
00-0035644,Noah Fant,TE,NO,87.0,ACT,1997-11-20,76.0,249,Iowa,7,2019,DEN,20.0,4
00-0035645,Gunner Olszewski,WR,NYG,80.0,RES,1996-11-26,72.0,190,Bemidji State University,7,2019,,,4
00-0035647,Montez Sweat,DL,CHI,98.0,ACT,1996-09-04,78.0,270,Mississippi State; Copiah-Lincoln Junior College; Michigan State,7,2019,WAS,26.0,4
00-0035659,Terry McLaurin,WR,WAS,17.0,INA,1995-09-15,72.0,210,Ohio State,7,2019,WAS,76.0,4
00-0035662,Marquise Brown,WR,PHI,0.0,ACT,1997-06-04,69.0,170,Oklahoma; College of the Canyons,7,2019,BAL,25.0,4
00-0035663,Taylor Rapp,DB,DEN,30.0,DEV,1997-12-22,72.0,208,Washington,7,2019,LAR,61.0,4
00-0035665,David Long,DB,NO,45.0,RES,1998-02-06,71.0,196,Michigan,7,2019,LAR,79.0,4
00-0035667,Greg Gaines,DL,BUF,97.0,ACT,1996-05-06,73.0,312,Washington,7,2019,LAR,134.0,4
00-0035668,David Edwards,OL,NO,76.0,ACT,1997-03-20,78.0,308,Wisconsin,7,2019,LAR,169.0,4
00-0035669,Nick Scott,DB,CAR,21.0,ACT,1995-05-17,71.0,200,Penn State,7,2019,LAR,243.0,4
00-0035672,Cody Barton,LB,TEN,50.0,ACT,1996-11-13,74.0,237,Utah,7,2019,SEA,88.0,4
00-0035674,Jerry Tillery,DL,IND,94.0,ACT,1996-10-08,78.0,295,Notre Dame,7,2019,LAC,28.0,4
00-0035676,A.J. Brown,WR,NE,1.0,RES,1997-06-30,73.0,226,Mississippi,7,2019,TEN,51.0,4
00-0035678,Dre'Mont Jones,LB,NE,5.0,ACT,1997-01-05,75.0,268,Ohio State,7,2019,DEN,71.0,4
00-0035679,Connor McGovern,OL,BUF,66.0,ACT,1997-11-03,78.0,318,Penn State,7,2019,DAL,90.0,4
00-0035680,Quincy Williams,LB,CLE,5.0,ACT,1996-08-28,71.0,230,Murray State,7,2019,JAX,98.0,4
00-0035683,Dexter Lawrence,DL,CIN,97.0,ACT,1997-11-12,77.0,350,Clemson,7,2019,NYG,17.0,4
00-0035685,David Montgomery,RB,HOU,32.0,ACT,1997-06-07,71.0,230,Iowa State,7,2019,CHI,73.0,4
00-0035686,Michael Deiter,OL,DEN,67.0,RES,1996-09-03,78.0,310,Wisconsin,7,2019,MIA,78.0,4
00-0035687,Bobby Okereke,LB,CAR,58.0,ACT,1996-07-29,73.0,234,Stanford,7,2019,IND,89.0,4
00-0035688,Trey Pipkins,OL,LAC,79.0,RES,1996-09-05,78.0,307,Sioux Falls,7,2019,LAC,91.0,4
00-0035689,Dawson Knox,TE,BUF,88.0,ACT,1996-11-14,76.0,254,Mississippi,7,2019,BUF,96.0,4
00-0035692,Clelin Ferrell,DL,MIA,98.0,ACT,1997-05-17,76.0,260,Clemson,7,2019,OAK,4.0,3
00-0035698,Chuma Edoga,OL,BAL,62.0,DEV,1997-05-25,76.0,308,USC,7,2019,NYJ,92.0,4
00-0035699,Jamel Dean,DB,PIT,35.0,ACT,1996-10-15,73.0,206,Auburn; Ohio State,7,2019,TB,94.0,4
00-0035700,Josh Jacobs,RB,GB,8.0,EXE,1998-02-11,70.0,220,Alabama,7,2019,OAK,24.0,4
00-0035702,Dalton Risner,OL,CIN,66.0,ACT,1995-07-13,77.0,312,Kansas State,7,2019,DEN,41.0,4
00-0035704,Drew Lock,QB,SEA,2.0,ACT,1996-11-10,76.0,228,Missouri,7,2019,DEN,42.0,4
00-0035705,Jalen Thompson,DB,DAL,34.0,RES,1998-07-18,71.0,190,Washington State,7,2019,AZ,132.0,4
00-0035707,Devin White,LB,DET,45.0,ACT,1998-02-17,72.0,252,LSU,7,2019,TB,5.0,4
00-0035710,Daniel Jones,QB,IND,17.0,ACT,1997-05-27,77.0,230,Duke,7,2019,NYG,6.0,4
00-0035713,Brian Burns,LB,NYG,0.0,RES,1998-04-23,77.0,250,Florida State,7,2019,CAR,16.0,4
00-0035717,Nick Bosa,DL,SF,97.0,ACT,1997-10-23,76.0,266,Ohio State,7,2019,SF,2.0,4
00-0035718,Quinnen Williams,DL,DAL,92.0,ACT,1997-12-21,75.0,303,Alabama,7,2019,NYJ,3.0,4
00-0035719,Deebo Samuel Sr.,WR,SF,19.0,ACT,1996-01-15,72.0,214,South Carolina,7,2019,SF,36.0,4
00-0035743,Brett Toth,OL,SF,78.0,RES,1996-09-01,78.0,304,Army,7,2019,,,4
00-0035763,Malcolm Roach,DL,DEN,97.0,ACT,1998-06-09,75.0,290,Texas,6,2020,,,4
00-0035764,Calvin Throckmorton,OL,DEN,76.0,DEV,1996-08-16,77.0,311,Oregon,6,2020,,,4
00-0035795,James Pierre,DB,MIN,23.0,ACT,1996-09-16,74.0,185,Florida Atlantic,6,2020,,,4
00-0035821,Corliss Waitman,P,SF,15.0,ACT,1995-07-21,74.0,210,South Alabama,6,2020,,,4
00-0035827,Ross Matiscik,LS,JAX,46.0,ACT,1996-09-13,72.0,240,Baylor,6,2020,,,4
00-0035829,Austen Pleasants,OL,SF,62.0,RES,1997-08-22,79.0,330,Ohio,6,2020,,,4
00-0035857,Chris Williams,DL,CLE,61.0,CUT,1998-06-16,74.0,298,Wagner,6,2020,,,2
00-0035859,Blake Gillikin,P,ARI,12.0,ACT,1998-01-21,74.0,196,Penn State,6,2020,,,4
00-0035889,Tommy Townsend,P,TEN,3.0,ACT,1996-11-12,73.0,191,Florida,6,2020,,,4
00-0035890,Tershawn Wharton,DL,CAR,98.0,RES,1998-06-25,73.0,295,Missouri-Rolla,6,2020,,,4
00-0035891,Cody White,WR,LV,82.0,ACT,1998-11-28,75.0,215,Michigan State,6,2020,,,4
00-0035895,Joe Bachie,LB,DET,35.0,DEV,1998-02-26,74.0,235,Michigan State,6,2020,,,4
00-0035900,Cole Christiansen,LB,KC,48.0,ACT,1997-07-30,73.0,230,Army,6,2020,,,4
00-0035924,Jonathan Ward,RB,BAL,35.0,DEV,1997-09-30,72.0,202,Central Michigan,6,2020,,,4
00-0035933,Michael Hoecht,LB,BUF,55.0,ACT,1997-10-05,76.0,267,Brown,6,2020,,,4
00-0035942,Christian Rozeboom,LB,TB,52.0,ACT,1997-01-30,74.0,230,South Dakota State,6,2020,,,4
00-0035944,Jonah Williams,DL,NO,54.0,DEV,1995-08-17,77.0,275,Weber State,6,2020,,,4
00-0035946,Myles Adams,DL,LAC,96.0,DEV,1998-03-09,74.0,285,Rice,6,2020,,,4
00-0035961,Krys Barnes,LB,CLE,43.0,DEV,1998-04-02,74.0,235,UCLA,6,2020,,,4
00-0035992,Trystan Colon,OL,JAX,69.0,RET,1998-03-23,75.0,315,Missouri,6,2020,,,4
00-0035993,Tyler Huntley,QB,BAL,5.0,ACT,1998-02-03,73.0,205,Utah,6,2020,,,4
00-0035997,Julian Good-Jones,OL,WAS,61.0,DEV,1997-03-02,77.0,313,Iowa State,6,2020,,,4
00-0036020,Salvon Ahmed,RB,CHI,36.0,DEV,1998-12-29,71.0,196,Washington,6,2020,,,4
00-0036036,Terence Steele,OL,DAL,78.0,ACT,1997-06-04,78.0,320,Texas Tech,6,2020,,,4
00-0036037,Sam Franklin Jr.,DB,BUF,28.0,ACT,1996-02-02,75.0,210,Temple,6,2020,,,4
00-0036040,Juwan Johnson,TE,NO,83.0,ACT,1996-09-13,76.0,245,Oregon; Penn State,6,2020,,,4
00-0036045,Cam Gill,LB,CAR,49.0,DEV,1997-12-14,75.0,240,Wagner,6,2020,,,4
00-0036081,Broderick Washington,DL,BAL,96.0,ACT,1996-12-04,74.0,315,Texas Tech,6,2020,BAL,170.0,4
00-0036082,Liam McCullough,LS,ATL,49.0,ACT,1997-06-05,74.0,245,Ohio State,6,2020,,,4
00-0036087,Myles Bryant,DB,CLE,27.0,DEV,1998-01-02,69.0,192,Washington,6,2020,,,4
00-0036093,Bill Murray,OL,LA,66.0,ACT,1997-07-03,76.0,265,William & Mary,6,2020,,,4
00-0036105,Nick Leverett,OL,DAL,51.0,ACT,1997-11-11,75.0,310,Rice; North Carolina Central,6,2020,,,4
00-0036114,A.J. Green,DB,MIA,24.0,CUT,1998-06-09,74.0,185,Oklahoma State,6,2020,,,1
00-0036124,Khalil Dorsey,DB,DET,30.0,ACT,1998-03-31,68.0,188,Northern Arizona,6,2020,,,4
00-0036130,Nnamdi Madubuike,DL,BAL,92.0,ACT,1997-11-17,75.0,305,Texas A&M,6,2020,BAL,71.0,4
00-0036132,Ben Bredeson,OL,TB,68.0,ACT,1998-02-20,77.0,315,Michigan,6,2020,BAL,143.0,4
00-0036139,Rico Dowdle,RB,PIT,13.0,INA,1998-06-14,71.0,215,South Carolina,6,2020,,,4
00-0036157,Kristian Welch,LB,GB,54.0,DEV,1998-05-24,75.0,239,Iowa,6,2020,,,4
00-0036158,J.K. Dobbins,RB,DEN,27.0,ACT,1998-12-17,70.0,214,Ohio State,6,2020,BAL,55.0,4
00-0036159,Joshua Uche,LB,MIA,9.0,ACT,1998-09-18,75.0,252,Michigan,6,2020,NE,60.0,4
00-0036162,Tyler Bass,K,BUF,16.0,ACT,1997-02-14,70.0,185,Georgia Southern,6,2020,BUF,188.0,4
00-0036165,Isaiah Hodgins,WR,PIT,89.0,DEV,1998-10-21,75.0,209,Oregon State,6,2020,BUF,207.0,4
00-0036166,Dane Jackson,DB,JAX,38.0,RET,1996-11-29,71.0,180,Pittsburgh,6,2020,BUF,239.0,4
00-0036171,Aaron Brewer,OL,MIA,55.0,ACT,1997-10-28,73.0,290,Texas State-San Marcos,6,2020,,,4
00-0036181,Teair Tart,DL,LAC,93.0,ACT,1997-02-28,74.0,315,Florida International,6,2020,,,4
00-0036182,Nick Westbrook-Ikhine,WR,IND,12.0,ACT,1997-03-21,74.0,211,Indiana,6,2020,,,4
00-0036187,Reggie Gilliam,RB,NE,44.0,ACT,1997-08-20,73.0,255,Toledo,6,2020,,,4
00-0036192,A.J. Epenesa,DL,PHI,57.0,ACT,1998-09-15,78.0,280,Iowa,6,2020,BUF,54.0,4
00-0036193,Anfernee Jennings,LB,NO,33.0,ACT,1997-05-01,75.0,255,Alabama,6,2020,NE,87.0,4
00-0036198,Mike Onwenu,OL,NE,71.0,RES,1997-12-10,75.0,350,Michigan,6,2020,NE,182.0,4
00-0036199,Geno Stone,DB,BUF,25.0,DEV,1999-04-19,71.0,210,Iowa,6,2020,BAL,219.0,4
00-0036204,LaCale London,DL,ATL,94.0,ACT,1997-08-05,75.0,297,Western Illinois,6,2020,,,4
00-0036212,Tua Tagovailoa,QB,ATL,1.0,ACT,1998-03-02,73.0,225,Alabama,6,2020,MIA,5.0,4
00-0036215,Danny Pinter,OL,BAL,63.0,RES,1996-06-19,76.0,310,Ball State,6,2020,IND,149.0,4
00-0036220,Derrick Brown,DL,CAR,95.0,ACT,1998-04-15,77.0,330,Auburn,6,2020,CAR,7.0,4
00-0036221,Brandon Jones,DB,DEN,22.0,ACT,1998-04-02,73.0,191,Texas,6,2020,MIA,70.0,4
00-0036222,Isaiah Rodgers,DB,MIN,2.0,ACT,1998-01-07,70.0,180,UMass Amherst,6,2020,IND,211.0,4
00-0036223,Jonathan Taylor,RB,IND,28.0,ACT,1999-01-19,70.0,226,Wisconsin,6,2020,IND,41.0,4
00-0036224,Jonathan Greenard,LB,PHI,52.0,ACT,1997-05-25,75.0,263,Florida; Louisville,6,2020,HOU,90.0,4
00-0036231,Kyle Dugger,DB,CIN,29.0,ACT,1996-03-22,73.0,216,Lenoir Rhyne,6,2020,NE,37.0,4
00-0036237,Larrell Murchison,DL,LA,52.0,ACT,1997-04-24,74.0,297,N.C. State; Louisburg,6,2020,TEN,174.0,4
00-0036239,Jonathan Garvin,LB,CHI,57.0,RES,1999-07-28,76.0,250,Miami,6,2020,GB,242.0,4
00-0036241,Bryce Hall,DB,HOU,34.0,DEV,1997-11-05,73.0,201,Virginia,6,2020,NYJ,158.0,4
00-0036244,Colby Parkinson,TE,LA,84.0,ACT,1999-01-07,79.0,266,Stanford,6,2020,SEA,133.0,4
00-0036246,Jon Runyan,OL,NYG,76.0,ACT,1997-08-08,76.0,307,Michigan,6,2020,GB,192.0,4
00-0036248,Austin Jackson,OL,MIA,73.0,ACT,1999-08-11,77.0,305,USC,6,2020,MIA,18.0,4
00-0036249,Julian Okwara,DL,CLE,99.0,CUT,1997-12-27,76.0,241,Notre Dame,6,2020,DET,67.0,1
00-0036252,Michael Pittman,WR,PIT,11.0,ACT,1997-10-05,76.0,220,USC,6,2020,IND,34.0,4
00-0036253,Julian Blackmon,DB,NO,23.0,ACT,1998-08-24,72.0,204,Utah,6,2020,IND,85.0,4
00-0036256,Colton McKivitz,OL,SF,68.0,ACT,1996-08-09,78.0,301,West Virginia,6,2020,SF,153.0,4
00-0036258,Jonah Jackson,OL,CHI,73.0,ACT,1997-02-05,75.0,319,Ohio State; Rutgers,6,2020,DET,75.0,4
00-0036259,Jauan Jennings,WR,MIN,14.0,ACT,1997-07-10,75.0,214,Tennessee,6,2020,SF,217.0,4
00-0036260,Javon Kinlaw,DL,WAS,99.0,ACT,1997-10-03,77.0,319,South Carolina; Jones County JC,6,2020,SF,14.0,4
00-0036262,DaVon Hamilton,DL,JAX,52.0,ACT,1997-02-01,76.0,335,Ohio State,6,2020,JAX,73.0,4
00-0036264,Jordan Love,QB,GB,10.0,ACT,1998-11-02,76.0,220,Utah State,6,2020,GB,26.0,4
00-0036265,AJ Dillon,RB,CAR,28.0,ACT,1998-05-02,72.0,250,Boston College,6,2020,GB,62.0,4
00-0036266,Jordan Elliott,DL,TEN,95.0,ACT,1997-11-23,76.0,325,Missouri; Texas,6,2020,CLE,88.0,4
00-0036267,Jedrick Wills,OL,BUF,71.0,DEV,1999-05-17,76.0,312,Alabama,6,2020,CLE,10.0,4
00-0036272,Ben Bartch,OL,DET,78.0,ACT,1998-07-22,78.0,315,St. John's (MN),6,2020,JAX,116.0,4
00-0036275,D'Andre Swift,RB,CHI,4.0,ACT,1999-01-14,68.0,204,Georgia,6,2020,DET,35.0,4
00-0036280,Malik Harrison,LB,NYG,54.0,DEV,1998-03-05,75.0,245,Ohio State,6,2020,BAL,98.0,4
00-0036281,C.J. Henderson,DB,ATL,26.0,ACT,1998-09-30,73.0,205,Florida,6,2020,JAX,9.0,4
00-0036282,Grant Delpit,DB,CLE,9.0,ACT,1998-09-20,75.0,208,LSU,6,2020,CLE,44.0,4
00-0036284,Mekhi Becton,OL,GB,73.0,DEV,1999-04-18,79.0,355,Louisville,6,2020,NYJ,11.0,4
00-0036285,A.J. Terrell,DB,ATL,24.0,RES,1998-09-23,73.0,200,Clemson,6,2020,ATL,16.0,4
00-0036286,K'Lavon Chaisson,LB,WAS,45.0,ACT,1999-07-25,75.0,255,LSU,6,2020,JAX,20.0,4
00-0036287,Noah Igbinoghene,DB,CLE,20.0,ACT,1999-11-27,71.0,196,Auburn,6,2020,MIA,30.0,4
00-0036290,Cole Kmet,TE,CHI,85.0,ACT,1999-03-10,78.0,258,Notre Dame,6,2020,CHI,43.0,4
00-0036292,Jaylon Johnson,DB,CHI,1.0,ACT,1999-04-19,72.0,195,Utah,6,2020,CHI,50.0,4
00-0036293,Jeremy Chinn,DB,LV,11.0,ACT,1998-02-26,75.0,220,Southern Illinois,6,2020,CAR,64.0,4
00-0036295,Matt Hennessy,OL,DAL,72.0,RES,1997-11-17,76.0,315,Temple,6,2020,ATL,78.0,4
00-0036298,Akeem Davis-Gaither,LB,IND,51.0,ACT,1997-09-21,74.0,238,Appalachian State,6,2020,CIN,107.0,4
00-0036300,Mykal Walker,LB,NYJ,43.0,RES,1997-08-28,75.0,230,Fresno State,6,2020,ATL,119.0,1
00-0036302,Jaylinn Hawkins,DB,BAL,21.0,ACT,1997-08-27,73.0,210,California,6,2020,ATL,134.0,4
00-0036305,Trevis Gipson,LB,CAR,52.0,ACT,1997-06-13,76.0,264,Tulsa,6,2020,CHI,155.0,4
00-0036306,Daniel Thomas,DB,CLE,24.0,ACT,1998-07-01,70.0,215,Auburn,6,2020,JAX,157.0,4
00-0036307,Kindle Vildor,DB,NE,28.0,ACT,1997-12-11,71.0,190,Georgia Southern,6,2020,CHI,163.0,4
00-0036309,Darnell Mooney,WR,NYG,17.0,ACT,1997-10-29,71.0,177,Tulane,6,2020,CHI,173.0,4
00-0036310,Hakeem Adeniji,OL,BAL,75.0,RET,1997-12-08,76.0,300,Kansas,6,2020,CIN,180.0,4
00-0036313,Braden Mann,P,PHI,10.0,ACT,1997-11-24,71.0,198,Texas A&M,6,2020,NYJ,191.0,4
00-0036321,Chase Young,LB,NO,99.0,ACT,1999-04-14,77.0,265,Ohio State,6,2020,WAS,2.0,4
00-0036322,Justin Jefferson,WR,MIN,18.0,ACT,1999-06-16,73.0,192,LSU,6,2020,MIN,22.0,4
00-0036323,Patrick Queen,LB,PIT,6.0,ACT,1999-08-13,72.0,227,LSU,6,2020,BAL,28.0,4
00-0036325,Robert Hunt,OL,CAR,50.0,ACT,1996-08-25,78.0,335,Louisiana-Lafayette,6,2020,MIA,39.0,4
00-0036327,Ezra Cleveland,OL,JAX,76.0,ACT,1998-05-08,78.0,310,Boise State,6,2020,MIN,58.0,4
00-0036329,Ashtyn Davis,DB,SF,24.0,ACT,1996-10-10,73.0,205,California,6,2020,NYJ,68.0,4
00-0036331,Devin Duvernay,WR,ARI,81.0,ACT,1997-09-12,71.0,202,Texas,6,2020,BAL,92.0,4
00-0036332,Josiah Deguara,TE,PHI,45.0,ACT,1997-02-14,74.0,240,Cincinnati,6,2020,GB,94.0,4
00-0036333,Alex Highsmith,LB,PIT,56.0,ACT,1997-08-07,76.0,242,Charlotte,6,2020,PIT,102.0,4
00-0036334,Saahdiq Charles,OL,CAR,78.0,DEV,1999-07-26,76.0,295,LSU,6,2020,WAS,108.0,4
00-0036335,D.J. Wonnum,LB,DET,98.0,ACT,1997-10-31,77.0,260,South Carolina,6,2020,MIN,117.0,4
00-0036337,James Lynch,DL,CHI,97.0,ACT,1999-01-20,76.0,295,Baylor,6,2020,MIN,130.0,4
00-0036338,Troy Dye,LB,LAC,43.0,ACT,1996-09-18,75.0,225,Oregon,6,2020,MIN,132.0,4
00-0036339,Kevin Dotson,OL,LA,69.0,ACT,1996-09-18,76.0,328,Louisiana-Lafayette,6,2020,PIT,135.0,4
00-0036341,Khalid Kareem,DL,SF,47.0,ACT,1998-04-28,76.0,265,Notre Dame,6,2020,CIN,147.0,4
00-0036345,K.J. Osborn,WR,TEN,8.0,DEV,1997-06-10,71.0,200,Miami; Buffalo,6,2020,MIN,176.0,4
00-0036347,Blake Brandel,OL,MIN,64.0,ACT,1997-01-23,79.0,315,Oregon State,6,2020,MIN,203.0,4
00-0036348,Josh Metellus,DB,MIN,44.0,ACT,1998-01-21,71.0,210,Michigan,6,2020,MIN,205.0,4
00-0036349,Kam Curl,DB,LA,3.0,ACT,1999-03-03,74.0,207,Arkansas,6,2020,WAS,216.0,4
00-0036354,Kyle Hinton,OL,ATL,68.0,ACT,1998-02-27,74.0,315,Washburn,6,2020,MIN,253.0,4
00-0036355,Justin Herbert,QB,LAC,10.0,ACT,1998-03-10,78.0,237,Oregon,6,2020,LAC,6.0,4
00-0036356,Isaiah Simmons,DB,CAR,27.0,ACT,1998-07-26,76.0,232,Clemson,6,2020,AZ,8.0,4
00-0036358,CeeDee Lamb,WR,DAL,88.0,ACT,1999-04-08,74.0,200,Oklahoma,6,2020,DAL,17.0,4
00-0036361,Trevon Diggs,DB,SEA,16.0,ACT,1998-09-20,73.0,203,Alabama,6,2020,DAL,51.0,4
00-0036362,Willie Gay Jr.,LB,MIA,40.0,ACT,1998-02-15,73.0,246,Mississippi State,6,2020,KC,63.0,4
00-0036363,Josh Jones,OL,SEA,74.0,ACT,1997-06-22,79.0,339,Houston,6,2020,AZ,72.0,4
00-0036366,Neville Gallimore,DL,CHI,90.0,ACT,1997-01-17,74.0,307,Oklahoma,6,2020,DAL,82.0,4
00-0036369,John Simpson,OL,BAL,74.0,ACT,1997-08-19,76.0,330,Clemson,6,2020,LV,109.0,4
00-0036374,L'Jarius Sneed,DB,KC,38.0,ACT,1997-01-21,73.0,193,Louisiana Tech,6,2020,KC,138.0,4
00-0036375,Amik Robertson,DB,WAS,2.0,ACT,1998-07-06,69.0,183,Louisiana Tech,6,2020,LV,139.0,4
00-0036376,Tyler Biadasz,OL,LAC,63.0,RES,1997-11-20,76.0,320,Wisconsin,6,2020,DAL,146.0,4
00-0036378,Michael Danna,LB,BUF,51.0,ACT,1997-12-04,74.0,255,Michigan,6,2020,KC,177.0,4
00-0036380,Alohi Gilman,DB,KC,17.0,ACT,1997-09-17,70.0,202,Notre Dame,6,2020,LAC,186.0,4
00-0036386,Andrew Thomas,OL,NYG,78.0,ACT,1999-01-22,77.0,315,Georgia,6,2020,NYG,4.0,4
00-0036387,Jalen Reagor,WR,MIA,88.0,DEV,1999-01-02,71.0,200,TCU,6,2020,PHI,21.0,4
00-0036388,Xavier McKinney,DB,GB,29.0,ACT,1999-08-09,72.0,201,Alabama,6,2020,NYG,36.0,4
00-0036389,Jalen Hurts,QB,PHI,1.0,ACT,1998-08-07,73.0,223,Oklahoma; Alabama,6,2020,PHI,53.0,4
00-0036391,Lloyd Cushenberry III,OL,BUF,53.0,ACT,1997-11-22,76.0,315,LSU,6,2020,DEN,83.0,4
00-0036392,Matt Peart,OL,DEN,79.0,ACT,1997-06-11,79.0,318,Connecticut,6,2020,NYG,99.0,4
00-0036394,Darnay Holmes,DB,ATL,30.0,DEV,1998-06-23,70.0,198,UCLA,6,2020,NYG,110.0,4
00-0036395,K'Von Wallace,DB,BAL,25.0,ACT,1997-07-25,71.0,208,Clemson,6,2020,PHI,127.0,4
00-0036396,Jack Driscoll,OL,PIT,68.0,RES,1997-04-01,77.0,312,Auburn; UMass Amherst,6,2020,PHI,145.0,4
00-0036406,Tristan Wirfs,OL,TB,78.0,ACT,1999-01-24,77.0,322,Iowa,6,2020,TB,13.0,4
00-0036407,Jerry Jeudy,WR,CLE,3.0,ACT,1999-04-24,73.0,192,Alabama,6,2020,DEN,15.0,4
00-0036408,Cesar Ruiz,OL,NO,51.0,ACT,1999-06-14,76.0,319,Michigan,6,2020,NO,24.0,4
00-0036409,Jordyn Brooks,LB,MIA,20.0,ACT,1997-10-21,72.0,240,Texas Tech,6,2020,SEA,27.0,4
00-0036410,Tee Higgins,WR,CIN,5.0,ACT,1999-01-18,76.0,220,Clemson,6,2020,CIN,33.0,4
00-0036411,Antoine Winfield Jr.,DB,TB,31.0,ACT,1998-08-16,69.0,205,Minnesota,6,2020,TB,45.0,4
00-0036415,Van Jefferson,WR,WAS,12.0,DEV,1996-07-26,73.0,197,Florida; Mississippi,6,2020,LAR,57.0,4
00-0036416,Kristian Fulton,DB,KC,8.0,ACT,1998-09-03,71.0,200,LSU,6,2020,TEN,61.0,4
00-0036417,Damien Lewis,OL,CAR,68.0,ACT,1997-03-21,74.0,335,LSU; Northwest Mississippi CC,6,2020,SEA,69.0,4
00-0036418,Zack Baun,LB,PHI,53.0,ACT,1996-12-30,75.0,225,Wisconsin,6,2020,NO,74.0,4
00-0036421,Terrell Burgess,DB,TEN,38.0,ACT,1998-11-12,71.0,202,Utah,6,2020,LAR,104.0,4
00-0036422,Adam Trautman,TE,DEN,82.0,ACT,1997-02-05,77.0,253,Dayton,6,2020,NO,105.0,4
00-0036423,Albert Okwuegbunam,TE,LV,85.0,DEV,1998-04-25,77.0,255,Missouri,6,2020,DEN,118.0,1
00-0036425,DeeJay Dallas,RB,MIN,31.0,ACT,1998-09-16,70.0,225,Miami,6,2020,SEA,144.0,4
00-0036427,Tyler Johnson,WR,NYJ,83.0,DEV,1998-08-25,73.0,205,Minnesota,6,2020,TB,161.0,4
00-0036428,Justin Strnad,LB,DEN,40.0,ACT,1996-08-21,75.0,235,Wake Forest,6,2020,DEN,178.0,4
00-0036429,Charlie Woerner,TE,ATL,89.0,ACT,1997-10-16,77.0,250,Georgia,6,2020,SF,190.0,4
00-0036441,"Kenneth Murray, Jr.",LB,HOU,50.0,ACT,1998-11-16,74.0,234,Oklahoma,6,2020,LAC,23.0,4
00-0036442,Joe Burrow,QB,CIN,9.0,ACT,1996-12-10,76.0,216,LSU; Ohio State,6,2020,CIN,1.0,4
00-0036443,Rex Sunahara,LS,CLE,50.0,ACT,1996-10-09,78.0,242,West Virginia,6,2020,,,4
00-0036448,Isaac Alarcon,OL,SF,67.0,DEV,1998-07-27,79.0,320,,6,2020,,,4
00-0036463,Chris Blair,WR,ATL,19.0,ACT,1997-10-06,74.0,215,Alcorn State,6,2021,,,4
00-0036479,Kwity Paye,DL,LV,95.0,ACT,1998-11-19,75.0,265,Michigan,5,2021,IND,21.0,4
00-0036480,Dayo Odeyingbo,DL,CHI,55.0,ACT,1999-09-24,77.0,280,Vanderbilt,5,2021,IND,54.0,4
00-0036483,Will Fries,OL,MIN,76.0,ACT,1998-04-04,78.0,321,Penn State,5,2021,IND,248.0,4
00-0036491,Tarik Black,WR,DET,12.0,CUT,1998-02-10,75.0,217,Texas; Michigan,5,2021,,,1
00-0036497,Tim Jones,WR,JAX,13.0,DEV,1998-05-15,73.0,202,Southern Mississippi,5,2021,,,4
00-0036500,Jamien Sherwood,LB,NYJ,44.0,ACT,2000-01-12,74.0,216,Auburn,5,2021,NYJ,146.0,4
00-0036501,Michael Carter II,DB,PHI,35.0,ACT,1999-03-08,70.0,184,Duke,5,2021,NYJ,154.0,4
00-0036502,Jason Pinnock,DB,NYG,25.0,ACT,1999-06-30,72.0,200,Pittsburgh,5,2021,NYJ,175.0,4
00-0036504,Brandin Echols,DB,PIT,26.0,ACT,1997-10-16,70.0,178,Kentucky,5,2021,NYJ,200.0,4
00-0036511,Milo Eifler,LB,TEN,45.0,RES,1998-02-13,74.0,225,Illinois,5,2021,,,4
00-0036534,Shane Zylstra,TE,NE,80.0,CUT,1996-11-16,76.0,244,Minnesota State,5,2021,,,2
00-0036535,Will Sherman,OL,NO,66.0,ACT,1999-05-27,76.0,300,Colorado,5,2021,NE,197.0,4
00-0036550,Rashod Bateman,WR,BAL,7.0,ACT,1999-11-29,73.0,193,Minnesota,5,2021,BAL,27.0,4
00-0036551,Aaron Banks,OL,GB,65.0,ACT,1997-09-03,77.0,325,Notre Dame,5,2021,SF,48.0,4
00-0036552,Azeez Ojulari,LB,LV,51.0,DEV,2000-06-16,75.0,240,Georgia,5,2021,NYG,50.0,4
00-0036554,Nico Collins,WR,HOU,12.0,ACT,1999-03-19,76.0,222,Michigan,5,2021,HOU,89.0,4
00-0036555,Chuba Hubbard,RB,CAR,30.0,ACT,1999-06-11,73.0,216,Oklahoma State,5,2021,CAR,126.0,4
00-0036556,Brevin Jordan,TE,HOU,9.0,ACT,2000-07-16,75.0,245,Miami,5,2021,HOU,147.0,4
00-0036557,Jaylon Moore,OL,KC,77.0,ACT,1998-01-09,76.0,311,Western Michigan,5,2021,SF,155.0,4
00-0036559,Shaun Wade,DB,PHI,30.0,DEV,1998-09-16,73.0,195,Ohio State,5,2021,BAL,160.0,4
00-0036563,Deommodore Lenoir,DB,SF,2.0,ACT,1999-10-06,70.0,202,Oregon,5,2021,SF,172.0,4
00-0036564,Talanoa Hufanga,DB,DEN,9.0,ACT,2000-02-01,72.0,200,USC,5,2021,SF,180.0,4
00-0036568,Roy Lopez,DL,ARI,51.0,ACT,1997-08-07,74.0,312,Arizona,5,2021,HOU,195.0,4
00-0036584,Foster Sarell,OL,SF,70.0,DEV,1998-08-28,78.0,315,Stanford,5,2021,,,4
00-0036587,Ar'Darius Washington,DB,NYG,24.0,ACT,1999-11-02,68.0,178,TCU,5,2021,,,4
00-0036589,Nick McCloud,DB,CHI,26.0,ACT,1998-07-09,73.0,190,Notre Dame,5,2021,,,4
00-0036590,Quintin Morris,TE,JAX,80.0,ACT,1999-01-21,74.0,243,Bowling Green,5,2021,,,4
00-0036603,Alaric Jackson,OL,LA,77.0,ACT,1998-07-14,79.0,338,Iowa,5,2021,,,4
00-0036604,Jordan Meredith,OL,NYJ,67.0,ACT,1998-01-04,74.0,300,Western Kentucky,5,2021,,,4
00-0036605,Max Pircher,OL,HOU,67.0,DEV,1999-09-07,79.0,320,,5,2021,,,4
00-0036613,Jaylen Waddle,WR,DEN,17.0,ACT,1998-11-25,70.0,182,Alabama,5,2021,MIA,6.0,4
00-0036616,Christian Darrisaw,OL,MIN,71.0,ACT,1999-06-02,77.0,314,Virginia Tech,5,2021,MIN,23.0,4
00-0036617,Asante Samuel Jr.,DB,PIT,22.0,ACT,1999-10-03,70.0,180,Florida State,5,2021,LAC,47.0,4
00-0036618,Sam Cosmi,OL,WAS,76.0,INA,1999-02-16,78.0,309,Texas,5,2021,WAS,51.0,4
00-0036619,Dillon Radunz,OL,NO,77.0,RES,1998-03-28,78.0,299,North Dakota State,5,2021,TEN,53.0,4
00-0036621,Nick Bolton,LB,KC,32.0,ACT,2000-03-10,71.0,237,Missouri,5,2021,KC,58.0,4
00-0036622,Josh Myers,OL,NYJ,71.0,ACT,1998-07-16,77.0,312,Ohio State,5,2021,GB,62.0,4
00-0036623,Creed Humphrey,OL,KC,52.0,ACT,1999-06-28,76.0,302,Oklahoma,5,2021,KC,63.0,4
00-0036624,Alim McNeill,DL,DET,54.0,ACT,2000-05-11,74.0,310,N.C. State,5,2021,DET,72.0,4
00-0036625,Benjamin St-Juste,DB,GB,21.0,ACT,1997-09-08,75.0,200,Minnesota,5,2021,WAS,74.0,4
00-0036626,Dyami Brown,WR,WAS,6.0,ACT,1999-11-01,72.0,195,North Carolina,5,2021,WAS,82.0,4
00-0036628,John Bates,TE,WAS,87.0,ACT,1997-11-06,78.0,256,Boise State,5,2021,WAS,124.0,4
00-0036629,Camryn Bynum,DB,IND,0.0,ACT,1998-07-19,72.0,200,California,5,2021,MIN,125.0,4
00-0036630,Tylan Wallace,WR,CLE,16.0,INA,1999-05-13,71.0,200,Oklahoma State,5,2021,BAL,131.0,4
00-0036634,Tony Fields II,LB,CHI,43.0,RES,1999-06-18,73.0,217,West Virginia,5,2021,CLE,153.0,4
00-0036635,Ihmir Smith-Marsette,WR,CAR,15.0,DEV,1999-08-29,73.0,200,Iowa,5,2021,MIN,157.0,4
00-0036637,Noah Gray,TE,KC,83.0,ACT,1999-04-30,75.0,240,Duke,5,2021,KC,162.0,4
00-0036638,Darrick Forrest,DB,SF,29.0,RES,1999-05-22,71.0,200,Cincinnati,5,2021,WAS,163.0,4
00-0036642,Tedarrell Slaton,DL,CIN,98.0,ACT,1997-10-03,77.0,340,Florida,5,2021,GB,173.0,4
00-0036643,K.J. Britt,LB,NE,35.0,DEV,1999-06-04,72.0,240,Auburn,5,2021,TB,176.0,4
00-0036644,Cameron McGrone,LB,LV,57.0,DEV,2000-06-22,73.0,236,Michigan,5,2021,NE,177.0,4
00-0036646,Simi Fehoko,WR,ARI,80.0,ACT,1997-11-05,76.0,225,Stanford,5,2021,DAL,179.0,4
00-0036647,Cornell Powell,WR,PIT,85.0,CUT,1997-10-30,72.0,210,Clemson,5,2021,KC,181.0,1
00-0036648,Nick Niemann,LB,GB,31.0,ACT,1997-12-02,75.0,235,Iowa,5,2021,LAC,185.0,4
00-0036653,Stone Forsythe,OL,CAR,73.0,ACT,1997-12-29,80.0,315,Florida,5,2021,SEA,208.0,4
00-0036655,Cole Van Lanen,OL,JAX,70.0,ACT,1998-04-23,76.0,312,Wisconsin,5,2021,GB,214.0,4
00-0036658,Isaiah McDuffie,LB,GB,58.0,ACT,1999-07-21,73.0,224,Boston College,5,2021,GB,220.0,4
00-0036660,Trey Smith,OL,KC,65.0,ACT,1999-06-16,78.0,321,Tennessee,5,2021,KC,226.0,4
00-0036670,Jermar Jefferson,RB,MIN,17.0,CUT,2000-04-15,70.0,215,Oregon State,5,2021,DET,257.0,1
00-0036672,Grant Stuard,LB,LA,44.0,ACT,1998-10-15,71.0,230,Houston,5,2021,TB,259.0,4
00-0036677,Zayne Anderson,DB,MIA,23.0,ACT,1997-01-03,74.0,210,BYU,5,2021,,,4
00-0036679,Shane Buechele,QB,BUF,6.0,DEV,1998-01-08,72.0,210,SMU,5,2021,,,4
00-0036682,Malik Herring,DL,MIA,90.0,ACT,1997-11-09,75.0,277,Georgia,5,2021,,,4
00-0036683,Devon Key,DB,DEN,26.0,ACT,1997-10-28,72.0,210,Western Kentucky,5,2021,,,4
00-0036695,Naquan Jones,DL,SF,50.0,ACT,1998-02-05,75.0,314,Michigan State,5,2021,,,4
00-0036704,Caleb Johnson,LB,HOU,53.0,DEV,1998-07-28,74.0,220,Houston Christian University,5,2021,,,4
00-0036705,Sam Kamara,DL,CLE,92.0,DEV,1997-12-21,72.0,275,Stony Brook,5,2021,,,4
00-0036711,Charles Snowden,DL,WAS,49.0,DEV,1998-03-27,78.0,235,Virginia,5,2021,,,4
00-0036716,Amen Ogbongbemiga,LB,DET,57.0,ACT,1998-09-04,72.0,231,Oklahoma State,5,2021,,,4
00-0036727,Adam Prentice,RB,DEN,46.0,ACT,1997-01-16,72.0,245,South Carolina,5,2021,,,4
00-0036728,Curtis Robinson,LB,DAL,42.0,DEV,1998-06-02,75.0,235,Stanford,5,2021,,,4
00-0036736,Kayode Awosika,OL,LAC,74.0,ACT,1998-10-27,75.0,312,Buffalo,5,2021,,,4
00-0036741,Jack Stoll,TE,SF,89.0,DEV,1998-01-28,76.0,260,Nebraska,5,2021,,,4
00-0036754,Brock Wright,TE,DET,89.0,ACT,1998-11-27,77.0,255,Notre Dame,5,2021,,,4
00-0036755,Jaret Patterson,RB,MIN,30.0,CUT,1999-12-23,68.0,195,Buffalo,5,2021,,,4
00-0036775,Brandon Smith,WR,PIT,87.0,DEV,1998-12-10,74.0,215,Iowa,5,2021,,,4
00-0036783,Ryan McCollum,OL,PIT,62.0,ACT,1998-03-04,77.0,300,Texas A&M,5,2021,,,4
00-0036788,Jack Heflin,DL,NYJ,96.0,ACT,1998-03-08,75.0,304,Iowa,5,2021,,,4
00-0036795,Jake Curhan,OL,CAR,74.0,DEV,1998-02-09,78.0,325,California,5,2021,,,4
00-0036813,Christian Elliss,LB,NE,53.0,ACT,1999-01-02,74.0,233,Idaho,5,2021,,,4
00-0036816,Riley Patterson,K,MIA,47.0,ACT,1999-09-07,72.0,196,Memphis,5,2021,,,4
00-0036825,Feleipe Franks,TE,CAR,81.0,ACT,1997-12-22,78.0,252,Arkansas,5,2021,,,4
00-0036833,Ryan Neuzil,OL,ATL,64.0,ACT,1997-07-31,75.0,305,Appalachian State,5,2021,,,4
00-0036841,Austin Trammell,WR,JAX,81.0,DEV,1998-07-04,70.0,185,Rice,5,2021,,,4
00-0036842,Kene Nwangwu,RB,NYJ,3.0,ACT,1998-02-09,73.0,210,Iowa State,5,2021,MIN,119.0,4
00-0036843,Isaiahh Loudermilk,DL,NYJ,58.0,DEV,1997-10-10,79.0,293,Wisconsin,5,2021,PIT,156.0,4
00-0036844,Garret Wallow,LB,SF,49.0,ACT,1999-01-25,74.0,230,TCU,5,2021,HOU,170.0,4
00-0036849,Tutu Atwell,WR,LA,8.0,ACT,1999-10-07,69.0,165,Louisville,5,2021,LAR,57.0,4
00-0036850,Cameron Sample,DL,ATL,69.0,CUT,1999-09-20,75.0,272,Tulane,5,2021,CIN,111.0,1
00-0036854,Evan McPherson,K,CIN,2.0,ACT,1999-07-21,71.0,185,Florida,5,2021,CIN,149.0,4
00-0036859,Jimmy Morrissey,OL,NYJ,65.0,DEV,1998-06-09,76.0,305,Pittsburgh,5,2021,LV,230.0,4
00-0036862,Ben Skowronek,WR,PIT,15.0,ACT,1997-06-27,75.0,224,Notre Dame; Northwestern,5,2021,LAR,249.0,4
00-0036866,James Hudson,OL,TEN,59.0,ACT,1999-05-13,77.0,310,Cincinnati,5,2021,CLE,110.0,4
00-0036867,Chris Rumph II,LB,NO,58.0,ACT,1998-10-19,74.0,244,Duke,5,2021,LAC,118.0,4
00-0036869,Dan Moore Jr.,OL,TEN,75.0,ACT,1998-09-28,77.0,315,Texas A&M,5,2021,PIT,128.0,4
00-0036870,Buddy Johnson,LB,CHI,47.0,DEV,1999-02-27,74.0,240,Texas A&M,5,2021,PIT,140.0,4
00-0036871,Nate Hobbs,DB,SF,22.0,RES,1999-06-24,73.0,195,Illinois,5,2021,LV,167.0,4
00-0036872,Joshuah Bledsoe,DB,WAS,46.0,CUT,1998-12-30,71.0,198,Missouri,5,2021,NE,188.0,1
00-0036874,Pat Surtain II,DB,DEN,2.0,ACT,2000-04-14,74.0,203,Alabama,5,2021,DEN,9.0,4
00-0036875,Rhamondre Stevenson,RB,NE,38.0,ACT,1998-02-23,72.0,227,Oklahoma; Cerritos College,5,2021,NE,120.0,4
00-0036876,Kylen Granson,TE,TEN,86.0,ACT,1998-03-27,75.0,242,SMU,5,2021,IND,127.0,4
00-0036879,Sam Ehlinger,QB,DEN,4.0,ACT,1998-09-30,73.0,222,Texas,5,2021,IND,218.0,4
00-0036880,Penei Sewell,OL,DET,58.0,ACT,2000-10-09,77.0,335,Oregon,5,2021,DET,7.0,4
00-0036883,Tommy Togiai,DL,HOU,72.0,ACT,1999-09-19,74.0,296,Ohio State,5,2021,CLE,132.0,4
00-0036885,Tre Brown,DB,NYJ,30.0,RES,1997-09-24,70.0,186,Oklahoma,5,2021,SEA,137.0,4
00-0036887,Luke Farrell,TE,SF,89.0,ACT,1997-10-14,77.0,250,Ohio State,5,2021,JAX,145.0,4
00-0036888,Damar Hamlin,DB,BUF,3.0,ACT,1998-03-24,72.0,200,Pittsburgh,5,2021,BUF,212.0,4
00-0036893,Najee Harris,RB,NYG,23.0,ACT,1998-03-09,73.0,230,Alabama,5,2021,PIT,24.0,4
00-0036894,Pat Freiermuth,TE,PIT,88.0,ACT,1998-10-25,77.0,258,Penn State,5,2021,PIT,55.0,4
00-0036896,Victor Dimukeje,DL,SF,96.0,RES,1999-11-18,74.0,265,Duke,5,2021,AZ,210.0,1
00-0036898,Davis Mills,QB,HOU,10.0,ACT,1998-10-21,76.0,225,Stanford,5,2021,HOU,67.0,4
00-0036900,Ja'Marr Chase,WR,CIN,1.0,ACT,2000-03-01,72.0,205,LSU,5,2021,CIN,5.0,4
00-0036901,Eric Stokes,DB,LV,5.0,ACT,1999-03-01,72.0,190,Georgia,5,2021,GB,29.0,4
00-0036902,Joseph Ossai,LB,NYJ,46.0,ACT,2000-04-13,76.0,253,Texas,5,2021,CIN,69.0,4
00-0036903,Bobby Brown III,DL,CAR,97.0,ACT,2000-08-07,76.0,330,Texas A&M,5,2021,LAR,117.0,4
00-0036904,Robert Rochell,DB,CAR,33.0,ACT,1998-04-26,72.0,195,Central Arkansas,5,2021,LAR,130.0,4
00-0036905,Larry Borom,OL,DET,79.0,ACT,1999-03-30,77.0,325,Missouri,5,2021,CHI,151.0,4
00-0036906,Khalil Herbert,RB,ATL,25.0,DEV,1998-04-21,69.0,212,Virginia Tech,5,2021,CHI,217.0,4
00-0036909,Khyiris Tonga,DL,KC,92.0,ACT,1996-07-07,74.0,335,BYU,5,2021,CHI,250.0,4
00-0036912,DeVonta Smith,WR,PHI,6.0,ACT,1998-11-14,72.0,170,Alabama,5,2021,PHI,10.0,4
00-0036914,Greg Rousseau,LB,BUF,15.0,ACT,2000-04-05,78.0,266,Miami,5,2021,BUF,30.0,4
00-0036915,Jeremiah Owusu-Koramoah,LB,CLE,6.0,RES,1999-11-04,74.0,221,Notre Dame,5,2021,CLE,52.0,4
00-0036916,Milton Williams,DL,NE,97.0,ACT,1999-04-06,75.0,290,Louisiana Tech,5,2021,PHI,73.0,4
00-0036917,Zech McPhearson,DB,LA,41.0,RES,1998-03-21,71.0,195,Texas Tech; Penn State,5,2021,PHI,123.0,1
00-0036919,Kenny Gainwell,RB,TB,1.0,ACT,1999-03-14,69.0,200,Memphis,5,2021,PHI,150.0,4
00-0036922,Patrick Johnson,LB,LV,93.0,ACT,1998-01-10,74.0,251,Tulane,5,2021,PHI,234.0,4
00-0036924,Michael Carter,RB,TEN,35.0,ACT,1999-05-07,68.0,200,North Carolina,5,2021,NYJ,107.0,4
00-0036926,Payton Turner,DL,DET,92.0,RES,1999-01-07,78.0,270,Houston,5,2021,NO,28.0,4
00-0036927,Pete Werner,LB,NO,20.0,ACT,1999-06-05,75.0,242,Ohio State,5,2021,NO,60.0,4
00-0036932,Micah Parsons,LB,GB,1.0,RES,1999-05-26,75.0,250,Penn State,5,2021,DAL,12.0,4
00-0036933,Zaven Collins,LB,ARI,25.0,ACT,1999-05-19,76.0,270,Tulsa,5,2021,AZ,16.0,4
00-0036934,Jaelan Phillips,LB,CAR,5.0,ACT,1999-05-28,77.0,266,Miami,5,2021,MIA,18.0,4
00-0036937,Paulson Adebo,DB,NYG,21.0,RES,1999-07-03,73.0,193,Stanford,5,2021,NO,76.0,4
00-0036940,Odafe Oweh,LB,WAS,98.0,ACT,1998-12-15,77.0,251,Penn State,5,2021,BAL,31.0,4
00-0036941,Andre Cisco,DB,NYJ,8.0,ACT,2000-03-23,72.0,210,Syracuse,5,2021,JAX,65.0,4
00-0036942,Osa Odighizuwa,DL,SF,92.0,ACT,1998-08-13,74.0,280,UCLA,5,2021,DAL,75.0,4
00-0036943,Mitchell Fraboni,LS,DEN,48.0,ACT,1996-10-28,74.0,223,Arizona State,5,2021,,,4
00-0036944,Jaycee Horn,DB,CAR,8.0,RES,1999-11-26,73.0,212,South Carolina,5,2021,CAR,8.0,4
00-0036945,Justin Fields,QB,KC,6.0,ACT,1999-03-05,75.0,227,Ohio State,5,2021,CHI,11.0,4
00-0036952,Jonathon Cooper,LB,DEN,0.0,EXE,1998-01-08,76.0,257,Ohio State,5,2021,DEN,239.0,4
00-0036953,Teven Jenkins,OL,CLE,78.0,INA,1998-03-03,78.0,321,Oklahoma State,5,2021,CHI,39.0,4
00-0036954,Levi Onwuzurike,DL,DET,95.0,ACT,1998-03-02,75.0,304,Washington,5,2021,DET,41.0,4
00-0036956,Darren Hall,DB,ATL,41.0,RES,2000-05-02,72.0,190,San Diego State,5,2021,ATL,108.0,1
00-0036959,Michael Bandy,WR,DEN,83.0,DEV,1997-12-05,70.0,190,San Diego,5,2021,,,4
00-0036962,Tre'von Moehrig,DB,CAR,7.0,ACT,1999-06-16,74.0,215,TCU,5,2021,LV,43.0,4
00-0036963,Amon-Ra St. Brown,WR,DET,14.0,ACT,1999-10-24,72.0,202,USC,5,2021,DET,112.0,4
00-0036964,Derrick Barnes,LB,DET,55.0,ACT,1999-05-29,72.0,240,Purdue,5,2021,DET,113.0,4
00-0036967,Joe Tryon,DL,PHI,93.0,RET,1999-04-30,77.0,262,Washington,5,2021,TB,32.0,4
00-0036968,Brady Christensen,OL,CAR,70.0,RES,1996-09-27,78.0,297,BYU,5,2021,CAR,70.0,4
00-0036970,Kyle Pitts,TE,ATL,8.0,ACT,2000-10-06,78.0,250,Florida,5,2021,ATL,4.0,4
00-0036971,Trevor Lawrence,QB,JAX,16.0,ACT,1999-10-06,78.0,220,Clemson,5,2021,JAX,1.0,4
00-0036972,Mac Jones,QB,SF,10.0,ACT,1998-09-05,75.0,220,Alabama,5,2021,NE,15.0,4
00-0036973,Travis Etienne,RB,NO,3.0,RES,1999-01-26,70.0,215,Clemson,5,2021,JAX,25.0,4
00-0036974,Tyson Campbell,DB,CLE,7.0,ACT,2000-03-17,73.0,195,Georgia,5,2021,JAX,33.0,4
00-0036975,Walker Little,OL,JAX,72.0,ACT,1999-04-01,79.0,325,Stanford,5,2021,JAX,45.0,4
00-0036976,Spencer Brown,OL,BUF,79.0,ACT,1998-02-28,80.0,311,Northern Iowa,5,2021,BUF,93.0,4
00-0036979,Alijah Vera-Tucker,OL,NE,75.0,ACT,1999-06-17,77.0,310,USC,5,2021,NYJ,14.0,4
00-0036980,Elijah Moore,WR,PHI,19.0,ACT,2000-03-27,70.0,178,Mississippi,5,2021,NYJ,34.0,4
00-0036981,Christian Barmore,DL,NE,90.0,ACT,1999-07-28,77.0,315,Alabama,5,2021,NE,38.0,4
00-0036982,Chauncey Golston,DL,NYG,57.0,ACT,1998-02-10,77.0,277,Iowa,5,2021,DAL,84.0,4
00-0036983,Kendrick Green,OL,CLE,53.0,CUT,1998-12-22,76.0,315,Illinois,5,2021,PIT,87.0,4
00-0036984,Trey Sermon,RB,ATL,44.0,RES,1999-01-30,72.0,215,Ohio State; Oklahoma,5,2021,SF,88.0,4
00-0036985,Robert Hainsey,OL,JAX,73.0,ACT,1998-08-12,76.0,306,Notre Dame,5,2021,TB,95.0,4
00-0036986,Nahshon Wright,DB,NYJ,26.0,ACT,1998-09-23,76.0,190,Oregon State,5,2021,DAL,99.0,4
00-0036987,Brandon Stephens,DB,NYJ,21.0,ACT,1997-12-29,73.0,215,SMU; UCLA,5,2021,BAL,104.0,4
00-0036988,Josh Palmer,WR,BUF,5.0,ACT,1999-09-22,73.0,210,Tennessee,5,2021,LAC,77.0,4
00-0036989,Malcolm Koonce,DL,LV,51.0,ACT,1998-06-06,74.0,243,Buffalo,5,2021,LV,79.0,4
00-0036990,Divine Deablo,LB,ATL,0.0,ACT,1998-08-17,75.0,223,Virginia Tech,5,2021,LV,80.0,4
00-0036992,Elijah Molden,DB,LAC,2.0,ACT,1999-01-30,70.0,190,Washington,5,2021,TEN,100.0,4
00-0036993,Ifeatu Melifonwu,DB,TB,5.0,ACT,1999-05-02,75.0,213,Syracuse,5,2021,DET,101.0,4
00-0036994,Ernest Jones,LB,SEA,13.0,ACT,1999-11-22,74.0,230,South Carolina,5,2021,LAR,103.0,4
00-0036995,Baron Browning,LB,ARI,5.0,ACT,1999-02-19,75.0,255,Ohio State,5,2021,DEN,105.0,4
00-0036996,Greg Newsome II,DB,NYG,20.0,ACT,2000-05-18,72.0,192,Northwestern,5,2021,CLE,26.0,4
00-0036997,Javonte Williams,RB,DAL,33.0,ACT,2000-04-25,70.0,220,North Carolina,5,2021,DEN,35.0,4
00-0036998,Jevon Holland,DB,NYG,8.0,ACT,2000-03-03,73.0,207,Oregon,5,2021,MIA,36.0,4
00-0037001,Quinn Meinerz,OL,DEN,77.0,ACT,1998-11-15,75.0,320,Wisconsin-Whitewater,5,2021,DEN,98.0,4
00-0037002,Landon Dickerson,OL,PHI,69.0,RES,1998-09-30,78.0,332,Alabama,5,2021,PHI,37.0,4
00-0037003,Chazz Surratt,LB,SEA,44.0,ACT,1997-02-16,74.0,233,North Carolina,5,2021,MIN,78.0,4
00-0037004,Hunter Long,TE,ARI,89.0,ACT,1998-08-19,77.0,253,Boston College,5,2021,MIA,81.0,4
00-0037005,Tommy Tremble,TE,CAR,82.0,ACT,2000-06-02,76.0,248,Notre Dame,5,2021,CAR,83.0,4
00-0037007,Patrick Jones II,LB,CAR,91.0,ACT,1998-09-29,76.0,260,Pittsburgh,5,2021,MIN,90.0,4
00-0037009,Rashawn Slater,OL,LAC,70.0,ACT,1999-03-26,76.0,315,Northwestern,5,2021,LAC,13.0,4
00-0037011,Tre' McKitty,TE,WAS,46.0,CUT,1999-01-12,76.0,245,Georgia; Florida State,5,2021,LAC,97.0,1
00-0037012,Trey Lance,QB,LAC,5.0,ACT,2000-05-09,76.0,226,North Dakota State,5,2021,SF,3.0,4
00-0037013,Zach Wilson,QB,NO,11.0,ACT,1999-08-03,74.0,214,BYU,5,2021,NYJ,2.0,4
00-0037031,Nikola Kalinic,TE,CHI,86.0,RES,1997-01-21,76.0,245,York (Canada),4,2022,,,4
00-0037034,Dee Alford,DB,BUF,23.0,ACT,1997-11-05,71.0,180,Tusculum College,6,2022,,,4
00-0037040,Roy Mbaeteka,OL,IND,78.0,DEV,2000-02-13,80.0,330,,5,2022,,,4
00-0037051,Elijah Garcia,DL,DAL,93.0,ACT,1998-03-11,77.0,302,Rice,4,2022,,,4
00-0037055,Lance McCutcheon,WR,TEN,89.0,CUT,1999-02-28,75.0,200,Montana State,4,2022,,,1
00-0037057,Keir Thomas,LB,LA,11.0,RES,1998-01-25,74.0,260,Florida State,4,2022,,,4
00-0037073,Jordan Davis,DL,PHI,90.0,ACT,2000-01-12,78.0,336,Georgia,4,2022,PHI,13.0,4
00-0037074,Quay Walker,LB,LV,7.0,ACT,2000-05-08,76.0,240,Georgia,4,2022,GB,22.0,4
00-0037075,Devonte Wyatt,DL,GB,95.0,ACT,1998-03-31,75.0,304,Georgia,4,2022,GB,28.0,4
00-0037076,Sean Rhyan,OL,GB,75.0,ACT,2000-09-15,77.0,320,UCLA,4,2022,GB,92.0,4
00-0037077,Sam Howell,QB,DAL,16.0,ACT,2000-09-16,73.0,225,North Carolina,4,2022,WAS,144.0,4
00-0037078,Cole Turner,TE,MIA,87.0,RES,2000-03-16,78.0,261,Nevada,4,2022,WAS,149.0,4
00-0037079,Riq Woolen,DB,PHI,2.0,ACT,1999-05-02,76.0,210,Texas-San Antonio,4,2022,SEA,153.0,4
00-0037080,Tyreke Smith,DL,KC,57.0,DEV,2000-02-14,75.0,255,Ohio State,4,2022,SEA,158.0,4
00-0037081,Braxton Jones,OL,CHI,70.0,RES,1999-03-27,77.0,303,Southern Utah State,4,2022,CHI,168.0,4
00-0037082,Dominique Robinson,DL,HOU,94.0,ACT,1998-07-02,77.0,275,Miami (Ohio),4,2022,CHI,174.0,4
00-0037083,Kingsley Enagbare,LB,NYJ,52.0,ACT,2000-01-18,76.0,258,South Carolina,4,2022,GB,179.0,4
00-0037085,Tyler Badie,RB,DEN,28.0,ACT,1999-02-07,68.0,194,Missouri,4,2022,BAL,196.0,4
00-0037086,Grant Calcaterra,TE,PHI,81.0,RES,1998-12-04,76.0,240,SMU; Oklahoma,4,2022,PHI,198.0,4
00-0037091,Bo Melton,WR,GB,16.0,ACT,1999-05-18,71.0,189,Rutgers,4,2022,SEA,229.0,4
00-0037092,Chris Paul,OL,WAS,75.0,ACT,1998-11-19,76.0,324,Tulsa,4,2022,WAS,230.0,4
00-0037093,Dareke Young,WR,LV,81.0,ACT,1999-06-04,74.0,224,Lenoir Rhyne,4,2022,SEA,233.0,4
00-0037094,Jonathan Ford,DL,GB,96.0,ACT,1998-09-29,77.0,338,Miami,4,2022,GB,234.0,4
00-0037096,Elijah Hicks,DB,CHI,22.0,ACT,1997-09-16,71.0,204,California,4,2022,CHI,254.0,4
00-0037098,Samori Toure,WR,PHI,46.0,CUT,1998-03-24,73.0,190,Nebraska,4,2022,GB,258.0,1
00-0037106,Jaylon Jones,DB,CHI,33.0,CUT,1997-10-14,71.0,190,Mississippi,4,2022,,,1
00-0037109,Jack Sanborn,LB,CHI,57.0,ACT,2000-07-29,74.0,232,Wisconsin,4,2022,,,4
00-0037112,Jake Tonges,TE,SF,88.0,RES,1999-07-08,76.0,240,California,4,2022,,,4
00-0037120,Tyler Goodson,RB,DAL,32.0,ACT,2000-11-10,69.0,199,Iowa,4,2022,,,4
00-0037129,Josh Blackwell,DB,CHI,39.0,ACT,1999-04-05,71.0,179,Duke,4,2022,,,4
00-0037130,Reed Blankenship,DB,HOU,6.0,ACT,1999-03-02,73.0,200,Middle Tennessee State,4,2022,,,4
00-0037132,Britain Covey,WR,PHI,85.0,ACT,1997-03-18,68.0,170,Utah,4,2022,,,4
00-0037136,Mario Goodrich,DB,TEN,35.0,CUT,2000-01-12,72.0,186,Clemson,4,2022,,,1
00-0037137,Josh Jobe,DB,SEA,29.0,ACT,1998-04-09,71.0,189,Alabama,4,2022,,,4
00-0037138,Josh Sills,OL,IND,66.0,DEV,1998-01-26,78.0,325,Oklahoma State; West Virginia,4,2022,,,4
00-0037141,Joey Blount,DB,ARI,32.0,RES,1998-11-16,73.0,195,Virginia,4,2022,,,4
00-0037155,Tony Adams,DB,TEN,29.0,ACT,1999-01-24,71.0,210,Illinois,4,2022,,,4
00-0037156,Irvin Charles,WR,SEA,85.0,RES,1997-04-13,76.0,219,"Indiana PA,  University of; Penn State",4,2022,,,4
00-0037157,Bam Knight,RB,ARI,20.0,ACT,2001-04-11,71.0,210,N.C. State,4,2022,,,4
00-0037179,Jeremiah Moon,LB,CAR,56.0,DEV,1998-08-18,77.0,245,Florida,4,2022,,,4
00-0037184,Josh Ross,LB,MIN,52.0,CUT,1999-10-31,72.0,224,Michigan,4,2022,,,1
00-0037190,Sauce Gardner,DB,IND,1.0,ACT,2001-08-31,75.0,190,Cincinnati,4,2022,NYJ,4.0,4
00-0037191,Trent McDuffie,DB,LA,22.0,ACT,2000-09-13,71.0,195,Washington,4,2022,KC,21.0,4
00-0037192,George Karlaftis,DL,KC,56.0,ACT,2001-04-03,76.0,263,Purdue,4,2022,KC,30.0,4
00-0037193,Bryan Cook,DB,CIN,6.0,ACT,1999-09-07,73.0,210,Cincinnati; Howard,4,2022,KC,62.0,4
00-0037194,Darian Kinnard,OL,NYG,75.0,CUT,1999-12-29,77.0,322,Kentucky,4,2022,KC,145.0,4
00-0037195,Jaylen Watson,DB,LA,35.0,ACT,1998-09-17,74.0,197,Washington State; Ventura,4,2022,KC,243.0,4
00-0037196,Rasheed Walker,OL,CAR,63.0,ACT,2000-02-13,78.0,325,Penn State,4,2022,GB,249.0,4
00-0037197,Isiah Pacheco,RB,DET,10.0,RES,1999-03-02,70.0,210,Rutgers,4,2022,KC,251.0,4
00-0037203,LaBryan Ray,DL,CAR,93.0,RET,1997-12-05,76.0,292,Alabama,4,2022,,,4
00-0037205,Brenden Schooler,DB,NE,41.0,RES,1997-05-30,73.0,210,Texas; Arizona; Oregon,4,2022,,,4
00-0037207,Mike Caliendo,OL,KC,66.0,ACT,1997-10-21,76.0,300,Western Michigan,4,2022,,,4
00-0037208,Jack Cochrane,LB,KC,43.0,ACT,1999-02-09,75.0,236,South Dakota,4,2022,,,4
00-0037224,Cameron Dicker,K,LAC,11.0,ACT,2000-05-06,73.0,216,Texas,4,2022,,,4
00-0037225,Chris Glaser,OL,DAL,68.0,CUT,1999-10-01,76.0,300,Virginia,4,2022,,,1
00-0037228,Jaylen Warren,RB,PIT,30.0,ACT,1998-11-01,68.0,215,Oklahoma State,4,2022,,,4
00-0037229,Ikem Ekwonu,OL,CAR,79.0,RES,2000-10-31,76.0,335,N.C. State,4,2022,CAR,6.0,4
00-0037230,Israel Antwine,DL,DEN,64.0,CUT,2000-03-27,75.0,300,Oklahoma State,4,2022,,,1
00-0037231,Kevin Austin Jr.,WR,NO,81.0,ACT,2000-03-30,74.0,200,Notre Dame,4,2022,,,4
00-0037235,Travon Walker,DL,JAX,44.0,ACT,2000-12-18,77.0,275,Georgia,4,2022,JAX,1.0,4
00-0037236,Aidan Hutchinson,DL,DET,97.0,ACT,2000-08-09,79.0,265,Michigan,4,2022,DET,2.0,4
00-0037237,Derek Stingley Jr.,DB,HOU,24.0,ACT,2001-06-20,73.0,195,LSU,4,2022,HOU,3.0,4
00-0037238,Drake London,WR,ATL,5.0,ACT,2001-07-24,76.0,215,USC,4,2022,ATL,8.0,4
00-0037239,Chris Olave,WR,NO,12.0,ACT,2000-06-27,72.0,185,Ohio State,4,2022,NO,11.0,4
00-0037240,Jameson Williams,WR,DET,1.0,ACT,2001-03-26,73.0,182,Alabama; Ohio State,4,2022,DET,12.0,4
00-0037241,Trevor Penning,OL,LAC,75.0,ACT,1999-05-15,79.0,325,Northern Iowa,4,2022,NO,19.0,4
00-0037242,Kaiir Elam,DB,LAC,29.0,DEV,2001-05-05,73.0,191,Florida,4,2022,BUF,23.0,4
00-0037243,Tyler Smith,OL,DAL,73.0,RES,2001-04-03,77.0,328,Tulsa,4,2022,DAL,24.0,4
00-0037244,Devin Lloyd,LB,CAR,55.0,ACT,1998-09-30,75.0,243,Utah,4,2022,JAX,27.0,4
00-0037246,Jalen Pitre,DB,HOU,5.0,ACT,1999-06-03,72.0,200,Baylor,4,2022,HOU,37.0,4
00-0037247,George Pickens,WR,DAL,3.0,ACT,2001-03-04,75.0,205,Georgia,4,2022,PIT,52.0,4
00-0037248,James Cook,RB,BUF,4.0,ACT,1999-09-25,71.0,190,Georgia,4,2022,BUF,63.0,4
00-0037249,Nik Bonitto,LB,DEN,15.0,ACT,1999-09-26,75.0,238,Oklahoma,4,2022,DEN,64.0,4
00-0037250,Martin Emerson,DB,NO,22.0,ACT,2000-09-27,74.0,200,Mississippi State,4,2022,CLE,68.0,4
00-0037251,Alex Wright,DL,CLE,91.0,RES,2000-09-05,77.0,270,UAB,4,2022,CLE,78.0,4
00-0037252,Greg Dulcich,TE,MIA,85.0,ACT,2000-03-26,76.0,245,UCLA,4,2022,DEN,80.0,4
00-0037253,Marcus Jones,DB,NE,25.0,ACT,1998-10-22,68.0,185,Houston; Troy,4,2022,NE,85.0,4
00-0037254,Terrel Bernard,LB,BUF,8.0,ACT,1999-05-07,73.0,222,Baylor,4,2022,BUF,89.0,4
00-0037255,Dylan Parham,OL,NYJ,64.0,ACT,1999-08-24,75.0,311,Memphis,4,2022,LV,90.0,4
00-0037256,Rachaad White,RB,WAS,1.0,INA,1999-01-12,72.0,214,Arizona State; Mt. San Antonio; Kearney State,4,2022,TB,91.0,4
00-0037258,Dameon Pierce,RB,PHI,39.0,DEV,2000-02-19,70.0,215,Florida,4,2022,HOU,107.0,4
00-0037259,Micah McFadden,LB,NYG,41.0,ACT,2000-01-03,74.0,232,Indiana,4,2022,NYG,146.0,4
00-0037260,D.J. Davidson,DL,WAS,77.0,RET,1999-09-19,77.0,320,Arizona State,4,2022,NYG,147.0,4
00-0037261,Khalil Shakir,WR,BUF,10.0,ACT,2000-02-03,72.0,190,Boise State,4,2022,BUF,148.0,4
00-0037262,Thomas Booker,DL,LV,99.0,ACT,1999-11-11,75.0,301,Stanford,4,2022,HOU,150.0,4
00-0037263,Tyler Allgeier,RB,ARI,22.0,ACT,2000-04-15,70.0,225,BYU,4,2022,ATL,151.0,4
00-0037266,Matt Waletzko,OL,KC,73.0,RES,1999-12-15,80.0,305,North Dakota,4,2022,DAL,155.0,4
00-0037267,Jerome Ford,RB,MIN,34.0,CUT,1999-09-12,70.0,210,Cincinnati; Alabama,4,2022,CLE,156.0,4
00-0037268,Zyon McCollum,DB,TB,27.0,ACT,1999-05-03,74.0,200,Sam Houston State,4,2022,TB,157.0,4
00-0037269,Eric Johnson,DL,GB,74.0,DEV,1998-07-16,76.0,298,Missouri State,4,2022,IND,159.0,3
00-0037270,Otito Ogbonnia,DL,DAL,91.0,ACT,2000-08-25,76.0,320,UCLA,4,2022,LAC,160.0,4
00-0037271,D'Marco Jackson,LB,CHI,48.0,ACT,1998-07-20,73.0,230,Appalachian State,4,2022,NO,161.0,4
00-0037274,Esezi Otomewo,DL,PIT,93.0,DEV,1999-03-09,77.0,285,Minnesota,4,2022,MIN,165.0,4
00-0037275,DaRon Bland,DB,DAL,26.0,ACT,1999-07-12,74.0,202,Fresno State,4,2022,DAL,167.0,4
00-0037276,Ty Chandler,RB,NO,32.0,RES,1998-05-12,71.0,205,North Carolina,4,2022,MIN,169.0,4
00-0037277,Teagan Quitoriano,TE,ARI,47.0,DEV,2000-03-15,78.0,259,Oregon State,4,2022,HOU,170.0,4
00-0037278,Luke Wattenberg,OL,DEN,60.0,ACT,1997-09-10,77.0,300,Washington,4,2022,DEN,171.0,4
00-0037281,Damone Clark,LB,DET,11.0,RES,2000-06-28,74.0,239,LSU,4,2022,DAL,176.0,4
00-0037282,James Mitchell,TE,DAL,84.0,DEV,1999-08-11,76.0,249,Virginia Tech,4,2022,DET,177.0,4
00-0037283,John Ridgeway,DL,NO,95.0,ACT,1999-05-07,77.0,320,Arkansas; Illinois State,4,2022,DAL,178.0,4
00-0037284,Matt Araiza,P,KC,14.0,ACT,2000-05-16,74.0,200,San Diego State,4,2022,BUF,180.0,4
00-0037287,Vederian Lowe,OL,SF,76.0,ACT,1999-04-17,77.0,315,Illinois,4,2022,MIN,184.0,4
00-0037288,Christian Benford,DB,BUF,47.0,ACT,2000-09-21,73.0,205,Villanova,4,2022,BUF,185.0,4
00-0037289,Malcolm Rodriguez,LB,DET,44.0,ACT,1999-03-29,71.0,230,Oklahoma State,4,2022,DET,188.0,4
00-0037291,Jalen Nailor,WR,LV,9.0,ACT,1999-03-02,72.0,191,Michigan State,4,2022,MIN,191.0,4
00-0037292,Andrew Ogletree,TE,IND,85.0,ACT,1998-07-28,77.0,260,Youngstown State,4,2022,IND,192.0,4
00-0037294,Jordan Jackson,DL,DEN,94.0,ACT,1998-01-30,77.0,294,Air Force,4,2022,NO,194.0,4
00-0037297,Cade Mays,OL,DET,64.0,RES,1999-04-26,78.0,325,Tennessee,4,2022,CAR,199.0,4
00-0037301,Theo Jackson,DB,MIN,26.0,ACT,1998-10-02,73.0,203,Tennessee,4,2022,TEN,204.0,4
00-0037302,Austin Deculus,OL,TEN,76.0,CUT,1999-03-12,77.0,330,LSU,4,2022,HOU,205.0,1
00-0037303,Matt Henningsen,DL,DEN,91.0,RES,1999-07-09,75.0,291,Wisconsin,4,2022,DEN,206.0,4
00-0037304,Connor Heyward,RB,LV,34.0,ACT,1999-01-22,72.0,230,Michigan State,4,2022,PIT,208.0,4
00-0037305,Luke Tenuta,OL,IND,67.0,ACT,1999-09-01,80.0,314,Virginia Tech,4,2022,BUF,209.0,4
00-0037306,John FitzPatrick,TE,CLE,86.0,DEV,2000-03-09,79.0,250,Georgia,4,2022,ATL,213.0,4
00-0037307,Ja'Sir Taylor,DB,CIN,26.0,RES,1999-01-08,70.0,185,Wake Forest,4,2022,LAC,214.0,4
00-0037310,James Houston,LB,DAL,41.0,ACT,1998-11-16,73.0,248,Jackson State University,4,2022,DET,217.0,4
00-0037311,Ko Kieft,TE,TB,41.0,ACT,1998-01-20,77.0,265,Minnesota,4,2022,TB,218.0,4
00-0037312,Chance Campbell,LB,PHI,59.0,DEV,1999-10-08,74.0,235,Mississippi,4,2022,TEN,219.0,4
00-0037313,Montaric Brown,DB,JAX,1.0,ACT,1999-08-24,72.0,190,Arkansas,4,2022,JAX,222.0,4
00-0037317,Nick Muse,TE,ATL,87.0,ACT,1998-11-25,77.0,250,South Carolina,4,2022,MIN,227.0,4
00-0037320,Deane Leonard,DB,LAC,33.0,ACT,1999-11-20,72.0,195,Mississippi,4,2022,LAC,236.0,4
00-0037323,Rodney Thomas,DB,SEA,24.0,ACT,1998-06-26,73.0,196,Yale,4,2022,IND,239.0,4
00-0037324,Chris Oladokun,QB,KC,19.0,RES,1997-09-03,73.0,195,South Dakota State,4,2022,PIT,241.0,1
00-0037327,Skylar Thompson,QB,BAL,11.0,RES,1997-06-04,74.0,221,Kansas State,4,2022,MIA,247.0,4
00-0037329,Brittain Brown,RB,CHI,38.0,RES,1997-10-10,73.0,205,UCLA,4,2022,LV,250.0,4
00-0037332,D'Anthony Bell,DB,SEA,34.0,CUT,1996-10-17,73.0,211,University of West Florida,4,2022,,,4
00-0037336,Brock Hoffman,OL,PIT,67.0,ACT,1999-07-02,76.0,318,Virginia Tech; Coastal Carolina,4,2022,,,4
00-0037340,Zaire Mitchell-Paden,TE,HOU,88.0,DEV,1999-08-20,77.0,257,Florida Atlantic,4,2022,,,4
00-0037348,Tanner Conner,TE,NE,48.0,DEV,1998-03-20,75.0,223,Idaho State,4,2022,,,4
00-0037349,Kellen Diesch,OL,SEA,65.0,CUT,1997-08-23,79.0,300,Arizona State,4,2022,,,1
00-0037353,Kader Kohou,DB,KC,26.0,DEV,1998-11-28,70.0,197,East Texas A&M,4,2022,,,4
00-0037356,Ben Stille,DL,DET,96.0,DEV,1997-11-12,76.0,293,Nebraska,4,2022,,,4
00-0037364,Arron Mosby,LB,GB,53.0,DEV,1999-04-13,75.0,250,Fresno State,4,2022,,,4
00-0037380,Kaden Davis,WR,CHI,81.0,DEV,1998-09-25,73.0,190,NW Missouri State University,4,2022,,,4
00-0037381,Sebastian Gutierrez,OL,DAL,61.0,CUT,1998-07-06,77.0,295,Minot State University,4,2022,,,1
00-0037382,Brandon Johnson,WR,PIT,82.0,DEV,1998-07-26,74.0,208,UCF; Tennessee,4,2022,,,4
00-0037384,Ja'Quan McMillian,DB,DEN,29.0,ACT,2000-06-04,70.0,183,East Carolina,4,2022,,,4
00-0037385,Michael Niese,OL,DET,62.0,CUT,1998-01-13,77.0,295,Temple,4,2022,,,1
00-0037395,Dallis Flowers,DB,CHI,37.0,RES,1997-06-04,73.0,190,Pittsburg State (KS),4,2022,,,4
00-0037404,Ryan Van Demark,OL,MIN,72.0,ACT,1998-03-22,78.0,307,Connecticut,4,2022,,,4
00-0037410,Jashaun Corbin,RB,DAL,36.0,CUT,2000-08-20,71.0,221,Florida State,4,2022,,,1
00-0037412,Cal Adomitis,LS,NO,46.0,ACT,1998-07-09,74.0,250,Pittsburgh,4,2022,,,4
00-0037413,Ben Brown,OL,NE,77.0,ACT,1998-05-19,77.0,315,Mississippi,4,2022,,,4
00-0037414,Devin Cochran,OL,DET,77.0,DEV,1998-07-17,79.0,322,Georgia Tech,4,2022,,,4
00-0037422,Kendric Pryor,WR,CIN,19.0,CUT,1998-01-06,71.0,189,Wisconsin,4,2022,,,1
00-0037428,Alec Anderson,OL,BUF,70.0,ACT,1999-10-03,77.0,305,UCLA,4,2022,,,4
00-0037431,Kingsley Jonathan,DL,NYJ,57.0,RES,1998-04-28,76.0,260,Syracuse,4,2022,,,4
00-0037440,Obinna Eze,OL,CLE,68.0,DEV,1998-06-12,78.0,315,TCU; Memphis,4,2022,,,4
00-0037457,Jake Hansen,LB,HOU,35.0,ACT,1998-06-19,73.0,230,Illinois,4,2022,,,4
00-0037461,Tristin McCollum,DB,LV,27.0,ACT,1999-05-03,75.0,195,Sam Houston State,4,2022,,,4
00-0037468,Raheem Layne,DB,NYG,43.0,DEV,1999-07-02,71.0,192,Indiana,4,2022,,,4
00-0037475,Stone Smartt,TE,NO,84.0,DEV,1998-10-04,76.0,226,Old Dominion,4,2022,,,4
00-0037480,Dylan Cook,OL,PIT,60.0,ACT,1998-01-11,78.0,305,Montana; Northern Montana State University,4,2022,,,4
00-0037487,Deven Thompkins,WR,LV,83.0,DEV,1999-12-23,68.0,155,Utah State,4,2022,,,4
00-0037493,Mike Brown,DB,NE,33.0,ACT,1999-04-07,73.0,218,Miami (Ohio),4,2022,,,4
00-0037500,Ryan Wright,P,NO,17.0,ACT,2000-06-01,75.0,245,Tulane,4,2022,,,4
00-0037509,Sincere McCormick,RB,SF,35.0,DEV,2000-09-10,69.0,205,Texas-San Antonio,4,2022,,,4
00-0037512,Isaiah Pola-Mao,DB,LV,20.0,ACT,1999-06-30,75.0,205,USC,4,2022,,,4
00-0037522,Qwuantrezz Knight,DB,WAS,32.0,CUT,1997-10-10,72.0,199,UCLA; Kent State; Maryland,4,2022,,,1
00-0037524,Tay Martin,WR,DET,17.0,ACT,1997-12-14,75.0,186,Oklahoma State,4,2022,,,4
00-0037525,Jordan Mason,RB,MIN,27.0,RES,1999-05-24,71.0,230,Georgia Tech,4,2022,,,4
00-0037526,Marcelino McCrary-Ball,LB,NYJ,41.0,RES,1999-03-23,72.0,214,Indiana,4,2022,,,4
00-0037527,Segun Olubi,LB,LV,50.0,ACT,1999-11-01,74.0,220,San Diego State,4,2022,,,4
00-0037539,Lucas Krull,TE,DEN,85.0,DEV,1998-07-11,78.0,260,Pittsburgh,4,2022,,,4
00-0037544,Nephi Sewell,LB,CHI,46.0,RES,1998-12-19,72.0,228,Utah,4,2022,,,4
00-0037545,Rashid Shaheed,WR,SEA,22.0,ACT,1998-08-31,72.0,180,Weber State,4,2022,,,4
00-0037547,Daniel Whelan,P,GB,19.0,ACT,1999-02-10,77.0,216,UC Davis,4,2022,,,4
00-0037549,Darrell Baker Jr.,DB,MIA,22.0,RES,1998-03-27,73.0,200,Georgia Southern,4,2022,,,4
00-0037557,Ronnie Rivers,RB,LA,20.0,RES,1999-01-31,69.0,198,Fresno State,4,2022,,,4
00-0037561,Markquese Bell,DB,DAL,14.0,ACT,1999-01-06,74.0,215,Florida A&M,4,2022,,,4
00-0037563,Malik Davis,RB,DAL,20.0,RES,1998-11-26,71.0,207,Florida,4,2022,,,4
00-0037570,Dennis Houston,WR,TB,89.0,CUT,1999-04-24,73.0,205,Western Illinois,4,2022,,,1
00-0037578,Juanyeh Thomas,DB,DAL,33.0,ACT,2000-06-24,75.0,217,Georgia Tech,4,2022,,,4
00-0037585,Timmy Horne,DL,TEN,94.0,DEV,1997-10-25,76.0,312,Kansas State,4,2022,,,4
00-0037587,Nate Landman,LB,LA,53.0,ACT,1998-11-19,75.0,230,Colorado,4,2022,,,4
00-0037594,Julius Chestnut,RB,TEN,36.0,ACT,2000-10-26,71.0,228,Sacred Heart University,4,2022,,,4
00-0037596,Jack Gibbens,LB,ARI,50.0,ACT,1998-11-24,75.0,242,Minnesota; Abilene Christian,4,2022,,,4
00-0037601,Xavier Newman-Johnson,OL,NE,65.0,DEV,1999-08-04,74.0,310,Baylor,4,2022,,,4
00-0037602,Sam Okuayinonu,DL,SF,91.0,RES,1998-05-01,73.0,269,Maryland,4,2022,,,4
00-0037611,Kayvon Thibodeaux,LB,NYG,5.0,ACT,2000-12-15,77.0,258,Oregon,4,2022,NYG,5.0,4
00-0037612,Evan Neal,OL,LV,73.0,DEV,2000-09-19,79.0,350,Alabama,4,2022,NYG,7.0,4
00-0037614,John Metchie III,WR,CAR,13.0,ACT,2000-07-18,71.0,204,Alabama,4,2022,HOU,44.0,4
00-0037615,Nakobe Dean,LB,LV,17.0,ACT,2000-12-13,71.0,230,Georgia,4,2022,PHI,83.0,4
00-0037616,Nick Cross,DB,WAS,25.0,INA,2001-09-10,72.0,212,Maryland,4,2022,IND,96.0,4
00-0037617,Hassan Haskins,RB,NE,26.0,DEV,1999-11-26,74.0,228,Michigan,4,2022,TEN,131.0,1
00-0037618,Zach Thomas,OL,TEN,72.0,CUT,1998-05-26,77.0,300,San Diego State,4,2022,CHI,186.0,1
00-0037620,Andrew Stueber,OL,ATL,74.0,CUT,1999-07-01,79.0,338,Michigan,4,2022,NE,245.0,1
00-0037633,Jacob Hummel,LB,HOU,33.0,RES,1999-01-04,73.0,229,Iowa State,4,2022,,,4
00-0037638,Benton Whitley,DL,NE,61.0,DEV,1999-02-12,76.0,250,Holy Cross,4,2022,,,4
00-0037661,Ja'Marcus Ingram,DB,HOU,20.0,RES,1997-08-04,74.0,190,Buffalo; Texas Tech,4,2022,,,4
00-0037663,Jermaine Johnson II,LB,TEN,11.0,ACT,1999-01-08,77.0,254,Florida State,4,2022,NYJ,26.0,4
00-0037664,Alec Pierce,WR,IND,14.0,RES,2000-05-02,75.0,213,Cincinnati,4,2022,IND,53.0,4
00-0037665,Sam Williams,DL,CLE,54.0,ACT,1999-03-31,76.0,260,Mississippi,4,2022,DAL,56.0,4
00-0037666,Jalen Tolbert,WR,MIA,1.0,ACT,1999-02-27,73.0,195,South Alabama,4,2022,DAL,88.0,4
00-0037667,Kerby Joseph,DB,DET,31.0,RES,2000-11-14,72.0,210,Illinois,4,2022,DET,97.0,4
00-0037686,Tucker Addington,LS,MIA,46.0,ACT,1997-07-16,74.0,230,Sam Houston State,5,2021,,,4
00-0037692,Brandon Aubrey,K,DAL,17.0,ACT,1995-03-14,75.0,218,Notre Dame,4,2023,,,4
00-0037708,Maurice Alexander,WR,CHI,13.0,CUT,1997-01-10,70.0,180,Florida International,6,2022,,,1
00-0037711,Jeremiah Pharms Jr.,DL,NE,98.0,DEV,1996-10-16,75.0,300,Friends U.,6,2022,,,4
00-0037740,Garrett Wilson,WR,NYJ,5.0,ACT,2000-07-22,72.0,183,Ohio State,4,2022,NYJ,10.0,4
00-0037741,Jahan Dotson,WR,ATL,4.0,ACT,2000-03-22,71.0,182,Penn State,4,2022,WAS,16.0,4
00-0037742,Treylon Burks,WR,WAS,13.0,ACT,2000-03-23,74.0,225,Arkansas,4,2022,TEN,18.0,4
00-0037743,Daxton Hill,DB,CIN,23.0,ACT,2000-09-29,72.0,192,Michigan,4,2022,CIN,31.0,4
00-0037744,Trey McBride,TE,ARI,85.0,ACT,1999-11-22,76.0,246,Colorado State,4,2022,AZ,55.0,4
00-0037745,Velus Jones Jr.,RB,SEA,33.0,ACT,1997-05-11,72.0,204,Tennessee; USC,4,2022,CHI,71.0,4
00-0037746,Brian Robinson,RB,ATL,15.0,ACT,1999-03-22,73.0,228,Alabama,4,2022,WAS,98.0,4
00-0037748,Marquis Hayes,OL,NYJ,77.0,DEV,1999-02-14,77.0,318,Oklahoma,4,2022,AZ,257.0,1
00-0037752,Tycen Anderson,DB,DEN,6.0,ACT,1999-06-13,74.0,210,Toledo,4,2022,CIN,166.0,4
00-0037753,Cam Taylor-Britt,DB,IND,29.0,ACT,1999-10-15,71.0,200,Nebraska,4,2022,CIN,60.0,4
00-0037754,Nicholas Petit-Frere,OL,WAS,77.0,CUT,1999-09-15,77.0,310,Ohio State,4,2022,TEN,69.0,1
00-0037755,Jelani Woods,TE,NYJ,86.0,ACT,1998-10-09,79.0,253,Virginia,4,2022,IND,73.0,4
00-0037756,Travis Jones,DL,BAL,98.0,ACT,1999-10-15,76.0,341,Connecticut,4,2022,BAL,76.0,4
00-0037757,Bernhard Raimann,OL,IND,79.0,ACT,1997-09-23,78.0,305,Central Michigan,4,2022,IND,77.0,4
00-0037758,Cordale Flott,DB,TEN,18.0,ACT,2001-08-24,73.0,175,LSU,4,2022,NYG,81.0,4
00-0037799,Dondrea Tillman,LB,DEN,92.0,ACT,1998-04-30,76.0,247,"Indiana PA,  University of",6,2024,,,4
00-0037801,KaVontae Turpin,WR,DAL,9.0,ACT,1996-08-02,67.0,158,TCU,7,2022,,,4
00-0037804,Zachary Carter,DL,ARI,90.0,RES,1999-04-07,76.0,301,Florida,4,2022,CIN,95.0,4
00-0037805,Jeremy Ruckert,TE,NYJ,89.0,ACT,2000-08-11,77.0,250,Ohio State,4,2022,NYJ,101.0,4
00-0037807,Joshua Ezeudu,OL,KC,73.0,ACT,1999-09-19,76.0,310,North Carolina,4,2022,NYG,67.0,4
00-0037808,DeAngelo Malone,LB,ATL,50.0,RES,1999-07-12,75.0,235,Western Kentucky,4,2022,ATL,82.0,4
00-0037809,Chig Okonkwo,TE,WAS,85.0,ACT,1999-09-08,75.0,238,Maryland,4,2022,TEN,143.0,4
00-0037812,Abraham Lucas,OL,SEA,72.0,ACT,1998-10-15,78.0,319,Washington State,4,2022,SEA,72.0,4
00-0037814,Luke Fortner,OL,CAR,77.0,ACT,1998-05-15,78.0,305,Kentucky,4,2022,JAX,65.0,4
00-0037815,Cameron Thomas,DL,ATL,99.0,ACT,2000-07-01,76.0,265,San Diego State,4,2022,AZ,87.0,4
00-0037816,Romeo Doubs,WR,NE,87.0,ACT,2000-04-13,74.0,210,Nevada,4,2022,GB,132.0,4
00-0037817,Zach Bako-Bewele,OL,GB,50.0,RES,1999-03-26,76.0,304,Wake Forest,4,2022,GB,140.0,4
00-0037818,Zion Johnson,OL,CLE,77.0,ACT,1999-11-18,75.0,315,Boston College; Davidson,4,2022,LAC,17.0,4
00-0037819,Leo Chenal,LB,WAS,54.0,RES,2000-10-26,75.0,250,Wisconsin,4,2022,KC,103.0,4
00-0037821,Charles Cross,OL,SEA,67.0,ACT,2000-11-25,77.0,317,Mississippi State,4,2022,SEA,9.0,4
00-0037822,Brian Asamoah II,LB,ATL,41.0,DEV,2000-03-29,72.0,230,Oklahoma,4,2022,MIN,66.0,4
00-0037823,Christian Harris,LB,ATL,45.0,ACT,2001-01-16,74.0,232,Alabama,4,2022,HOU,75.0,4
00-0037825,Tyler Linderbaum,OL,LV,65.0,ACT,2000-04-07,74.0,305,Iowa,4,2022,BAL,25.0,4
00-0037826,Drake Jackson,LB,ATL,91.0,DEV,2001-04-12,76.0,250,USC,4,2022,SF,61.0,4
00-0037828,Danny Gray,WR,PHI,82.0,CUT,1999-04-01,72.0,199,SMU,4,2022,SF,105.0,2
00-0037829,Spencer Burford,OL,LV,70.0,ACT,2000-07-19,76.0,300,Texas-San Antonio,4,2022,SF,134.0,4
00-0037830,Samuel Womack,DB,NYJ,22.0,DEV,1999-07-07,70.0,187,Toledo,4,2022,SF,172.0,4
00-0037831,Nick Zakelj,OL,SF,63.0,RES,1999-06-22,78.0,316,Fordham,4,2022,SF,187.0,4
00-0037832,Kalia Davis,DL,CLE,93.0,RES,1998-10-02,74.0,310,UCF,4,2022,SF,220.0,4
00-0037834,Brock Purdy,QB,SF,13.0,ACT,1999-12-27,73.0,220,Iowa State,4,2022,SF,262.0,4
00-0037835,Luke Goedeke,OL,TB,67.0,ACT,1998-11-21,77.0,310,Central Michigan,4,2022,TB,57.0,4
00-0037837,Calvin Austin III,WR,NYG,82.0,RES,1999-03-24,69.0,162,Memphis,4,2022,PIT,138.0,4
00-0037838,Isaiah Likely,TE,NYG,9.0,ACT,2000-04-18,76.0,241,Coastal Carolina,4,2022,BAL,139.0,4
00-0037839,Cobie Durant,DB,DAL,2.0,ACT,1998-02-09,71.0,187,South Carolina State,4,2022,LAR,142.0,4
00-0037840,Kyren Williams,RB,LA,23.0,ACT,2000-08-26,69.0,207,Notre Dame,4,2022,LAR,164.0,4
00-0037841,Quentin Lake,DB,LA,37.0,ACT,1999-01-29,73.0,205,UCLA,4,2022,LAR,211.0,4
00-0037842,Derion Kendrick,DB,DAL,15.0,DEV,2000-08-24,72.0,205,Georgia; Clemson,4,2022,LAR,212.0,4
00-0037843,Daniel Hardy,DL,CHI,92.0,ACT,1998-12-15,74.0,255,Montana State,4,2022,LAR,235.0,4
00-0037844,Russ Yeast,DB,CIN,22.0,ACT,1999-05-08,70.0,195,Kansas State,4,2022,LAR,253.0,4
00-0037845,A.J. Arcuri,OL,BAL,68.0,DEV,1997-08-13,79.0,320,Michigan State,4,2022,LAR,261.0,4
00-0037984,Pepe Williams,DB,TB,28.0,CUT,1998-07-15,70.0,180,Houston,4,2022,BAL,141.0,1
00-0038038,Kyle Hamilton,DB,BAL,14.0,ACT,2001-03-16,76.0,220,Notre Dame,4,2022,BAL,14.0,4
00-0038039,Jack Jones,DB,SF,25.0,ACT,1997-12-20,71.0,175,Arizona State,4,2022,NE,121.0,4
00-0038040,Zamir White,RB,NO,26.0,DEV,1999-09-18,71.0,227,Georgia,4,2022,LV,122.0,4
00-0038041,Jake Ferguson,TE,DAL,87.0,ACT,1999-01-18,77.0,250,Wisconsin,4,2022,DAL,129.0,4
00-0038043,Joshua Williams,DB,TEN,25.0,RES,1999-10-17,75.0,201,Fayetteville State University,4,2022,KC,135.0,4
00-0038046,Charlie Kolar,TE,LAC,88.0,ACT,1999-02-10,78.0,250,Iowa State,4,2022,BAL,128.0,4
00-0038090,Skyy Moore,WR,GB,23.0,ACT,2000-09-10,70.0,195,Western Michigan,4,2022,KC,54.0,4
00-0038091,JT Woods,DB,NYG,35.0,CUT,2000-06-10,74.0,193,Baylor,4,2022,LAC,79.0,1
00-0038092,Erik Ezukanma,WR,PHI,49.0,CUT,2000-01-25,74.0,220,Texas Tech,4,2022,MIA,125.0,1
00-0038094,Jordan Stout,P,NYG,15.0,ACT,1998-08-04,75.0,214,Penn State,4,2022,BAL,130.0,4
00-0038095,Cordell Volson,OL,GB,73.0,CUT,1998-07-20,78.0,310,North Dakota State,4,2022,CIN,136.0,4
00-0038098,Pierre Strong,RB,GB,22.0,DEV,1998-12-10,71.0,205,South Dakota State,4,2022,NE,127.0,4
00-0038099,Phidarian Mathis,DL,BUF,72.0,DEV,1998-04-26,76.0,312,Alabama,4,2022,WAS,47.0,4
00-0038100,Percy Butler,DB,WAS,35.0,ACT,2000-05-29,72.0,190,Louisiana-Lafayette,4,2022,WAS,113.0,4
00-0038101,Akayleb Evans,DB,CAR,29.0,ACT,1999-06-22,74.0,205,Missouri,4,2022,MIN,118.0,4
00-0038102,Kenny Pickett,QB,CAR,12.0,ACT,1998-06-06,75.0,220,Pittsburgh,4,2022,PIT,20.0,4
00-0038103,Cole Strange,OL,LAC,69.0,ACT,1998-07-31,77.0,301,Tennessee-Chattanooga,4,2022,NE,29.0,4
00-0038104,Tyquan Thornton,WR,KC,2.0,ACT,2000-08-07,74.0,185,Baylor,4,2022,NE,50.0,4
00-0038105,Damarri Mathis,DB,CLE,37.0,RES,1999-04-12,71.0,195,Pittsburgh,4,2022,DEN,115.0,4
00-0038106,Eyioma Uwazurike,DL,DEN,96.0,ACT,1998-05-06,78.0,320,Iowa State,4,2022,DEN,116.0,4
00-0038107,Micheal Clemons,DL,IND,72.0,RES,1997-08-21,77.0,263,Texas A&M,4,2022,NYJ,117.0,4
00-0038108,Bailey Zappe,QB,NYJ,4.0,CUT,1999-04-26,73.0,220,Western Kentucky; Houston Christian University,4,2022,NE,137.0,3
00-0038111,Kyler Gordon,DB,CHI,6.0,RES,1999-12-17,71.0,200,Washington,4,2022,CHI,39.0,4
00-0038112,Cam Jurgens,OL,PHI,51.0,ACT,1999-08-21,75.0,303,Nebraska,4,2022,PHI,51.0,4
00-0038114,Max Mitchell,OL,NYJ,61.0,ACT,1999-10-12,78.0,307,Louisiana-Lafayette,4,2022,NYJ,111.0,4
00-0038115,Daniel Bellinger,TE,TEN,82.0,ACT,2000-09-22,78.0,255,San Diego State,4,2022,NYG,112.0,4
00-0038116,Arnold Ebiketie,LB,PHI,17.0,ACT,1999-01-23,75.0,256,Penn State,4,2022,ATL,38.0,4
00-0038117,Wan'Dale Robinson,WR,TEN,4.0,ACT,2001-01-05,68.0,185,Kentucky,4,2022,NYG,43.0,4
00-0038118,Daniel Faalele,OL,JAX,68.0,ACT,1999-11-09,80.0,380,Minnesota,4,2022,BAL,110.0,4
00-0038120,Breece Hall,RB,NYJ,20.0,ACT,2001-05-31,71.0,220,Iowa State,4,2022,NYJ,36.0,4
00-0038121,Alontae Taylor,DB,TEN,24.0,ACT,1998-12-03,73.0,199,Tennessee,4,2022,NO,49.0,4
00-0038123,Dane Belton,DB,NYJ,6.0,ACT,2000-12-07,73.0,205,Iowa,4,2022,NYG,114.0,4
00-0038124,Christian Watson,WR,GB,9.0,ACT,1999-05-12,76.0,215,North Dakota State,4,2022,GB,34.0,4
00-0038125,Roger McCreary,DB,DET,21.0,ACT,2000-02-10,71.0,188,Auburn,4,2022,TEN,35.0,4
00-0038127,Logan Hall,DL,HOU,96.0,ACT,2000-04-22,78.0,283,Houston,4,2022,TB,33.0,4
00-0038128,Malik Willis,QB,MIA,2.0,ACT,1999-05-25,73.0,225,Liberty; Auburn,4,2022,TEN,86.0,4
00-0038129,Cade Otton,TE,TB,88.0,ACT,1999-04-15,77.0,250,Washington,4,2022,TB,106.0,4
00-0038131,Ed Ingram,OL,HOU,69.0,ACT,1999-02-11,75.0,307,LSU,4,2022,MIN,59.0,4
00-0038133,Boye Mafe,DL,CIN,53.0,ACT,1998-11-30,76.0,265,Minnesota,4,2022,SEA,40.0,4
00-0038134,Kenneth Walker III,RB,KC,9.0,ACT,2000-10-20,69.0,210,Michigan State; Wake Forest,4,2022,SEA,41.0,4
00-0038135,Jaquan Brisker,DB,PIT,3.0,ACT,1999-04-20,73.0,202,Penn State; Lackawanna JC,4,2022,CHI,48.0,4
00-0038136,Coby Bryant,DB,CHI,2.0,RES,1999-03-29,73.0,193,Cincinnati,4,2022,SEA,109.0,4
00-0038142,David Ojabo,DL,NO,50.0,DEV,2000-05-17,76.0,250,Michigan,4,2022,BAL,45.0,4
00-0038144,Adedayo Odeleye,DL,DAL,96.0,DEV,1997-10-17,77.0,283,,4,2022,,,4
00-0038145,Thomas Odukoya,TE,KC,89.0,DEV,1997-05-05,78.0,253,Eastern Michigan,4,2022,,,4
00-0038181,Lucky Jackson,WR,DET,9.0,DEV,1997-07-17,72.0,185,Western Kentucky,6,2023,,,4
00-0038194,Kohl Levao,OL,NYJ,60.0,ACT,1998-02-21,78.0,350,Hawaii; City College (SF),4,2024,,,4
00-0038223,Liam Fornadel,OL,NYJ,50.0,CUT,1999-06-17,76.0,310,James Madison,4,2024,,,1
00-0038304,Barry Wesley,OL,NO,69.0,CUT,1999-07-14,79.0,310,Colorado State,4,2023,,,1
00-0038348,Josh Butler,DB,DAL,31.0,CUT,1996-11-25,72.0,182,Michigan State,3,2023,,,1
00-0038354,Tanner Brown,K,NO,46.0,CUT,1999-12-28,72.0,180,Oklahoma State; UNLV,3,2023,,,1
00-0038359,Xavier Smith,WR,LA,19.0,CUT,1997-09-21,69.0,180,Florida A&M,3,2023,,,4
00-0038360,Alex Ward,LS,LV,47.0,ACT,1999-04-21,76.0,240,UCF,3,2023,,,4
00-0038366,Tanner Ingle,DB,LA,34.0,DEV,1999-10-29,68.0,179,N.C. State,3,2023,,,4
00-0038368,Quindell Johnson,DB,WAS,40.0,CUT,1999-11-05,73.0,205,Memphis,3,2023,,,1
00-0038383,Andrew Vorhees,OL,BAL,72.0,ACT,1999-01-21,78.0,330,USC,3,2023,BAL,229.0,4
00-0038386,Jalen Carter,DL,PHI,98.0,ACT,2001-04-04,75.0,314,Georgia,3,2023,PHI,9.0,4
00-0038387,Colby Wooden,DL,NO,50.0,ACT,2000-12-21,76.0,273,Auburn,3,2023,GB,116.0,4
00-0038388,Darius Rush,DB,PIT,36.0,DEV,2000-02-22,74.0,198,South Carolina,3,2023,IND,138.0,4
00-0038389,Israel Abanikanda,RB,DAL,25.0,DEV,2002-10-05,70.0,215,Pittsburgh,3,2023,NYJ,143.0,4
00-0038390,Noah Sewell,LB,CHI,46.0,RES,2002-04-26,73.0,246,Oregon,3,2023,CHI,148.0,4
00-0038391,Sean Clifford,QB,CIN,4.0,DEV,1998-07-14,74.0,212,Penn State,3,2023,GB,149.0,4
00-0038392,Daniel Scott,DB,IND,32.0,DEV,1998-10-26,73.0,208,California,3,2023,IND,158.0,4
00-0038393,Dontayvion Wicks,WR,PHI,13.0,ACT,2001-06-16,73.0,208,Virginia,3,2023,GB,159.0,4
00-0038394,Will Mallory,TE,IND,86.0,RES,1999-06-22,76.0,239,Miami,3,2023,IND,162.0,4
00-0038395,Terell Smith,DB,WAS,36.0,DEV,1999-07-27,72.0,207,Minnesota,3,2023,CHI,165.0,4
00-0038396,Eric Gray,RB,CLE,41.0,DEV,1999-11-04,70.0,210,Oklahoma; Tennessee,3,2023,NYG,172.0,4
00-0038397,Evan Hull,RB,ARI,26.0,DEV,2000-10-26,70.0,209,Northwestern,3,2023,IND,176.0,4
00-0038398,Karl Brooks,DL,GB,94.0,ACT,2000-05-08,75.0,296,Bowling Green,3,2023,GB,179.0,4
00-0038399,Zaire Barnes,LB,NYG,46.0,ACT,1999-09-03,73.0,232,Western Michigan,3,2023,NYJ,184.0,4
00-0038400,Tanner McKee,QB,PHI,16.0,ACT,2000-04-27,78.0,230,Stanford,3,2023,PHI,188.0,4
00-0038401,Jarrick Bernard-Converse,DB,NYG,35.0,RES,2000-04-29,73.0,205,LSU; Oklahoma State,3,2023,NYJ,204.0,4
00-0038403,Tre Hawkins III,DB,MIN,45.0,CUT,2000-08-01,75.0,195,Old Dominion,3,2023,NYG,209.0,1
00-0038405,Travis Bell,DL,CLE,66.0,CUT,1998-10-27,73.0,305,Kennesaw State,3,2023,CHI,218.0,1
00-0038406,Zack Kuntz,TE,DAL,47.0,CUT,1999-06-09,80.0,251,Old Dominion; Penn State,3,2023,NYJ,220.0,1
00-0038407,Jaylon Jones,DB,TEN,42.0,ACT,2002-04-03,74.0,205,Texas A&M,3,2023,IND,221.0,4
00-0038408,Carrington Valentine,DB,GB,24.0,ACT,2001-09-09,72.0,189,Kentucky,3,2023,GB,232.0,4
00-0038409,Lew Nichols III,RB,PIT,31.0,ACT,2001-08-16,70.0,222,Central Michigan,3,2023,GB,235.0,4
00-0038411,Anthony Johnson,DB,CHI,27.0,DEV,1999-12-02,72.0,207,Iowa State,3,2023,GB,242.0,4
00-0038412,Moro Ojomo,DL,PHI,97.0,ACT,2001-08-15,75.0,292,Texas,3,2023,PHI,249.0,4
00-0038414,Kendall Williamson,DB,LAC,32.0,ACT,2000-08-24,72.0,203,Stanford,3,2023,CHI,258.0,4
00-0038416,Tyson Bagent,QB,CHI,17.0,ACT,2000-06-08,75.0,210,Shepherd,3,2023,,,4
00-0038426,Lorenz Metz,OL,NE,61.0,DEV,1999-03-07,81.0,320,Cincinnati,3,2023,,,4
00-0038428,Andre Szmyt,K,CLE,25.0,ACT,1998-09-26,72.0,199,Syracuse,3,2023,,,4
00-0038429,Liam Anderson,LB,MIA,50.0,DEV,2000-04-30,75.0,230,Holy Cross,3,2023,,,4
00-0038440,Zavier Scott,RB,CHI,30.0,DEV,1999-07-17,73.0,220,Maine,3,2023,,,4
00-0038453,Corey Mayfield Jr.,DB,TEN,13.0,CUT,,,190,,3,2023,,,1
00-0038454,Keaton Mitchell,RB,LAC,34.0,ACT,2002-01-17,68.0,190,East Carolina,3,2023,,,4
00-0038458,Owen Wright,RB,LV,42.0,DEV,1999-02-28,69.0,225,Monmouth; William & Mary,3,2023,,,4
00-0038462,Keshawn Banks,DL,MIN,59.0,DEV,1999-12-21,75.0,251,San Diego State,3,2023,,,4
00-0038463,Brenton Cox Jr.,LB,GB,57.0,ACT,2000-01-30,76.0,250,Florida; Georgia,3,2023,,,4
00-0038475,Alex Cook,DB,LA,39.0,CUT,1999-05-21,73.0,196,Washington,3,2023,,,1
00-0038476,Tommy DeVito,QB,NE,16.0,ACT,1998-08-07,74.0,210,Illinois; Syracuse,3,2023,,,4
00-0038479,Dyontae Johnson,LB,TEN,45.0,CUT,2000-09-28,74.0,230,Toledo,3,2023,,,1
00-0038488,Brady Russell,RB,SEA,38.0,ACT,1998-08-31,75.0,250,Colorado,3,2023,,,4
00-0038489,Ben VanSumeren,RB,KC,47.0,ACT,2000-05-05,74.0,231,Michigan State; Michigan,3,2023,,,4
00-0038492,Jason Brownlee,WR,KC,89.0,CUT,1999-01-30,75.0,202,Southern Mississippi,3,2023,,,1
00-0038493,Claudin Cherelus,LB,CAR,53.0,CUT,1999-02-09,74.0,237,Alcorn State; UMass Amherst,3,2023,,,4
00-0038494,Trey Dean III,DB,GB,35.0,CUT,2000-02-29,74.0,206,Florida,3,2023,,,2
00-0038496,Xavier Gipson,WR,PHI,47.0,DEV,2001-03-08,69.0,180,Stephen F. Austin State,3,2023,,,4
00-0038498,E.J. Jenkins,TE,PHI,84.0,ACT,1998-11-03,78.0,243,Georgia Tech; South Carolina; St. Francis PA,3,2023,,,4
00-0038504,Trenton Simpson,LB,BAL,32.0,ACT,2001-06-14,74.0,242,Clemson,3,2023,BAL,86.0,4
00-0038505,Tavius Robinson,LB,BAL,95.0,ACT,1999-01-03,78.0,265,Mississippi,3,2023,BAL,124.0,4
00-0038506,Jordon Riley,DL,GB,97.0,RES,1998-05-19,77.0,338,Oregon; Nebraska; Garden City CC; North Carolina,3,2023,NYG,243.0,4
00-0038509,Jerome Carvin,OL,JAX,79.0,CUT,2000-09-20,77.0,321,Tennessee,3,2023,,,1
00-0038513,Cam Jones,LB,KC,45.0,DEV,1999-10-21,74.0,228,Indiana,3,2023,,,4
00-0038514,Truman Jones,DL,TEN,56.0,ACT,2000-05-13,75.0,255,Harvard,3,2023,,,4
00-0038519,Nikko Remigio,WR,KC,81.0,ACT,1999-11-04,69.0,185,Fresno State,3,2023,,,4
00-0038521,Reese Taylor,DB,MIA,35.0,ACT,1999-08-27,71.0,190,Purdue,3,2023,,,4
00-0038523,Kahlef Hailassie,DB,GB,25.0,DEV,2000-11-09,73.0,200,Western Kentucky; Oregon,3,2023,,,4
00-0038535,DJ Johnson,LB,WAS,53.0,CUT,1998-10-29,76.0,260,Oregon; Miami,3,2023,CAR,80.0,2
00-0038536,Chandler Zavala,OL,CAR,62.0,CUT,1999-04-02,77.0,330,N.C. State; Fairmont State,3,2023,CAR,114.0,4
00-0038540,Paris Johnson Jr.,OL,ARI,70.0,ACT,2001-07-03,78.0,325,Ohio State,3,2023,AZ,6.0,4
00-0038541,Tyree Wilson,LB,NO,98.0,ACT,2000-05-20,77.0,263,Texas Tech,3,2023,LV,7.0,4
00-0038542,Bijan Robinson,RB,ATL,7.0,ACT,2002-01-30,71.0,214,Texas,3,2023,ATL,8.0,4
00-0038543,Jaxon Smith-Njigba,WR,SEA,11.0,ACT,2002-02-14,72.0,198,Ohio State,3,2023,SEA,20.0,4
00-0038544,Quentin Johnston,WR,LAC,1.0,ACT,2001-09-06,74.0,208,TCU,3,2023,LAC,21.0,4
00-0038545,Mazi Smith,DL,MIA,91.0,ACT,2001-06-16,75.0,337,Michigan,3,2023,DAL,26.0,4
00-0038546,Myles Murphy,DL,CIN,99.0,ACT,2002-01-03,77.0,275,Clemson,3,2023,CIN,28.0,4
00-0038547,Luke Schoonmaker,TE,DAL,86.0,ACT,1998-09-28,77.0,250,Michigan,3,2023,DAL,58.0,4
00-0038548,O'Cyrus Torrence,OL,BUF,64.0,ACT,2000-01-20,77.0,330,Florida; Louisiana-Lafayette,3,2023,BUF,59.0,4
00-0038549,DJ Turner II,DB,CIN,0.0,ACT,2000-11-09,71.0,185,Michigan,3,2023,CIN,60.0,4
00-0038550,Hendon Hooker,QB,TEN,16.0,DEV,1998-01-13,75.0,218,Tennessee; Virginia Tech,3,2023,DET,68.0,4
00-0038551,Kendre Miller,RB,NO,5.0,ACT,2002-06-11,72.0,220,TCU,3,2023,NO,71.0,4
00-0038552,Riley Moss,DB,DEN,21.0,ACT,2000-03-03,72.0,193,Iowa,3,2023,DEN,83.0,4
00-0038553,Daiyan Henley,LB,LAC,0.0,ACT,1999-11-18,73.0,225,Washington State; Nevada,3,2023,LAC,85.0,4
00-0038554,Ji'Ayir Brown,DB,SF,27.0,ACT,2000-01-25,71.0,202,Penn State; Lackawanna JC,3,2023,SF,87.0,4
00-0038555,Tank Bigsby,RB,PHI,8.0,ACT,2002-08-30,71.0,213,Auburn,3,2023,JAX,88.0,4
00-0038556,DeMarvion Overshown,LB,DAL,0.0,ACT,2000-08-13,75.0,235,Texas,3,2023,DAL,90.0,4
00-0038557,Dorian Williams,LB,BUF,42.0,ACT,2001-06-28,73.0,230,Tulane,3,2023,BUF,91.0,4
00-0038558,Darnell Washington,TE,PIT,80.0,ACT,2001-08-17,79.0,265,Georgia,3,2023,PIT,93.0,4
00-0038559,Michael Wilson,WR,ARI,14.0,ACT,2000-02-23,74.0,213,Stanford,3,2023,AZ,94.0,4
00-0038560,Jordan Battle,DB,CIN,27.0,ACT,2000-12-14,73.0,215,Alabama,3,2023,CIN,95.0,4
00-0038562,Jake Moody,K,BAL,16.0,CUT,1999-11-23,73.0,210,Michigan,3,2023,SF,99.0,2
00-0038563,Tre Tucker,WR,LV,1.0,ACT,2001-03-08,68.0,185,Cincinnati,3,2023,LV,100.0,4
00-0038564,Cameron Latu,TE,NE,36.0,ACT,2000-02-24,77.0,244,Alabama,3,2023,SF,101.0,4
00-0038565,Mekhi Blackmon,DB,CLE,29.0,ACT,1999-03-18,71.0,175,USC; Colorado,3,2023,MIN,102.0,4
00-0038566,Nick Saldiveri,OL,NO,64.0,RES,2000-08-14,78.0,316,Old Dominion,3,2023,NO,103.0,4
00-0038567,Chad Ryland,K,ARI,38.0,ACT,1999-10-15,72.0,195,Maryland; Eastern Michigan,3,2023,NE,112.0,4
00-0038568,Clark Phillips III,DB,CHI,20.0,ACT,2001-12-19,70.0,183,Utah,3,2023,ATL,113.0,4
00-0038570,Ventrell Miller,LB,JAX,51.0,ACT,1999-01-15,72.0,230,Florida,3,2023,JAX,121.0,4
00-0038571,Jon Gaines II,OL,ARI,71.0,ACT,1999-05-24,76.0,320,UCLA,3,2023,AZ,122.0,4
00-0038573,Derius Davis,WR,LAC,12.0,ACT,2000-09-11,68.0,165,TCU,3,2023,LAC,125.0,4
00-0038574,Isaiah McGuire,DL,CLE,57.0,ACT,2001-07-27,76.0,266,Missouri,3,2023,CLE,126.0,4
00-0038575,Viliami Fehoko Jr.,DL,SF,63.0,CUT,1999-12-16,76.0,263,San Jose State,3,2023,DAL,129.0,4
00-0038576,Charlie Jones,WR,NYG,89.0,ACT,1998-10-29,72.0,188,Purdue; Iowa,3,2023,CIN,131.0,4
00-0038577,Nick Herbig,LB,PIT,51.0,ACT,2001-11-21,74.0,240,Wisconsin,3,2023,PIT,132.0,4
00-0038578,Jay Ward,DB,MIN,24.0,ACT,2000-07-13,73.0,188,LSU,3,2023,MIN,134.0,4
00-0038579,Aidan O'Connell,QB,LV,12.0,ACT,1998-09-01,75.0,206,Purdue,3,2023,LV,135.0,4
00-0038580,Yasir Abdullah,LB,ATL,22.0,ACT,2000-04-12,73.0,234,Louisville,3,2023,JAX,136.0,4
00-0038585,Cameron Mitchell,DB,IND,43.0,RES,2001-09-08,71.0,191,Northwestern,3,2023,CLE,142.0,4
00-0038586,Atonio Mafi,OL,TEN,70.0,ACT,2000-10-20,75.0,330,UCLA,3,2023,NE,144.0,4
00-0038587,Jammie Robinson,DB,ATL,34.0,DEV,2001-01-24,71.0,195,Florida State,3,2023,CAR,145.0,4
00-0038588,Jordan Howden,DB,NO,31.0,ACT,2000-05-14,72.0,210,Minnesota,3,2023,NO,146.0,4
00-0038589,Josh Whyle,TE,GB,81.0,ACT,1999-09-08,79.0,250,Cincinnati,3,2023,TEN,147.0,4
00-0038590,Justin Shorter,WR,LV,88.0,CUT,2000-04-17,76.0,228,Florida; Penn State,3,2023,BUF,150.0,4
00-0038591,Mike Morris,DL,SEA,94.0,ACT,2001-04-22,78.0,306,Michigan,3,2023,SEA,151.0,4
00-0038592,Colby Sorsdal,OL,ATL,74.0,DEV,2000-03-01,78.0,305,William & Mary,3,2023,DET,152.0,4
00-0038593,Olu Oluwatimi,OL,SEA,55.0,ACT,1999-08-05,75.0,307,Michigan; Virginia,3,2023,SEA,154.0,4
00-0038594,Darrell Luter Jr.,DB,LV,25.0,ACT,2000-04-24,72.0,190,South Alabama,3,2023,SF,155.0,4
00-0038595,Jordan McFadden,OL,CHI,74.0,ACT,1999-11-16,74.0,306,Clemson,3,2023,LAC,156.0,4
00-0038596,Antonio Johnson,DB,JAX,6.0,ACT,2001-10-29,74.0,195,Texas A&M,3,2023,JAX,160.0,4
00-0038597,Chase Brown,RB,CIN,30.0,ACT,2000-03-21,70.0,210,Illinois; Western Michigan,3,2023,CIN,163.0,4
00-0038599,Henry To'oTo'o,LB,HOU,39.0,RES,2001-01-05,74.0,228,Alabama; Tennessee,3,2023,HOU,167.0,4
00-0038600,Owen Pappoe,LB,TEN,40.0,DEV,2000-09-29,72.0,230,Auburn,3,2023,AZ,168.0,4
00-0038601,Asim Richards,OL,NO,72.0,ACT,2000-10-02,76.0,307,North Carolina,3,2023,DAL,169.0,4
00-0038603,Rob Beal Jr.,DL,MIA,51.0,ACT,1999-08-18,76.0,264,Georgia,3,2023,SF,173.0,4
00-0038604,Eric Scott Jr.,DB,DET,5.0,CUT,1999-08-07,74.0,202,Southern Mississippi,3,2023,DAL,178.0,1
00-0038605,JL Skinner,DB,DEN,34.0,ACT,2001-04-16,76.0,220,Boise State,3,2023,DEN,183.0,4
00-0038606,Parker Washington,WR,JAX,11.0,ACT,2002-03-21,70.0,204,Penn State,3,2023,JAX,185.0,4
00-0038608,Kayshon Boutte,WR,HOU,14.0,ACT,2002-05-07,71.0,205,LSU,3,2023,NE,187.0,4
00-0038609,Luke Wypler,OL,CLE,56.0,ACT,2001-05-03,75.0,300,Ohio State,3,2023,CLE,190.0,4
00-0038610,Bryce Baringer,P,NE,17.0,RES,1999-04-26,74.0,215,Michigan State; Illinois,3,2023,NE,192.0,4
00-0038611,Chris Rodriguez Jr.,RB,JAX,24.0,ACT,1999-09-26,71.0,224,Kentucky,3,2023,WAS,193.0,4
00-0038613,Jerrick Reed II,DB,ARI,33.0,DEV,2000-08-07,69.0,192,New Mexico; Northwest Mississippi CC,3,2023,SEA,198.0,4
00-0038614,Scott Matlock,RB,LAC,44.0,RES,2000-06-28,76.0,296,Boise State,3,2023,LAC,200.0,4
00-0038615,Jarrett Patterson,OL,SF,58.0,ACT,1999-09-01,76.0,310,Notre Dame,3,2023,HOU,201.0,4
00-0038616,Christian Braswell,DB,JAX,21.0,ACT,1999-09-27,71.0,185,Rutgers; Temple,3,2023,JAX,202.0,4
00-0038617,Amari Burney,LB,JAX,49.0,CUT,2000-06-19,74.0,228,Florida,3,2023,LV,203.0,1
00-0038618,Xavier Hutchinson,WR,HOU,19.0,ACT,2000-06-01,75.0,210,Iowa State,3,2023,HOU,205.0,4
00-0038619,Andrei Iosivas,WR,CIN,80.0,RES,1999-10-15,75.0,210,Princeton,3,2023,CIN,206.0,4
00-0038620,Erick Hallett,DB,TEN,41.0,ACT,2000-04-24,71.0,200,Pittsburgh,3,2023,JAX,208.0,4
00-0038621,DeMario Douglas,WR,NE,3.0,ACT,2000-12-08,68.0,185,Liberty,3,2023,NE,210.0,4
00-0038622,Deuce Vaughn,RB,HOU,31.0,CUT,2001-11-02,65.0,176,Kansas State,3,2023,DAL,212.0,1
00-0038623,Dante Stills,DL,ARI,55.0,ACT,1999-12-14,76.0,300,West Virginia,3,2023,AZ,213.0,4
00-0038624,Ameer Speed,DB,DAL,23.0,ACT,1999-10-11,75.0,215,Michigan State; Georgia,3,2023,NE,214.0,4
00-0038625,Dee Winters,LB,DAL,53.0,ACT,2000-10-17,71.0,230,TCU,3,2023,SF,216.0,4
00-0038628,DeMarcco Hellams,DB,ATL,23.0,ACT,2000-06-05,73.0,203,Alabama,3,2023,ATL,224.0,4
00-0038629,Jovaughn Gwyn,OL,BAL,54.0,RES,1999-03-18,74.0,310,South Carolina,3,2023,ATL,225.0,4
00-0038633,Nick Broeker,OL,TEN,65.0,DEV,2000-10-07,76.0,305,Mississippi,3,2023,BUF,230.0,4
00-0038635,Andre Jones Jr.,LB,MIA,58.0,ACT,1998-10-25,77.0,258,Louisiana-Lafayette,3,2023,WAS,233.0,4
00-0038638,Derek Parish,DL,HOU,78.0,CUT,1999-01-04,74.0,245,Houston,3,2023,JAX,240.0,1
00-0038640,Jalen Brooks,WR,ARI,86.0,ACT,2000-05-07,74.0,205,South Carolina; Tarleton State; Wingate,3,2023,DAL,244.0,4
00-0038641,Isaiah Bolden,DB,PHI,49.0,CUT,1999-12-16,74.0,205,Jackson State University,3,2023,NE,245.0,1
00-0038642,D.J. Ivey,DB,CIN,38.0,ACT,2000-02-25,73.0,195,Miami,3,2023,CIN,246.0,4
00-0038643,Brayden Willis,TE,SF,9.0,ACT,1999-11-11,76.0,240,Oklahoma,3,2023,SF,247.0,4
00-0038644,Brandon Hill,DB,PIT,30.0,CUT,2000-09-06,71.0,195,Pittsburgh,3,2023,HOU,248.0,1
00-0038645,Spencer Anderson,OL,PIT,74.0,ACT,2000-06-07,77.0,305,Maryland,3,2023,PIT,251.0,4
00-0038646,Alex Austin,DB,DAL,26.0,DEV,2001-05-22,73.0,191,Oregon State,3,2023,BUF,252.0,4
00-0038647,Ronnie Bell,WR,LV,11.0,DEV,2000-01-28,72.0,190,Michigan,3,2023,SF,253.0,3
00-0038648,Jalen Graham,LB,SF,41.0,DEV,2001-01-11,75.0,220,Purdue,3,2023,SF,255.0,4
00-0038649,Alex Forsyth,OL,DEN,54.0,ACT,1999-02-13,76.0,312,Oregon,3,2023,DEN,257.0,4
00-0038653,Cory Durden,DL,NE,94.0,ACT,1999-01-26,76.0,305,N.C. State; Florida State,3,2023,,,4
00-0038655,Steven Gilmore,DB,LA,13.0,CUT,1999-09-17,72.0,170,Marshall,3,2023,,,1
00-0038658,Adrian Martinez,QB,SF,4.0,CUT,2000-01-07,74.0,225,Kansas State; Nebraska,3,2023,,,1
00-0038660,Trevor Nowaske,LB,DET,53.0,ACT,1998-11-07,75.0,235,Saginaw Valley State,3,2023,,,4
00-0038661,Chris Smith,DL,DET,90.0,DEV,1999-12-15,73.0,320,Notre Dame; Harvard,3,2023,,,4
00-0038663,Starling Thomas V,DB,ARI,24.0,ACT,2000-01-25,70.0,194,UAB,3,2023,,,4
00-0038667,Elijah Cooks,WR,CAR,80.0,CUT,1998-10-13,76.0,210,San Jose State; Nevada,3,2023,,,1
00-0038678,Jordan Mims,RB,PHI,41.0,CUT,1999-06-16,72.0,205,Fresno State,3,2023,,,1
00-0038679,Tyrell Shavers,WR,BUF,14.0,RES,1999-08-18,76.0,210,San Diego State; Mississippi State; Alabama,3,2023,,,4
00-0038684,Ethan Bonner,DB,MIA,27.0,DEV,1999-10-23,73.0,190,Stanford,3,2023,,,4
00-0038685,Chris Brooks,RB,GB,30.0,ACT,2000-01-11,73.0,219,BYU; California,3,2023,,,4
00-0038693,Garrett Nelson,LB,NO,59.0,CUT,2000-03-01,76.0,245,Nebraska,3,2023,,,1
00-0038694,Brandon Pili,DL,SEA,95.0,ACT,1999-04-02,75.0,334,USC,3,2023,,,4
00-0038696,Keidron Smith,DB,CHI,33.0,DEV,1999-11-01,74.0,204,Kentucky,3,2023,,,4
00-0038703,Kendell Brooks,DB,TEN,30.0,RES,2000-03-03,72.0,206,Michigan State; North Greenville College,3,2023,,,4
00-0038705,Emari Demercado,RB,DAL,31.0,ACT,1999-01-20,69.0,215,TCU,3,2023,,,4
00-0038710,Blake Whiteheart,TE,CLE,86.0,ACT,2000-03-22,76.0,250,Wake Forest,3,2023,,,4
00-0038711,Mohamoud Diabate,LB,TEN,44.0,DEV,2001-05-18,76.0,235,Utah,3,2023,,,4
00-0038715,Ronnie Hickman Jr.,DB,CLE,33.0,ACT,2001-10-11,73.0,209,Ohio State,3,2023,,,4
00-0038716,Jeremiah Martin,DL,CHI,69.0,CUT,2000-06-10,76.0,267,Washington; Texas A&M,3,2023,,,1
00-0038717,Tanner McCalister,DB,KC,34.0,CUT,2000-01-27,71.0,191,Ohio State; Oklahoma State,3,2023,,,2
00-0038720,Julian Hill,TE,NE,89.0,RES,2000-07-09,76.0,250,Campbell University,3,2023,,,4
00-0038724,Ali Gaye,DL,HOU,95.0,RES,1997-11-29,78.0,262,LSU; Garden City CC; Arizona Western,3,2023,,,4
00-0038728,Jared Wayne,WR,HOU,17.0,ACT,2000-10-07,75.0,210,Pittsburgh,3,2023,,,4
00-0038729,Kilian Zierer,OL,JAX,78.0,DEV,2000-02-24,79.0,312,Auburn,3,2023,,,4
00-0038731,TJ Bass,OL,DAL,66.0,ACT,1999-03-31,77.0,320,Oregon; Butte College,3,2023,,,4
00-0038735,Princeton Fant,TE,DAL,85.0,RES,1999-03-11,74.0,245,Tennessee,3,2023,,,4
00-0038737,Isaiah Land,LB,DAL,58.0,DEV,2000-02-05,76.0,245,Florida A&M,3,2023,,,4
00-0038738,Hunter Luepke,RB,DAL,30.0,ACT,2000-02-28,73.0,250,North Dakota State,3,2023,,,4
00-0038740,Jalen Cropper,WR,NO,85.0,DEV,2001-05-03,72.0,172,Fresno State,3,2023,,,4
00-0038742,Tyrus Wheat,LB,DAL,59.0,ACT,1999-12-08,74.0,260,Mississippi State,3,2023,,,4
00-0038748,B.T. Potter,K,TB,33.0,CUT,,,200,,3,2023,,,1
00-0038752,Jake Bobo,WR,SEA,19.0,RES,1998-08-04,76.0,211,UCLA; Duke,3,2023,,,4
00-0038764,Patrick O'Connell,LB,SEA,52.0,ACT,1998-12-31,73.0,230,Montana,3,2023,,,4
00-0038765,Ty Okada,DB,SEA,39.0,ACT,1999-06-04,71.0,200,Montana State,3,2023,,,4
00-0038769,Chris Stoll,LS,SEA,41.0,ACT,1998-08-03,74.0,255,Penn State,3,2023,,,4
00-0038776,Ricky Lee,OL,JAX,66.0,CUT,1999-11-16,77.0,305,North Carolina A&T,3,2023,,,1
00-0038778,Jalen Redmond,DL,MIN,61.0,ACT,1999-03-12,75.0,305,Oklahoma,3,2023,,,4
00-0038781,Rejzohn Wright,DB,NO,25.0,RES,2000-09-04,74.0,193,Oregon State,3,2023,,,4
00-0038782,Eku Leota,LB,ARI,54.0,ACT,1999-05-11,76.0,257,Auburn,3,2023,,,4
00-0038783,Nate Adkins,TE,DEN,45.0,ACT,1999-07-09,75.0,252,South Carolina,3,2023,,,4
00-0038785,Henry Byrd,OL,MIN,68.0,DEV,1999-07-01,77.0,314,Princeton,3,2023,,,4
00-0038788,Art Green,DB,ARI,23.0,DEV,2000-04-29,74.0,200,Houston,3,2023,,,4
00-0038791,Thomas Incoom,LB,CAR,48.0,ACT,1999-02-01,74.0,248,Central Michigan; Valdosta State,3,2023,,,4
00-0038792,Demontrey Jacobs,OL,ARI,67.0,DEV,1998-11-22,78.0,325,South Florida Community College; Grambling State,3,2023,,,4
00-0038794,Jaleel McLaughlin,RB,CLE,38.0,ACT,2000-09-13,69.0,187,Youngstown State,3,2023,,,4
00-0038795,PJ Mustipher,DL,NYG,90.0,DEV,1998-11-10,76.0,318,Penn State,3,2023,,,4
00-0038796,Alex Palczewski,OL,DEN,63.0,ACT,1999-08-03,78.0,315,Illinois,3,2023,,,4
00-0038797,Emanuel Wilson,RB,SEA,23.0,ACT,1999-05-08,70.0,226,Fort Valley State College,3,2023,,,4
00-0038801,Andre Carter II,LB,LAC,51.0,DEV,2000-03-28,78.0,256,Army,3,2023,,,4
00-0038807,Ivan Pace Jr.,LB,MIN,0.0,ACT,2000-12-16,70.0,235,Cincinnati; Miami (Ohio),3,2023,,,4
00-0038809,Ben Sims,TE,MIA,89.0,CUT,2000-05-16,77.0,251,Baylor,3,2023,,,1
00-0038817,Evan Deckers,LS,TB,86.0,ACT,1999-02-23,75.0,252,Duke,3,2023,,,4
00-0038818,Luke Haggard,OL,TB,72.0,ACT,2000-01-03,79.0,305,Indiana,3,2023,,,4
00-0038820,Christian Izien,DB,DET,5.0,ACT,2000-06-08,70.0,206,Rutgers,3,2023,,,4
00-0038823,Kaevon Merriweather,DB,JAX,26.0,DEV,1999-12-20,72.0,207,Iowa,3,2023,,,4
00-0038824,Ryan Miller,WR,MIA,84.0,ACT,2000-02-20,74.0,221,Furman,3,2023,,,4
00-0038839,Mitchell Tinsley,WR,CIN,84.0,ACT,1999-09-15,73.0,205,Penn State; Western Kentucky,3,2023,,,4
00-0038840,Brycen Tremayne,WR,CAR,87.0,ACT,1999-11-18,76.0,212,Stanford,3,2023,,,4
00-0038841,Nick Whiteside,DB,DET,38.0,DEV,2000-05-01,73.0,200,Saginaw Valley State,3,2023,,,4
00-0038848,Anthony Kendall,DB,BUF,30.0,DEV,1999-12-17,70.0,188,Baldwin Wallace College,3,2023,,,4
00-0038851,Caleb Murphy,LB,LAC,50.0,ACT,1999-12-15,75.0,254,Ferris State; Grand Valley,3,2023,,,4
00-0038852,John Ojukwu,OL,PHI,67.0,DEV,1999-01-09,77.0,310,Boise State,3,2023,,,4
00-0038853,Otis Reese,LB,BUF,50.0,CUT,1998-07-02,75.0,225,Mississippi,3,2023,,,1
00-0038865,Andrew Farmer II,LB,SF,50.0,RES,2000-04-19,76.0,250,Lane College,3,2023,,,4
00-0038866,AJ Finley,DB,SEA,30.0,ACT,2001-09-14,74.0,205,Mississippi,3,2023,,,4
00-0038877,D'Shawn Jamison,DB,ARI,27.0,DEV,1999-06-04,70.0,186,Texas,3,2023,,,4
00-0038883,Isaiah Winstead,WR,PIT,27.0,CUT,1999-08-09,76.0,213,East Carolina; Toledo; Norfolk State,3,2023,,,1
00-0038890,Shaka Heyward,LB,MIA,45.0,ACT,2000-04-19,75.0,238,Duke,3,2023,,,4
00-0038891,Shedrick Jackson,WR,BAL,4.0,CUT,1999-10-20,73.0,202,Auburn,3,2023,,,4
00-0038893,Devonnsha Maxwell,DL,ATL,73.0,CUT,1999-05-05,74.0,296,Tennessee-Chattanooga,3,2023,,,1
00-0038896,Jacob Saylors,RB,DET,25.0,ACT,2000-03-08,71.0,195,East Tennessee State,3,2023,,,4
00-0038905,Blake Grupe,K,NYJ,39.0,DEV,1998-11-05,67.0,156,Notre Dame; Arkansas State,3,2023,,,4
00-0038908,Anfernee Orji,LB,PHI,59.0,DEV,2000-10-06,74.0,230,Vanderbilt,3,2023,,,4
00-0038911,Malik Cunningham,WR,DET,15.0,CUT,1998-10-06,73.0,190,Louisville,3,2023,,,1
00-0038922,Drake Thomas,LB,SEA,32.0,ACT,2000-02-25,71.0,228,N.C. State,3,2023,,,4
00-0038923,Dalton Wagner,OL,LV,78.0,CUT,1998-10-05,80.0,331,Arkansas,3,2023,,,1
00-0038930,Carlos Washington,RB,MIA,26.0,ACT,1998-12-26,71.0,210,Southeastern Louisiana,3,2023,,,4
00-0038932,Darnell Wright,OL,CHI,58.0,ACT,2001-08-10,77.0,325,Tennessee,3,2023,CHI,10.0,4
00-0038933,Dalton Kincaid,TE,BUF,86.0,ACT,1999-10-18,75.0,246,Utah; Univ of California-San Diego,3,2023,BUF,25.0,4
00-0038934,Anton Harrison,OL,JAX,77.0,ACT,2002-02-02,77.0,315,Oklahoma,3,2023,JAX,27.0,4
00-0038935,Brenton Strange,TE,JAX,85.0,ACT,2000-12-27,76.0,253,Penn State,3,2023,JAX,61.0,4
00-0038936,Juice Scruggs,OL,DET,70.0,ACT,2000-01-19,75.0,320,Penn State,3,2023,HOU,62.0,4
00-0038937,Zacch Pickens,DL,ATL,93.0,DEV,2000-03-06,76.0,305,South Carolina,3,2023,CHI,64.0,4
00-0038938,Jalin Hyatt,WR,NYG,81.0,DEV,2001-09-25,72.0,185,Tennessee,3,2023,NYG,73.0,4
00-0038939,Brodric Martin,DL,ARI,98.0,CUT,1999-05-24,77.0,330,Western Kentucky,3,2023,DET,96.0,1
00-0038940,Tyler Lacy,DL,DET,93.0,ACT,1999-11-10,76.0,300,Oklahoma State,3,2023,JAX,130.0,4
00-0038941,Tyler Scott,WR,LV,82.0,DEV,2001-10-12,70.0,185,Cincinnati,3,2023,CHI,133.0,4
00-0038951,Sean Tucker,RB,TB,44.0,ACT,2001-10-25,70.0,205,Syracuse,3,2023,,,4
00-0038953,Dylan Drummond,WR,ATL,80.0,DEV,2000-01-17,72.0,190,Eastern Michigan,3,2023,,,4
00-0038956,Ekow Boye-Doe,DB,DET,43.0,CUT,1999-11-04,72.0,171,Kansas State,3,2023,,,1
00-0038958,Markees Watts,LB,CLE,61.0,RET,1999-12-07,73.0,240,Charlotte,3,2023,,,4
00-0038966,Natrone Brooks,DB,MIN,28.0,DEV,1999-12-17,71.0,176,Southern Mississippi,3,2023,,,4
00-0038976,Marvin Mims Jr.,WR,DEN,19.0,ACT,2002-03-19,71.0,182,Oklahoma,3,2023,DEN,63.0,4
00-0038977,Tank Dell,WR,HOU,1.0,RES,1999-10-29,70.0,165,Houston; Independence Comm. College; Alabama A&M,3,2023,HOU,69.0,4
00-0038978,Byron Young,DL,PHI,94.0,ACT,2000-11-10,75.0,292,Alabama,3,2023,LV,70.0,4
00-0038979,Cedric Tillman,WR,NO,13.0,DEV,2000-04-19,75.0,215,Tennessee,3,2023,CLE,74.0,4
00-0038980,Zach Harrison,DL,ATL,96.0,ACT,2001-08-14,77.0,272,Ohio State,3,2023,ATL,75.0,4
00-0038981,Wanya Morris,OL,DAL,64.0,DEV,2000-10-10,78.0,310,Oklahoma; Tennessee,3,2023,KC,92.0,4
00-0038982,Chamarri Conner,DB,KC,27.0,ACT,2000-07-11,72.0,202,Virginia Tech,3,2023,KC,119.0,4
00-0038984,Kei'Trel Clark,DB,ARI,13.0,ACT,2001-03-19,70.0,181,Louisville,3,2023,AZ,180.0,4
00-0038986,Nic Jones,DB,NYG,31.0,ACT,2001-10-15,72.0,189,Ball State,3,2023,KC,250.0,4
00-0038994,Jordan Addison,WR,MIN,3.0,ACT,2002-01-27,71.0,179,USC; Pittsburgh,3,2023,MIN,23.0,4
00-0038995,Bryan Bresee,DL,NO,90.0,RES,2001-10-06,77.0,305,Clemson,3,2023,NO,29.0,4
00-0038996,Tucker Kraft,TE,GB,85.0,ACT,2000-11-03,77.0,259,South Dakota State,3,2023,GB,78.0,4
00-0038997,Josh Downs,WR,IND,2.0,ACT,2001-08-12,69.0,171,North Carolina,3,2023,IND,79.0,4
00-0038998,Jake Haener,QB,NYG,18.0,ACT,1999-03-10,73.0,200,Fresno State; Washington,3,2023,NO,127.0,4
00-0039000,Deonte Banks,DB,NYG,2.0,ACT,2001-04-03,74.0,200,Maryland,3,2023,NYG,24.0,4
00-0039001,Tyler Steen,OL,PHI,56.0,ACT,2000-06-24,78.0,321,Alabama; Vanderbilt,3,2023,PHI,65.0,4
00-0039002,Sydney Brown,DB,ATL,29.0,ACT,2000-03-21,70.0,211,Illinois,3,2023,PHI,66.0,4
00-0039003,Drew Sanders,LB,DEN,41.0,CUT,2000-12-31,77.0,233,Arkansas; Alabama,3,2023,DEN,67.0,1
00-0039004,Carter Warren,OL,MIA,77.0,RES,1999-01-19,77.0,325,Pittsburgh,3,2023,NYJ,120.0,1
00-0039006,Felix Anudike-Uzomah,DL,KC,91.0,ACT,2002-01-24,76.0,255,Kansas State,3,2023,KC,31.0,4
00-0039007,Garrett Williams,DB,ARI,21.0,ACT,2001-06-01,70.0,192,Syracuse,3,2023,AZ,72.0,4
00-0039009,Dylan Horton,DL,HOU,92.0,RES,2000-08-21,76.0,275,TCU,3,2023,HOU,109.0,4
00-0039010,Braeden Daniels,OL,LV,79.0,CUT,2000-08-22,76.0,297,Utah,3,2023,WAS,118.0,1
00-0039013,Nolan Smith,LB,PHI,3.0,ACT,2001-01-18,74.0,235,Georgia,3,2023,PHI,30.0,4
00-0039014,Dawand Jones,OL,CLE,79.0,ACT,2001-08-06,80.0,374,Ohio State,3,2023,CLE,111.0,4
00-0039018,Jack Campbell,LB,DET,46.0,ACT,2000-08-22,77.0,243,Iowa,3,2023,DET,18.0,4
00-0039019,John Michael Schmitz,OL,NYG,61.0,ACT,1999-04-19,76.0,320,Minnesota,3,2023,NYG,57.0,4
00-0039020,Anthony Bradford,OL,SEA,75.0,RES,2001-04-28,76.0,335,LSU,3,2023,SEA,108.0,4
00-0039021,Roschon Johnson,RB,CHI,23.0,ACT,2001-01-31,72.0,227,Texas,3,2023,CHI,115.0,4
00-0039023,Joel Wilson,TE,TEN,83.0,DEV,2000-06-21,76.0,245,Central Michigan,3,2023,,,4
00-0039030,Jake Andrews,OL,HOU,60.0,ACT,1999-11-11,75.0,308,Troy,3,2023,NE,107.0,4
00-0039031,Adetomiwa Adebawore,DL,IND,95.0,ACT,2001-03-04,74.0,280,Northwestern,3,2023,IND,110.0,4
00-0039032,Tyjae Spears,RB,TEN,2.0,ACT,2001-06-15,71.0,200,Tulane,3,2023,TEN,81.0,4
00-0039034,Peter Skoronski,OL,TEN,77.0,ACT,2001-07-31,76.0,330,Northwestern,3,2023,TEN,11.0,4
00-0039040,De'Von Achane,RB,MIA,28.0,RES,2001-10-13,69.0,195,Texas A&M,3,2023,MIA,84.0,4
00-0039041,Elijah Higgins,TE,ARI,84.0,ACT,2000-10-27,75.0,245,Stanford,3,2023,MIA,197.0,4
00-0039042,Ryan Hayes,OL,CAR,66.0,RES,2000-02-28,78.0,305,Michigan,3,2023,MIA,238.0,1
00-0039047,Derick Hall,LB,SEA,58.0,ACT,2001-03-19,75.0,260,Auburn,3,2023,SEA,37.0,4
00-0039048,Matthew Bergeron,OL,ATL,65.0,ACT,2000-02-26,77.0,315,Syracuse,3,2023,ATL,38.0,4
00-0039049,SirVocea Dennis,LB,TB,8.0,ACT,2000-03-09,72.0,230,Pittsburgh,3,2023,TB,153.0,4
00-0039050,Payne Durham,TE,TB,87.0,ACT,2000-06-15,77.0,255,Purdue,3,2023,TB,171.0,4
00-0039051,Josh Hayes,DB,TB,32.0,RES,1999-04-24,72.0,189,Kansas State; Virginia; North Dakota State,3,2023,TB,181.0,4
00-0039052,Trey Palmer,WR,NO,16.0,DEV,2001-04-02,73.0,190,Nebraska; LSU,3,2023,TB,191.0,4
00-0039053,Jose Ramirez,LB,NE,43.0,ACT,1999-05-09,74.0,252,Eastern Michigan,3,2023,TB,196.0,4
00-0039054,Marte Mapu,LB,HOU,14.0,CUT,1999-11-08,75.0,216,Sacramento State,3,2023,NE,76.0,1
00-0039058,Steve Avila,OL,LA,73.0,ACT,1999-10-16,75.0,330,TCU,3,2023,LAR,36.0,4
00-0039059,Ethan Evans,P,LA,42.0,ACT,2001-07-19,75.0,253,Wingate,3,2023,LAR,223.0,4
00-0039060,Jason Taylor II,DB,DET,34.0,CUT,1999-12-30,72.0,215,Oklahoma State,3,2023,LAR,234.0,1
00-0039061,Desjuan Johnson,LB,LA,94.0,ACT,1999-09-02,75.0,275,Toledo,3,2023,LAR,259.0,4
00-0039062,Jonathan Mingo,WR,DAL,18.0,ACT,2001-04-20,74.0,225,Mississippi,3,2023,CAR,39.0,4
00-0039063,Calijah Kancey,DL,TB,94.0,ACT,2001-03-01,72.0,280,Pittsburgh,3,2023,TB,19.0,4
00-0039064,Zay Flowers,WR,BAL,4.0,ACT,2000-09-11,69.0,183,Boston College,3,2023,BAL,22.0,4
00-0039065,Sam LaPorta,TE,DET,87.0,ACT,2001-01-12,75.0,245,Iowa,3,2023,DET,34.0,4
00-0039066,Michael Mayer,TE,LV,87.0,ACT,2001-07-06,76.0,256,Notre Dame,3,2023,LV,35.0,4
00-0039067,Rashee Rice,WR,KC,4.0,ACT,2000-04-22,73.0,203,SMU,3,2023,KC,55.0,4
00-0039068,Yaya Diaby,LB,TB,0.0,ACT,1999-05-30,75.0,270,Louisville,3,2023,TB,82.0,4
00-0039070,Gervon Dexter Sr.,DL,ATL,95.0,ACT,2000-10-05,78.0,326,Florida,3,2023,CHI,53.0,4
00-0039071,Tyrique Stevenson,DB,CHI,29.0,ACT,2000-05-26,72.0,214,Miami; Georgia,3,2023,CHI,56.0,4
00-0039072,Jakorian Bennett,DB,PHI,23.0,RES,2000-08-23,70.0,200,Maryland,3,2023,LV,104.0,4
00-0039074,Davis Allen,TE,LA,87.0,ACT,2001-02-03,78.0,250,Clemson,3,2023,LAR,175.0,4
00-0039075,Puka Nacua,WR,LA,12.0,ACT,2001-05-29,74.0,216,BYU; Washington,3,2023,LAR,177.0,4
00-0039077,Warren McClendon Jr.,OL,LA,71.0,ACT,2001-04-11,76.0,315,Georgia,3,2023,LAR,174.0,4
00-0039107,Stetson Bennett,QB,LA,13.0,ACT,1997-10-28,71.0,190,Georgia; Jones County JC,3,2023,LAR,128.0,4
00-0039108,Will Anderson Jr.,DL,HOU,51.0,ACT,2001-09-02,76.0,243,Alabama,3,2023,HOU,3.0,4
00-0039109,Broderick Jones,OL,DAL,77.0,ACT,2001-05-16,77.0,310,Georgia,3,2023,PIT,14.0,4
00-0039110,Keeanu Benton,DL,PIT,95.0,ACT,2001-07-17,76.0,309,Wisconsin,3,2023,PIT,49.0,4
00-0039111,Tuli Tuipulotu,LB,LAC,45.0,ACT,2002-09-03,75.0,266,USC,3,2023,LAC,54.0,4
00-0039112,Lukas Van Ness,LB,GB,90.0,ACT,2001-07-06,77.0,275,Iowa,3,2023,GB,13.0,4
00-0039137,Byron Young,LB,LA,0.0,ACT,1998-03-13,74.0,260,Tennessee,3,2023,LAR,77.0,4
00-0039138,Kobie Turner,DL,LA,91.0,ACT,1999-04-26,74.0,290,Wake Forest,3,2023,LAR,89.0,4
00-0039139,Jahmyr Gibbs,RB,DET,0.0,ACT,2002-03-20,69.0,200,Alabama; Georgia Tech,3,2023,DET,12.0,4
00-0039140,Kelee Ringo,DB,PHI,7.0,ACT,2002-06-27,74.0,205,Georgia,3,2023,PHI,105.0,4
00-0039141,Brian Branch,DB,DET,32.0,RES,2001-10-22,72.0,203,Alabama,3,2023,DET,45.0,4
00-0039142,Will McDonald IV,LB,NYJ,9.0,ACT,1999-06-04,76.0,245,Iowa State,3,2023,NYJ,15.0,4
00-0039143,Isaiah Foskey,DL,CIN,51.0,DEV,2000-10-30,77.0,280,Notre Dame,3,2023,NO,40.0,4
00-0039144,Luke Musgrave,TE,GB,88.0,RES,2000-09-02,78.0,252,Oregon State,3,2023,GB,42.0,4
00-0039145,Joe Tippmann,OL,NYJ,66.0,ACT,2001-03-24,78.0,313,Wisconsin,3,2023,NYJ,43.0,4
00-0039146,Jayden Reed,WR,GB,11.0,RES,2000-04-28,71.0,190,Michigan State; Western Michigan,3,2023,GB,50.0,4
00-0039147,Christian Gonzalez,DB,NE,0.0,ACT,2002-06-28,73.0,205,Oregon,3,2023,NE,17.0,4
00-0039148,Keion White,DL,SF,56.0,ACT,1999-01-20,77.0,286,Georgia Tech; Old Dominion,3,2023,NE,46.0,4
00-0039149,Quan Martin,DB,WAS,20.0,ACT,2000-04-17,72.0,195,Illinois,3,2023,WAS,47.0,4
00-0039150,Bryce Young,QB,CAR,9.0,ACT,2001-07-25,70.0,204,Alabama,3,2023,CAR,1.0,4
00-0039151,Emmanuel Forbes,DB,LA,1.0,ACT,2001-01-13,72.0,173,Mississippi State,3,2023,WAS,16.0,4
00-0039152,Will Levis,QB,NYJ,4.0,DEV,1999-06-27,76.0,232,Kentucky; Penn State,3,2023,TEN,33.0,4
00-0039155,BJ Ojulari,LB,JAX,56.0,DEV,2002-04-05,74.0,250,LSU,3,2023,AZ,41.0,4
00-0039156,Julius Brents,DB,MIA,8.0,ACT,2000-01-18,75.0,202,Kansas State,3,2023,IND,44.0,4
00-0039157,Cody Mauch,OL,TB,69.0,ACT,1999-01-15,78.0,301,North Dakota State,3,2023,TB,48.0,4
00-0039158,Blake Freeland,OL,CIN,76.0,DEV,2001-05-03,79.0,305,BYU,3,2023,IND,106.0,4
00-0039163,C.J. Stroud,QB,HOU,7.0,ACT,2001-10-03,75.0,218,Ohio State,3,2023,HOU,2.0,4
00-0039164,Anthony Richardson,QB,IND,5.0,ACT,2002-05-22,76.0,244,Florida,3,2023,IND,4.0,4
00-0039165,Zach Charbonnet,RB,SEA,26.0,RES,2001-01-08,73.0,220,UCLA; Michigan,3,2023,SEA,52.0,4
00-0039167,Joey Porter Jr.,DB,PIT,24.0,INA,2000-07-26,74.0,194,Penn State,3,2023,PIT,32.0,4
00-0039169,Devon Witherspoon,DB,SEA,21.0,ACT,2000-12-11,72.0,185,Illinois,3,2023,SEA,5.0,4
00-0039172,Jake Bates,K,DET,39.0,ACT,1999-03-03,70.0,202,Arkansas; Central Arkansas,3,2023,,,4
00-0039174,Chukwuebuka Godrick,OL,MIA,79.0,ACT,2000-10-11,77.0,293,,3,2023,,,4
00-0039176,Basil Okoye,DL,NYG,99.0,ACT,2001-10-20,78.0,315,,3,2023,,,4
00-0039177,David Agoha,DL,DEN,53.0,DEV,2001-05-18,76.0,252,,5,2023,,,4
00-0039178,Austin Ajiake,LB,IND,58.0,ACT,2000-06-30,73.0,220,UNLV,3,2023,,,4
00-0039207,Durell Nchami,DL,IND,74.0,CUT,2000-02-11,76.0,260,Maryland,3,2024,,,1
00-0039229,Charlie Smyth,K,NO,39.0,DEV,2001-06-26,76.0,210,,2,2024,,,4
00-0039232,Nate Wiggins,DB,BAL,2.0,ACT,2003-08-28,73.0,185,Clemson,2,2024,BAL,30.0,4
00-0039233,Roger Rosengarten,OL,BAL,70.0,ACT,2002-06-03,77.0,310,Washington,2,2024,BAL,62.0,4
00-0039234,T.J. Tampa,DB,BAL,27.0,RES,2002-03-13,73.0,190,Iowa State,2,2024,BAL,130.0,4
00-0039236,Johnny Wilson,WR,PHI,89.0,RES,2001-04-03,78.0,228,Florida State; Arizona State,2,2024,PHI,185.0,4
00-0039237,Nick Samac,OL,MIN,62.0,RES,2001-08-21,76.0,317,Michigan State,2,2024,BAL,228.0,4
00-0039239,Kalen King,DB,ARI,35.0,ACT,2003-01-28,71.0,190,Penn State,2,2024,GB,255.0,4
00-0039241,Beau Brade,DB,CIN,34.0,DEV,2002-01-29,72.0,200,Maryland,2,2024,,,4
00-0039242,Corey Bullock,OL,CAR,67.0,ACT,2001-12-09,75.0,325,Maryland; North Carolina Central,2,2024,,,4
00-0039244,Chris Collier,RB,LV,33.0,RES,2000-03-24,71.0,203,University of Lock Haven,2,2024,,,4
00-0039245,Ryan Cooper Jr.,DB,DET,40.0,CUT,2001-08-31,71.0,187,Oregon State,2,2024,,,1
00-0039246,Darrian Dalcourt,OL,NE,61.0,CUT,2000-09-17,75.0,305,Alabama,2,2024,,,1
00-0039259,Dayton Wade,WR,BAL,18.0,CUT,2000-09-08,69.0,175,Mississippi; Western Kentucky,2,2024,,,1
00-0039262,Gottlieb Ayedze,OL,MIA,72.0,DEV,2000-04-10,76.0,305,Maryland; Frostburg State,2,2024,,,4
00-0039263,McCallan Castles,TE,GB,47.0,RES,1999-12-03,76.0,252,Tennessee; UC Davis; California,2,2024,,,1
00-0039265,Gabe Hall,DL,PHI,96.0,DEV,2001-01-12,78.0,292,Baylor,2,2024,,,4
00-0039266,Kendall Milton,RB,CIN,36.0,DEV,2002-02-10,73.0,230,Georgia,2,2024,,,4
00-0039267,Andre' Sam,DB,PHI,32.0,RES,1999-02-09,70.0,194,LSU; Marshall; McNeese State,2,2024,,,4
00-0039268,Peter Bowden,LS,LAC,59.0,CUT,2001-01-24,74.0,217,Wisconsin,2,2024,,,1
00-0039269,James Ester,DL,MIA,65.0,DEV,2001-08-31,75.0,298,Northern Illinois,2,2024,,,4
00-0039272,Donovan Jennings,OL,GB,67.0,ACT,1999-11-24,76.0,323,University of South Florida,2,2024,,,4
00-0039275,Messiah Swinson,TE,CLE,84.0,CUT,2000-04-20,79.0,260,Arizona State; Missouri,2,2024,,,4
00-0039277,Jimmy Ciarlo,LB,SEA,35.0,DEV,2001-02-28,74.0,225,Army,2,2024,,,4
00-0039284,Braiden McGregor,LB,NYJ,55.0,ACT,2001-07-12,78.0,267,Michigan,2,2024,,,4
00-0039285,Jarius Monroe,DB,NYJ,25.0,CUT,2000-10-06,74.0,205,Tulane; Colorado,2,2024,,,1
00-0039288,Jackson Sirmon,LB,NO,47.0,DEV,2000-04-15,74.0,240,California; Washington,2,2024,,,4
00-0039289,Leonard Taylor III,DL,NE,93.0,ACT,2002-05-29,75.0,305,Miami,2,2024,,,4
00-0039292,Shemar Bartholomew,DB,TEN,45.0,CUT,2000-06-06,73.0,200,Georgia Southern; Northwestern State (LA),2,2024,,,2
00-0039299,George Holani,RB,SEA,36.0,ACT,1999-12-16,70.0,210,Boise State,2,2024,,,4
00-0039305,Jack Westover,TE,WAS,89.0,DEV,1999-06-09,75.0,248,Washington,2,2024,,,4
00-0039309,Byron Murphy II,DL,SEA,91.0,ACT,2002-09-08,72.0,308,Texas,2,2024,SEA,16.0,4
00-0039310,Trevor Keegan,OL,MIN,69.0,ACT,2000-08-30,77.0,315,Michigan,2,2024,PHI,172.0,4
00-0039312,Miles Battle,DB,MIA,35.0,CUT,2000-01-04,75.0,205,Utah; Mississippi,2,2024,,,1
00-0039313,Swayze Bozeman,LB,CIN,47.0,ACT,1998-11-02,73.0,225,Southern Mississippi; Copiah-Lincoln Junior College,2,2024,,,4
00-0039317,Ethan Driskell,OL,KC,75.0,DEV,2000-06-29,80.0,313,Marshall,2,2024,,,4
00-0039318,Curtis Jacobs,LB,WAS,57.0,CUT,2002-02-18,73.0,235,Penn State,2,2024,,,1
00-0039322,D.J. Miller,DB,BUF,46.0,CUT,,,190,,2,2024,,,1
00-0039323,Ryan Rehkow,P,CIN,8.0,ACT,1998-09-11,77.0,235,BYU,2,2024,,,4
00-0039324,Christian Roland-Wallace,DB,KC,30.0,ACT,2001-11-23,71.0,200,USC; Arizona,2,2024,,,4
00-0039325,Carson Steele,RB,PHI,34.0,DEV,2002-10-21,72.0,225,UCLA; Ball State,2,2024,,,4
00-0039329,Julian Hicks,WR,SEA,82.0,CUT,1999-09-29,74.0,201,Albany; Akron; Central Michigan,2,2024,,,4
00-0039332,C.J. Ravenell,DL,NYG,96.0,DEV,2000-05-07,77.0,287,Missouri Western,2,2024,,,4
00-0039333,Brandon Codrington,DB,SF,17.0,DEV,2000-11-17,69.0,185,North Carolina Central,2,2024,,,4
00-0039337,Malik Nabers,WR,NYG,1.0,ACT,2003-07-28,72.0,200,LSU,2,2024,NYG,6.0,4
00-0039338,Brock Bowers,TE,LV,89.0,ACT,2002-12-13,75.0,235,Georgia,2,2024,LV,13.0,4
00-0039339,Taliese Fuaga,OL,NO,75.0,ACT,2002-04-05,78.0,324,Oregon State,2,2024,NO,14.0,4
00-0039340,Laiatu Latu,DL,IND,97.0,ACT,2000-12-31,77.0,265,UCLA; Washington,2,2024,IND,15.0,4
00-0039341,Tyler Guyton,OL,DAL,60.0,ACT,2002-06-11,79.0,322,Oklahoma; TCU,2,2024,DAL,29.0,4
00-0039342,Xavier Legette,WR,CAR,17.0,RES,2001-01-29,75.0,218,South Carolina,2,2024,CAR,32.0,4
00-0039343,Kamari Lassiter,DB,HOU,3.0,ACT,2003-01-23,72.0,180,Georgia,2,2024,HOU,42.0,4
00-0039344,Jonathon Brooks,RB,CAR,25.0,RES,2003-07-21,72.0,216,Texas,2,2024,CAR,46.0,4
00-0039345,Renardo Green,DB,SF,0.0,ACT,2000-11-09,72.0,186,Florida State,2,2024,SF,64.0,4
00-0039346,Junior Colson,LB,LAC,25.0,DEV,2002-12-06,75.0,247,Michigan,2,2024,LAC,69.0,4
00-0039347,Trevin Wallace,LB,NYJ,49.0,ACT,2003-02-22,73.0,237,Kentucky,2,2024,CAR,72.0,4
00-0039348,Cooper Beebe,OL,DAL,56.0,ACT,2001-05-19,75.0,320,Kansas State,2,2024,DAL,73.0,4
00-0039349,DJ Glaze,OL,LV,71.0,ACT,2002-08-04,76.0,331,Maryland,2,2024,LV,77.0,4
00-0039350,Zak Zinter,OL,CLE,70.0,ACT,2001-04-17,78.0,310,Michigan,2,2024,CLE,85.0,4
00-0039351,Dominick Puni,OL,SF,77.0,ACT,2000-02-24,77.0,313,Kansas; Central Missouri,2,2024,SF,86.0,4
00-0039352,Marist Liufau,LB,DAL,35.0,RES,2001-02-09,74.0,239,Notre Dame,2,2024,DAL,87.0,4
00-0039353,Jarrian Jones,DB,JAX,4.0,ACT,2001-05-08,71.0,191,Florida State; Mississippi State,2,2024,JAX,96.0,4
00-0039354,McKinnley Jackson,DL,SF,91.0,DEV,2001-12-26,74.0,330,Texas A&M,2,2024,CIN,97.0,4
00-0039355,Luke McCaffrey,WR,WAS,11.0,INA,2001-04-02,74.0,195,Rice; Nebraska,2,2024,WAS,100.0,4
00-0039356,Ja'Tavion Sanders,TE,CAR,0.0,ACT,2003-03-27,76.0,243,Texas,2,2024,CAR,101.0,4
00-0039357,Decamerion Richardson,DB,NO,25.0,ACT,2001-03-16,74.0,188,Mississippi State,2,2024,LV,112.0,4
00-0039358,Mason McCormick,OL,PIT,66.0,ACT,2000-05-25,77.0,315,South Dakota State,2,2024,PIT,119.0,4
00-0039359,Cade Stover,TE,HOU,8.0,ACT,2000-06-12,76.0,251,Ohio State,2,2024,HOU,123.0,4
00-0039360,Malik Mustapha,DB,SF,6.0,ACT,2002-06-25,70.0,206,Wake Forest,2,2024,SF,124.0,4
00-0039361,Bucky Irving,RB,TB,7.0,ACT,2002-08-19,70.0,195,Oregon; Minnesota,2,2024,TB,125.0,4
00-0039362,Giovanni Manu,OL,DET,59.0,RES,2001-01-26,79.0,345,University of British Columbia,2,2024,DET,126.0,4
00-0039363,Isaac Guerendo,RB,SF,31.0,RES,2000-06-28,72.0,221,Louisville; Wisconsin,2,2024,SF,129.0,4
00-0039364,Sione Vaki,RB,DET,33.0,ACT,2001-07-30,71.0,216,Utah,2,2024,DET,132.0,4
00-0039365,Jacob Cowing,WR,SF,4.0,ACT,2001-02-04,69.0,170,Arizona; Texas-El Paso,2,2024,SF,135.0,4
00-0039366,Tarheeb Still,DB,LAC,4.0,ACT,2002-06-09,73.0,196,Maryland,2,2024,LAC,137.0,4
00-0039368,Jordan Magee,LB,WAS,58.0,RES,2001-03-24,75.0,225,Temple,2,2024,WAS,139.0,4
00-0039369,Cam Hart,DB,LAC,20.0,ACT,2000-12-05,74.0,205,Notre Dame,2,2024,LAC,140.0,4
00-0039370,JD Bertrand,LB,ATL,40.0,RES,2000-05-05,73.0,233,Notre Dame,2,2024,ATL,143.0,4
00-0039371,Kris Abrams-Draine,DB,DEN,31.0,ACT,2001-10-04,71.0,178,Missouri,2,2024,DEN,145.0,4
00-0039372,Jarvis Brownlee Jr.,DB,NYJ,2.0,ACT,2001-07-13,70.0,194,Louisville; Florida,2,2024,TEN,146.0,4
00-0039373,Audric Estimé,RB,MIN,30.0,DEV,2003-09-06,71.0,227,Notre Dame,2,2024,DEN,147.0,4
00-0039374,Tommy Eichenberg,LB,LV,44.0,ACT,2001-01-11,74.0,234,Ohio State,2,2024,LV,148.0,4
00-0039375,Josh Newton,DB,CIN,28.0,ACT,2000-09-14,71.0,190,TCU; Louisiana-Monroe,2,2024,CIN,149.0,4
00-0039376,Spencer Rattler,QB,NO,2.0,ACT,2000-09-28,72.0,211,South Carolina; Oklahoma,2,2024,NO,150.0,4
00-0039377,Jaylon Carlies,LB,IND,57.0,ACT,2001-09-13,75.0,227,Missouri,2,2024,IND,151.0,4
00-0039378,Deantre Prince,DB,CHI,37.0,DEV,2000-10-12,72.0,185,Mississippi,2,2024,JAX,153.0,4
00-0039379,Jamari Thrash,WR,CLE,80.0,CUT,2000-12-19,72.0,190,Louisville; Georgia State,2,2024,CLE,156.0,1
00-0039380,Chau Smith-Wade,DB,CAR,26.0,ACT,2002-09-17,71.0,192,Washington State,2,2024,CAR,157.0,4
00-0039381,Dominique Hampton,LB,TEN,40.0,RES,2000-07-25,75.0,220,Washington,2,2024,WAS,161.0,1
00-0039382,Christian Jones,OL,CHI,72.0,DEV,2000-05-12,77.0,305,Texas,2,2024,AZ,162.0,4
00-0039383,Jaylin Simpson,DB,MIA,32.0,ACT,2000-03-17,72.0,178,Auburn,2,2024,IND,164.0,4
00-0039384,Tyrone Tracy Jr.,RB,NYG,29.0,ACT,1999-11-23,71.0,210,Purdue; Iowa,2,2024,NYG,166.0,4
00-0039386,Bub Means,WR,CLE,81.0,DEV,2001-01-10,74.0,215,Pittsburgh; Louisiana Tech,2,2024,NO,170.0,4
00-0039387,Caelen Carson,DB,DAL,21.0,ACT,2002-03-03,72.0,195,Wake Forest,2,2024,DAL,174.0,4
00-0039388,Jaylan Ford,LB,NO,53.0,RES,2001-11-28,74.0,240,Texas,2,2024,NO,175.0,4
00-0039389,Logan Lee,DL,PIT,91.0,RES,2000-06-12,77.0,291,Iowa,2,2024,PIT,178.0,4
00-0039390,Marcellas Dial Jr.,DB,MIA,24.0,ACT,2000-12-06,72.0,190,South Carolina; Georgia Military,2,2024,NE,180.0,4
00-0039391,Kimani Vidal,RB,LAC,28.0,ACT,2001-08-28,68.0,215,Troy,2,2024,LAC,181.0,4
00-0039392,Jha'Quan Jackson,WR,TB,39.0,CUT,2000-05-15,69.0,185,Tulane,2,2024,TEN,182.0,1
00-0039394,Casey Washington,WR,CAR,85.0,DEV,2001-03-06,72.0,205,Illinois,2,2024,ATL,187.0,4
00-0039395,Jamal Hill,LB,HOU,56.0,ACT,2001-04-01,72.0,227,Oregon,2,2024,HOU,188.0,4
00-0039396,Mekhi Wingo,DL,DET,94.0,ACT,2003-04-17,72.0,282,LSU; Missouri,2,2024,DET,189.0,4
00-0039397,Tejhaun Palmer,WR,NE,80.0,CUT,2000-05-19,74.0,210,UAB,2,2024,AZ,191.0,1
00-0039398,Joe Milton III,QB,DAL,10.0,DEV,2000-03-06,77.0,235,Tennessee; Michigan,2,2024,NE,193.0,4
00-0039400,Zion Logue,DL,CLE,69.0,DEV,2001-07-13,78.0,325,Georgia,2,2024,ATL,197.0,4
00-0039401,Khristian Boyd,DL,NO,97.0,ACT,2000-02-23,74.0,320,Northern Iowa,2,2024,NO,199.0,4
00-0039402,Jaden Crumedy,DL,HOU,95.0,ACT,2000-07-30,76.0,301,Mississippi State,2,2024,CAR,200.0,4
00-0039404,Will Reichard,K,MIN,16.0,ACT,2001-01-09,73.0,190,Alabama,2,2024,MIN,203.0,4
00-0039405,Jawhar Jordan,RB,HOU,25.0,DEV,1999-08-18,70.0,185,Louisville; Syracuse,2,2024,HOU,205.0,4
00-0039406,Nathaniel Watson,LB,CLE,40.0,DEV,2000-09-01,72.0,233,Mississippi State,2,2024,CLE,206.0,4
00-0039407,Dylan Laube,RB,LV,23.0,ACT,1999-12-14,70.0,204,New Hampshire,2,2024,LV,208.0,4
00-0039408,Christian Mahogany,OL,DET,73.0,ACT,2000-10-11,75.0,327,Boston College,2,2024,DET,210.0,4
00-0039409,Cam Little,K,JAX,39.0,ACT,2003-08-17,73.0,172,Arkansas,2,2024,JAX,212.0,4
00-0039410,Ryan Flournoy,WR,DAL,19.0,ACT,1999-10-27,73.0,205,Southeast Missouri State; Iowa Western CC,2,2024,DAL,216.0,4
00-0039411,Elijah Klein,OL,DET,67.0,DEV,2000-04-08,76.0,319,Texas-El Paso,2,2024,TB,220.0,4
00-0039412,Javontae Jean-Baptiste,LB,WAS,41.0,INA,2000-05-16,76.0,260,Notre Dame; Ohio State,2,2024,WAS,222.0,4
00-0039414,Daijahn Anthony,DB,CIN,33.0,CUT,2000-09-09,72.0,205,Mississippi; Liberty,2,2024,CIN,224.0,1
00-0039417,Myles Harden,DB,CLE,26.0,ACT,2001-12-13,71.0,195,South Dakota,2,2024,CLE,227.0,4
00-0039418,MJ Devonshire,DB,GB,28.0,CUT,2000-09-12,71.0,190,Pittsburgh; Kentucky,2,2024,LV,229.0,1
00-0039419,Michael Jurgens,OL,MIN,65.0,RES,2000-01-01,76.0,311,Wake Forest,2,2024,MIN,230.0,4
00-0039420,Jaheim Bell,TE,PIT,82.0,CUT,2001-06-14,74.0,239,Florida State; South Carolina,2,2024,NE,231.0,1
00-0039421,Levi Drake Rodriguez,DL,MIN,50.0,ACT,2000-08-04,74.0,307,East Texas A&M,2,2024,MIN,232.0,4
00-0039422,Nathan Thomas,OL,HOU,78.0,ACT,2001-08-22,77.0,330,Louisiana-Lafayette,2,2024,DAL,233.0,4
00-0039423,Jonah Laulu,DL,LV,96.0,ACT,2000-06-30,77.0,289,Oklahoma; Hawaii,2,2024,IND,234.0,4
00-0039424,Devaughn Vele,WR,NO,14.0,ACT,1997-12-12,77.0,210,Utah,2,2024,DEN,235.0,4
00-0039425,Myles Cole,DL,NO,57.0,CUT,2000-04-29,78.0,280,Texas Tech; Louisiana-Monroe,2,2024,JAX,236.0,1
00-0039427,Solomon Byrd,DL,HOU,50.0,RES,1999-12-01,75.0,250,USC; Wyoming,2,2024,HOU,238.0,4
00-0039429,Michael Barrett,LB,BAL,54.0,CUT,1999-12-21,72.0,239,Michigan,2,2024,CAR,240.0,1
00-0039430,James Williams,LB,TEN,52.0,ACT,2003-02-15,76.0,232,Miami,2,2024,TEN,242.0,4
00-0039431,Jowon Briggs,DL,NYJ,91.0,ACT,2001-09-01,73.0,313,Cincinnati; Virginia,2,2024,CLE,243.0,4
00-0039433,Marcus Harris,DL,KC,96.0,DEV,2000-09-27,75.0,295,Auburn; Kansas,2,2024,HOU,247.0,4
00-0039435,Tatum Bethune,LB,SF,48.0,ACT,2001-02-19,72.0,230,Florida State; UCF,2,2024,SF,251.0,4
00-0039436,Jaylen Harrell,LB,TEN,92.0,RES,2002-05-01,76.0,255,Michigan,2,2024,TEN,252.0,4
00-0039437,Cornelius Johnson,WR,BAL,86.0,CUT,2000-11-29,75.0,208,Michigan,2,2024,LAC,253.0,1
00-0039438,Nick Gargiulo,OL,DEN,66.0,RES,2000-07-19,77.0,310,South Carolina; Yale,2,2024,DEN,256.0,4
00-0039442,Kingsley Eguakun,OL,ARI,67.0,DEV,2001-03-23,75.0,305,Florida,2,2024,,,4
00-0039445,Hogan Hatten,LS,DET,49.0,ACT,2000-08-06,74.0,239,Idaho,2,2024,,,4
00-0039446,Bryan Hudson,OL,NYG,60.0,ACT,2001-01-11,77.0,305,Louisville,2,2024,,,4
00-0039447,Nate Lynn,LB,NYJ,92.0,DEV,2002-07-06,75.0,255,William & Mary,2,2024,,,4
00-0039451,Isaiah Williams,WR,NYJ,18.0,ACT,2001-01-29,70.0,185,Illinois,2,2024,,,4
00-0039454,Beanie Bishop,DB,CHI,25.0,CUT,1999-12-17,70.0,184,West Virginia; Minnesota; Western Kentucky,2,2024,,,1
00-0039457,Jacoby Windmon,LB,PIT,53.0,DEV,2001-08-20,74.0,250,Michigan State; UNLV,2,2024,,,4
00-0039458,Brenden Bates,TE,JAX,82.0,DEV,1999-10-16,77.0,251,Kentucky,2,2024,,,4
00-0039459,Theo Benedet,OL,CHI,79.0,ACT,2001-12-10,79.0,305,University of British Columbia,2,2024,,,4
00-0039460,Carl Jones,LB,BAL,48.0,DEV,2001-08-08,72.0,223,UCLA,2,2024,,,4
00-0039461,Jamree Kromah,DL,CHI,59.0,ACT,2000-06-14,75.0,268,James Madison; Rutgers,2,2024,,,4
00-0039464,Austin Reed,QB,BAL,15.0,CUT,2000-02-22,73.0,220,Western Kentucky; University of West Florida; Southern Illinois,2,2024,,,1
00-0039465,Reddy Steward,DB,DAL,27.0,ACT,2001-05-04,71.0,178,Troy,2,2024,,,4
00-0039466,Ian Wheeler,RB,BUF,27.0,CUT,2001-09-15,71.0,205,Howard,2,2024,,,1
00-0039469,Te'Cory Couch,DB,BUF,33.0,ACT,1999-09-06,70.0,185,Miami,2,2024,,,4
00-0039471,Frank Gore Jr.,RB,BUF,20.0,DEV,2002-03-13,68.0,200,Southern Mississippi,2,2024,,,4
00-0039473,Xavier Johnson,WR,CIN,18.0,CUT,1999-05-11,73.0,210,Ohio State,2,2024,,,1
00-0039474,Lawrence Keys,WR,DET,80.0,DEV,1999-12-09,71.0,170,Tulane; Notre Dame,2,2024,,,4
00-0039477,Jack Browning,P,ARI,49.0,CUT,2001-11-14,71.0,190,San Diego State; Grossmont,2,2024,,,1
00-0039481,Storm Duck,DB,MIA,29.0,RES,2000-12-15,72.0,195,Louisville,2,2024,,,4
00-0039485,Andrew Meyer,OL,MIA,60.0,ACT,2000-01-14,75.0,290,Texas-El Paso,2,2024,,,4
00-0039488,Mark Perry,DB,GB,41.0,CUT,2001-05-30,72.0,215,TCU,2,2024,,,1
00-0039489,Hayden Rucci,TE,LAC,40.0,ACT,2001-01-27,77.0,247,Wisconsin,2,2024,,,4
00-0039491,Jalen Coker,WR,CAR,18.0,ACT,2001-10-30,75.0,213,Holy Cross,2,2024,,,4
00-0039494,Kenny Dyson,LB,MIN,54.0,DEV,2001-06-27,75.0,235,Bryant,2,2024,,,4
00-0039498,Harrison Mevis,K,LA,92.0,ACT,2002-03-27,72.0,243,Missouri,2,2024,,,4
00-0039506,Alex Johnson,DB,LA,36.0,CUT,2000-10-11,72.0,190,UCLA,2,2024,,,1
00-0039507,Marcellus Johnson,OL,DAL,79.0,DEV,2000-04-01,76.0,307,Missouri; Eastern Michigan,2,2024,,,4
00-0039508,Jake Kubas,OL,NE,63.0,DEV,2000-08-13,76.0,308,North Dakota State,2,2024,,,4
00-0039510,Casey Rogers,DL,NE,65.0,CUT,1998-12-18,77.0,305,Oregon; Nebraska,2,2024,,,1
00-0039513,Chris Edmonds,DB,CLE,41.0,CUT,2001-07-16,74.0,215,Arizona State; Samford,2,2024,,,1
00-0039515,Winston Reid,LB,CLE,59.0,ACT,1999-08-03,72.0,225,Weber State,2,2024,,,4
00-0039518,Treyton Welch,TE,NO,82.0,ACT,2001-01-10,76.0,241,Wyoming,2,2024,,,4
00-0039521,Xavier Weaver,WR,ARI,89.0,CUT,2000-10-12,73.0,180,Colorado; University of South Florida,2,2024,,,1
00-0039526,Emany Johnson,LB,LAC,50.0,CUT,2000-11-17,74.0,216,Nevada,2,2024,,,1
00-0039530,Brevyn Spann-Ford,TE,DAL,89.0,ACT,1999-12-27,78.0,265,Minnesota,2,2024,,,4
00-0039532,Julius Wood,DB,MIA,25.0,ACT,2001-05-02,73.0,202,East Carolina; Blinn College,2,2024,,,4
00-0039534,Carter Bradley,QB,JAX,10.0,RES,2000-03-09,75.0,216,South Alabama; Toledo,2,2024,,,1
00-0039535,Andrew Coker,OL,CIN,79.0,CUT,2001-03-23,79.0,315,TCU,2,2024,,,1
00-0039539,Amari Gainer,LB,MIA,53.0,DEV,2000-06-22,75.0,235,North Carolina; Florida State,2,2024,,,4
00-0039544,Will Putnam,OL,LV,67.0,DEV,2000-08-13,76.0,301,Clemson,2,2024,,,4
00-0039548,Ron Stone Jr.,LB,DEN,53.0,CUT,,,246,,2,2024,,,1
00-0039550,Shawn Bowman,TE,ARI,44.0,DEV,2000-05-16,76.0,249,Rutgers; Maine,2,2024,,,4
00-0039555,Steven Jones,OL,PIT,79.0,DEV,2000-09-06,77.0,340,Oregon,2,2024,,,4
00-0039565,Levelle Bailey,LB,DEN,56.0,RES,2000-12-04,74.0,225,Fresno State; Sacramento State,2,2024,,,4
00-0039567,Nik Constantinou,P,CLE,30.0,CUT,,,225,,2,2024,,,1
00-0039568,Frank Crum,OL,DEN,73.0,RES,2000-05-14,79.0,315,Wyoming,2,2024,,,4
00-0039570,Jordan Miller,DL,MIA,96.0,DEV,2000-01-20,75.0,307,SMU; Miami,2,2024,,,3
00-0039576,Spencer Shrader,K,IND,3.0,ACT,1999-05-19,74.0,200,Notre Dame; University of South Florida,2,2024,,,4
00-0039577,Kedon Slovis,QB,GB,17.0,DEV,2001-04-11,74.0,223,BYU; Pittsburgh; USC,2,2024,,,4
00-0039578,Dalton Tucker,OL,IND,68.0,INA,2000-03-18,78.0,307,Marshall,2,2024,,,4
00-0039586,Tyrek Funderburk,DB,DAL,20.0,DEV,2000-11-28,72.0,185,Appalachian State; Richmond,2,2024,,,4
00-0039587,Antonio Grier Jr.,LB,CHI,30.0,CUT,2000-01-18,73.0,230,Arkansas; University of South Florida,2,2024,,,1
00-0039589,Kameron Johnson,WR,TB,19.0,ACT,2002-03-17,70.0,170,Barton College,2,2024,,,4
00-0039596,Rashad Wisdom,DB,TB,38.0,CUT,2001-06-06,69.0,210,Texas-San Antonio,2,2024,,,1
00-0039601,Demani Richardson,DB,CAR,36.0,CUT,2000-10-07,73.0,215,Texas A&M,2,2024,,,1
00-0039603,British Brooks,RB,HOU,44.0,RES,1999-11-18,71.0,225,North Carolina,2,2024,,,4
00-0039609,Kyler Baugh,DL,PIT,65.0,DEV,2001-11-28,74.0,295,Minnesota; Houston Christian University,2,2024,,,4
00-0039612,Sincere Haynesworth,OL,BUF,61.0,CUT,2001-04-13,73.0,310,Tulane,2,2024,,,1
00-0039620,Rico Payton,DB,NYG,36.0,RES,1999-11-28,72.0,182,Pittsburg State (KS); Southern Illinois,2,2024,,,4
00-0039622,Isaiah Stalbird,LB,NO,44.0,ACT,2000-07-18,73.0,215,South Dakota State,2,2024,,,4
00-0039623,Mason Tipton,WR,NO,15.0,RES,2000-09-27,71.0,187,Yale,2,2024,,,4
00-0039624,Kyle Hergel,OL,BAL,60.0,ACT,1999-10-07,74.0,315,Boston College; Texas State-San Marcos,2,2024,,,4
00-0039626,Cole Burgess,WR,PIT,85.0,RES,2000-02-11,73.0,200,Cortland State Of New York,2,2024,,,4
00-0039631,Cam Grandy,TE,MIN,83.0,DEV,1999-11-19,77.0,253,Illinois State; Missouri Western,2,2024,,,4
00-0039632,PJ Jules,DB,CIN,37.0,ACT,2001-05-14,72.0,203,Southern Illinois,2,2024,,,4
00-0039634,Austin McNamara,P,NYJ,14.0,ACT,2001-02-24,76.0,204,Texas Tech,2,2024,,,4
00-0039637,Maema Njongmeta,LB,CAR,45.0,DEV,2001-03-09,72.0,240,Wisconsin,2,2024,,,4
00-0039644,Isaiah Iton,DL,NE,62.0,CUT,2001-08-23,74.0,300,Rutgers; Hutchinson CC,2,2024,,,1
00-0039648,David Martin-Robinson,TE,TEN,88.0,ACT,1999-12-26,75.0,255,Temple,2,2024,,,4
00-0039650,Bryce Oliver,WR,HOU,31.0,CUT,2000-05-19,73.0,215,Youngstown State; Kentucky,2,2024,,,4
00-0039652,Jabari Small,RB,DET,26.0,DEV,2002-01-31,71.0,208,Tennessee,2,2024,,,4
00-0039660,Thomas Harper,DB,DET,12.0,RES,2000-11-05,68.0,195,Notre Dame; Oklahoma State,2,2024,,,4
00-0039676,Chigozie Anusiem,DB,LV,29.0,RES,2000-11-05,73.0,200,Colorado State; California,2,2024,,,4
00-0039677,Sam Hartman,QB,WAS,15.0,DEV,1999-07-29,73.0,210,Notre Dame; Wake Forest,2,2024,,,4
00-0039679,Ben Nikkel,WR,IND,34.0,CUT,2001-05-12,73.0,210,Iowa State; McPherson College,2,2024,,,1
00-0039681,Tyler Owens,DB,WAS,18.0,ACT,2001-05-12,74.0,213,Texas Tech; Texas,2,2024,,,4
00-0039685,A.J. Woods,DB,ATL,20.0,CUT,2001-03-28,71.0,195,Pittsburgh,2,2024,,,1
00-0039686,Colson Yankoff,TE,WAS,80.0,ACT,2000-03-01,76.0,225,UCLA; Washington,2,2024,,,4
00-0039692,Dell Pettus,DB,NE,24.0,RES,2001-06-02,71.0,200,Troy,2,2024,,,4
00-0039696,Evan Anderson,DL,SF,90.0,CUT,2002-02-14,75.0,326,Florida Atlantic,2,2024,,,1
00-0039697,Jaylen Mahoney,DB,PHI,39.0,CUT,2000-11-19,71.0,191,Vanderbilt,2,2024,,,1
00-0039700,Drake Nugent,OL,SF,66.0,DEV,2001-02-09,73.0,301,Michigan; Stanford,2,2024,,,4
00-0039702,Mason Pline,TE,KC,46.0,CUT,2000-02-05,79.0,260,Furman; Ferris State,2,2024,,,1
00-0039703,Cody Schrader,RB,DEN,25.0,DEV,1999-09-08,69.0,214,Missouri; Truman State University,2,2024,,,4
00-0039710,Jeshaun Jones,WR,MIN,82.0,ACT,1999-12-22,73.0,185,Maryland,2,2024,,,4
00-0039714,Dwight McGlothern,DB,MIN,6.0,CUT,2002-02-06,74.0,188,Arkansas,2,2024,,,1
00-0039716,Doug Nester,OL,PIT,72.0,DEV,2000-08-07,78.0,306,West Virginia; Virginia Tech,2,2024,,,4
00-0039718,Bo Richter,LB,MIN,98.0,ACT,2000-08-13,73.0,250,Air Force,2,2024,,,4
00-0039720,Taki Taimani,DL,MIN,94.0,CUT,1999-10-06,73.0,324,Oregon; Washington,2,2024,,,3
00-0039722,JaQuae Jackson,WR,LAC,82.0,CUT,2000-01-30,73.0,190,Rutgers; California (PA),2,2024,,,1
00-0039725,Jayden Price,DB,NO,38.0,ACT,2000-04-05,71.0,184,North Dakota State,2,2024,,,4
00-0039731,JC Latham,OL,TEN,55.0,ACT,2003-02-08,78.0,342,Alabama,2,2024,TEN,7.0,4
00-0039732,Bo Nix,QB,DEN,10.0,ACT,2000-02-25,74.0,217,Oregon; Auburn,2,2024,DEN,12.0,4
00-0039733,Ruke Orhorhoro,DL,JAX,99.0,ACT,2001-10-13,76.0,295,Clemson,2,2024,ATL,35.0,4
00-0039734,Braden Fiske,DL,LA,55.0,ACT,2000-01-18,77.0,294,Florida State; Western Michigan,2,2024,LAR,39.0,4
00-0039735,Jackson Powers-Johnson,OL,LV,58.0,ACT,2003-01-23,75.0,325,Oregon,2,2024,LV,44.0,4
00-0039736,Matt Goncalves,OL,IND,71.0,ACT,2001-01-26,78.0,317,Pittsburgh,2,2024,IND,79.0,4
00-0039737,Tip Reiman,TE,ARI,87.0,RES,2001-09-17,77.0,271,Illinois,2,2024,AZ,82.0,4
00-0039738,Blake Corum,RB,LA,24.0,ACT,2000-11-25,68.0,202,Michigan,2,2024,LAR,83.0,4
00-0039739,Roman Wilson,WR,PIT,14.0,ACT,2001-06-19,72.0,192,Michigan,2,2024,PIT,84.0,4
00-0039740,Jalyx Hunt,LB,PHI,58.0,ACT,2001-03-13,75.0,252,Houston Christian University; Cornell,2,2024,PHI,94.0,4
00-0039741,Payton Wilson,LB,PIT,41.0,ACT,2000-04-21,76.0,242,N.C. State,2,2024,PIT,98.0,4
00-0039742,Javon Foster,OL,CIN,73.0,ACT,2000-03-31,77.0,319,Missouri,2,2024,JAX,114.0,4
00-0039743,Jordan Jefferson,DL,LAC,95.0,DEV,2001-09-24,76.0,317,LSU,2,2024,JAX,116.0,4
00-0039744,Tanor Bortolini,OL,IND,60.0,ACT,2002-06-17,76.0,303,Wisconsin,2,2024,IND,117.0,4
00-0039745,Tory Taylor,P,CHI,19.0,ACT,1997-07-10,76.0,225,Iowa,2,2024,CHI,122.0,4
00-0039746,Will Shipley,RB,PHI,28.0,ACT,2002-08-29,71.0,210,Clemson,2,2024,PHI,127.0,4
00-0039749,Tyler Davis,DL,LA,90.0,ACT,2000-11-01,74.0,306,Clemson,2,2024,LAR,196.0,4
00-0039751,Jordan Whittington,WR,LA,88.0,ACT,2000-10-01,73.0,204,Texas,2,2024,LAR,213.0,4
00-0039752,Cedric Johnson,DL,CIN,52.0,ACT,2002-09-06,75.0,265,Mississippi,2,2024,CIN,214.0,4
00-0039753,Beaux Limmer,OL,LA,50.0,ACT,2001-06-10,77.0,318,Arkansas,2,2024,LAR,217.0,4
00-0039754,Devin Culp,TE,TB,82.0,CUT,2000-02-02,76.0,237,Washington,2,2024,TB,246.0,1
00-0039755,KT Leveston,OL,CLE,72.0,DEV,1999-08-28,76.0,335,Kansas State,2,2024,LAR,254.0,4
00-0039763,Joe Andreessen,LB,BUF,44.0,ACT,2000-02-07,73.0,240,Buffalo,2,2024,,,4
00-0039764,Elijah Chatman,DL,CLE,62.0,RES,2000-12-05,72.0,278,SMU,2,2024,,,4
00-0039767,Quinton Newsome,DB,ARI,30.0,CUT,2001-07-11,73.0,180,Nebraska,2,2024,,,1
00-0039770,Charles Woods,DB,NE,22.0,ACT,2000-06-17,71.0,185,SMU; West Virginia; Illinois State,2,2024,,,4
00-0039772,Josh Wallace,DB,LA,30.0,ACT,2000-07-05,72.0,190,Michigan; UMass Amherst,2,2024,,,4
00-0039774,Omar Speights,LB,LA,48.0,ACT,2001-03-02,73.0,235,LSU; Oregon State,2,2024,,,4
00-0039775,Elias Neal,LB,LA,58.0,DEV,2001-09-11,72.0,226,Marshall,2,2024,,,4
00-0039776,Jaylen McCollough,DB,LA,2.0,ACT,2000-10-12,72.0,211,Tennessee,2,2024,,,4
00-0039780,Cam Lampkin,DB,LA,21.0,ACT,2001-07-31,71.0,173,Washington State; Utah State,2,2024,,,4
00-0039783,Anthony Goodlow,DL,CAR,96.0,DEV,2000-07-25,77.0,300,Oklahoma State,2,2024,,,4
00-0039784,Justin Dedich,OL,LA,67.0,RES,2000-04-21,74.0,295,USC,2,2024,,,4
00-0039789,Qwan'tez Stiggers,DB,NYJ,37.0,ACT,2002-01-08,72.0,197,,2,2024,NYJ,176.0,4
00-0039790,Olumuyiwa Fashanu,OL,NYJ,74.0,ACT,2002-12-09,78.0,312,Penn State,2,2024,NYJ,11.0,4
00-0039791,Adisa Isaac,LB,BAL,50.0,DEV,2001-10-04,76.0,253,Penn State,2,2024,BAL,93.0,4
00-0039792,Devontez Walker,WR,BAL,81.0,ACT,2001-06-19,73.0,200,North Carolina; Kent State; North Carolina Central,2,2024,BAL,113.0,4
00-0039793,AJ Barner,TE,SEA,88.0,ACT,2002-05-03,78.0,251,Michigan; Indiana,2,2024,SEA,121.0,4
00-0039794,Braelon Allen,RB,NYJ,0.0,ACT,2004-01-20,73.0,235,Wisconsin,2,2024,NYJ,134.0,4
00-0039795,Nehemiah Pritchett,DB,SEA,28.0,ACT,2001-02-11,72.0,190,Auburn,2,2024,SEA,136.0,4
00-0039796,Rasheen Ali,RB,BAL,26.0,ACT,2001-02-16,71.0,209,Marshall,2,2024,BAL,165.0,4
00-0039798,Isaiah Davis,RB,NYJ,32.0,ACT,2002-02-21,73.0,220,South Dakota State,2,2024,NYJ,173.0,4
00-0039800,DJ James,DB,NYG,36.0,CUT,2001-03-05,72.0,164,Auburn; Oregon,2,2024,SEA,192.0,1
00-0039807,Max Melton,DB,ARI,16.0,ACT,2002-04-15,71.0,190,Rutgers,2,2024,AZ,43.0,4
00-0039808,Isaiah Adams,OL,ARI,74.0,ACT,2000-07-21,76.0,315,Illinois; Garden City CC,2,2024,AZ,71.0,4
00-0039809,Jonah Elliss,LB,DEN,52.0,ACT,2003-04-03,74.0,246,Utah,2,2024,DEN,76.0,4
00-0039811,MarShawn Lloyd,RB,GB,32.0,ACT,2001-01-05,69.0,220,USC; South Carolina,2,2024,GB,88.0,4
00-0039812,Ty'Ron Hopper,LB,GB,59.0,ACT,2001-04-26,74.0,228,Missouri; Florida,2,2024,GB,91.0,4
00-0039813,Evan Williams,DB,GB,33.0,ACT,2001-07-28,71.0,200,Oregon; Fresno State,2,2024,GB,111.0,4
00-0039814,Erick All,TE,CIN,83.0,ACT,2000-09-13,77.0,255,Iowa; Michigan,2,2024,CIN,115.0,4
00-0039815,Tyrice Knight,LB,SEA,48.0,ACT,1999-12-20,72.0,235,Texas-El Paso; Independence Comm. College,2,2024,SEA,118.0,4
00-0039816,Anthony Gould,WR,IND,6.0,ACT,2001-04-06,68.0,172,Oregon State,2,2024,IND,142.0,4
00-0039817,Jacob Monk,OL,GB,62.0,ACT,2001-06-04,75.0,308,Duke,2,2024,GB,163.0,4
00-0039818,Kitan Oladapo,DB,GB,27.0,ACT,2000-10-10,74.0,217,Oregon State,2,2024,GB,169.0,4
00-0039819,Travis Glover,OL,GB,79.0,ACT,2000-08-17,78.0,317,Georgia State,2,2024,GB,202.0,4
00-0039821,Andru Phillips,DB,NYG,22.0,ACT,2001-11-30,71.0,180,Kentucky,2,2024,NYG,70.0,4
00-0039822,Kiran Amegadjie,OL,PHI,73.0,DEV,2002-02-01,77.0,326,Yale,2,2024,CHI,75.0,4
00-0039823,Elijah Jones,DB,NYG,37.0,CUT,2000-01-08,73.0,184,Boston College,2,2024,AZ,90.0,3
00-0039824,Jared Wiley,TE,KC,12.0,ACT,2000-11-02,78.0,249,TCU; Texas,2,2024,KC,131.0,4
00-0039825,Jaden Hicks,DB,KC,21.0,ACT,2002-08-16,73.0,212,Washington State,2,2024,KC,133.0,4
00-0039826,Jeremiah Trotter Jr.,LB,PHI,54.0,ACT,2002-12-24,72.0,225,Clemson,2,2024,PHI,155.0,4
00-0039827,Hunter Nourzad,OL,KC,64.0,ACT,2000-11-26,75.0,320,Penn State; Cornell,2,2024,KC,159.0,4
00-0039828,Walter Rouse,OL,NE,72.0,ACT,2001-03-09,78.0,314,Oklahoma; Stanford,2,2024,MIN,177.0,4
00-0039829,Darius Muasau,LB,NE,54.0,ACT,2001-02-10,73.0,230,UCLA; Hawaii,2,2024,NYG,183.0,4
00-0039830,Dylan McMahon,OL,LA,63.0,ACT,2001-01-22,75.0,290,N.C. State,2,2024,PHI,190.0,4
00-0039831,Kamal Hadden,DB,GB,36.0,ACT,2001-01-17,73.0,192,Tennessee; Independence Comm. College; Auburn,2,2024,KC,211.0,4
00-0039832,Jarrett Kingston,OL,MIA,62.0,ACT,1999-12-02,76.0,308,USC; Washington State,2,2024,SF,215.0,4
00-0039833,C.J. Hanson,OL,KC,61.0,RES,2001-03-03,77.0,305,Holy Cross,2,2024,KC,248.0,1
00-0039834,Kamren Kinchens,DB,LA,5.0,ACT,2002-09-29,72.0,201,Miami,2,2024,LAR,99.0,4
00-0039835,Justin Eboigbe,DL,LAC,92.0,ACT,2001-04-09,77.0,292,Alabama,2,2024,LAC,105.0,4
00-0039836,Brennan Jackson,LB,LV,54.0,RES,2000-10-14,76.0,264,Washington State,2,2024,LAR,154.0,4
00-0039837,Bralen Trice,LB,ATL,48.0,DEV,2001-02-26,76.0,274,Washington,2,2024,ATL,74.0,4
00-0039838,Calen Bullock,DB,HOU,2.0,ACT,2003-04-30,75.0,190,USC,2,2024,HOU,78.0,4
00-0039839,Christian Haynes,OL,SEA,64.0,ACT,2000-04-13,75.0,317,Connecticut,2,2024,SEA,81.0,4
00-0039840,Austin Booker,DL,CHI,94.0,ACT,2002-12-14,78.0,245,Kansas; Minnesota,2,2024,CHI,144.0,4
00-0039841,Cooper DeJean,DB,PHI,33.0,ACT,2003-02-09,72.0,198,Iowa,2,2024,PHI,40.0,4
00-0039842,Michael Jerrell,OL,ATL,72.0,ACT,1999-08-18,77.0,309,Findlay,2,2024,SEA,207.0,4
00-0039843,Qadir Ismail,TE,CHI,80.0,DEV,2000-02-17,78.0,232,Samford; Villanova,2,2024,,,4
00-0039844,Kingsley Suamataia,OL,KC,76.0,ACT,2003-01-18,76.0,325,BYU; Oregon,2,2024,KC,63.0,4
00-0039846,Tykee Smith,DB,TB,23.0,ACT,2001-02-18,70.0,205,Georgia; West Virginia,2,2024,TB,89.0,4
00-0039847,Theo Johnson,TE,NYG,84.0,ACT,2001-02-26,78.0,264,Penn State,2,2024,NYG,107.0,4
00-0039849,Marvin Harrison Jr.,WR,ARI,18.0,ACT,2002-08-11,75.0,220,Ohio State,2,2024,AZ,4.0,4
00-0039850,Edgerrin Cooper,LB,GB,56.0,ACT,2001-11-17,74.0,229,Texas A&M,2,2024,GB,45.0,4
00-0039851,Drake Maye,QB,NE,10.0,ACT,2002-08-30,76.0,225,North Carolina,2,2024,NE,3.0,4
00-0039852,Jared Verse,DL,CLE,8.0,ACT,2000-11-04,76.0,260,Florida State; Albany,2,2024,LAR,19.0,4
00-0039854,Darius Robinson,DL,ARI,56.0,ACT,2001-09-13,77.0,290,Missouri,2,2024,AZ,27.0,4
00-0039855,Jalen McMillan,WR,TB,11.0,RES,2001-12-07,73.0,192,Washington,2,2024,TB,92.0,4
00-0039857,Blake Fisher,OL,HOU,57.0,ACT,2003-03-25,78.0,312,Notre Dame,2,2024,HOU,59.0,4
00-0039858,Cedric Gray,LB,TEN,33.0,ACT,2002-10-30,74.0,240,North Carolina,2,2024,TEN,106.0,4
00-0039859,Brandon Dorlus,DL,ATL,54.0,ACT,2001-03-22,75.0,295,Oregon,2,2024,ATL,109.0,4
00-0039860,Kool-Aid McKinstry,DB,NO,1.0,ACT,2002-09-30,71.0,199,Alabama,2,2024,NO,41.0,4
00-0039861,Tyler Nubin,DB,NYG,27.0,ACT,2001-06-14,74.0,210,Minnesota,2,2024,NYG,47.0,4
00-0039862,Ennis Rakestraw Jr.,DB,DET,2.0,ACT,2002-06-05,71.0,192,Missouri,2,2024,DET,61.0,4
00-0039863,Caedan Wallace,OL,MIA,77.0,ACT,2000-04-18,77.0,314,Penn State; West Virginia,2,2024,NE,68.0,4
00-0039864,Dadrion Taylor-Demerson,DB,ARI,42.0,ACT,2001-01-20,70.0,200,Texas Tech,2,2024,AZ,104.0,4
00-0039867,Javon Bullard,DB,GB,7.0,ACT,2002-09-05,70.0,195,Georgia,2,2024,GB,58.0,4
00-0039868,Troy Franklin,WR,DEN,11.0,ACT,2003-02-06,75.0,180,Oregon,2,2024,DEN,102.0,4
00-0039871,Troy Fautanu,OL,PIT,76.0,ACT,2000-10-11,76.0,317,Washington,2,2024,PIT,20.0,4
00-0039872,Cole Bishop,DB,BUF,24.0,ACT,2002-10-24,74.0,207,Utah,2,2024,BUF,60.0,4
00-0039873,DeWayne Carter,DL,BUF,90.0,ACT,2000-12-10,74.0,305,Duke,2,2024,BUF,95.0,4
00-0039874,Jaylen Wright,RB,MIA,5.0,ACT,2003-04-01,70.0,205,Tennessee,2,2024,MIA,120.0,4
00-0039875,Ray Davis,RB,BUF,7.0,ACT,1999-11-20,68.0,211,Kentucky; Vanderbilt; Temple,2,2024,BUF,128.0,4
00-0039876,Sedrick Van Pran-Granger,OL,IND,63.0,ACT,2001-10-23,76.0,315,Georgia,2,2024,BUF,141.0,4
00-0039877,Mohamed Kamara,LB,TB,59.0,RES,2000-06-09,73.0,250,Colorado State,2,2024,MIA,158.0,4
00-0039878,Edefuan Ulofoshio,LB,CLE,54.0,RES,2000-01-23,73.0,236,Washington,2,2024,BUF,160.0,4
00-0039879,Javon Solomon,LB,BUF,56.0,ACT,2001-01-17,73.0,249,Troy,2,2024,BUF,168.0,4
00-0039880,Malik Washington,WR,MIA,6.0,ACT,2000-10-20,68.0,194,Virginia; Northwestern,2,2024,MIA,184.0,4
00-0039881,Patrick McMorris,DB,SF,24.0,CUT,2001-10-18,72.0,210,California; San Diego State,2,2024,MIA,198.0,1
00-0039882,Tylan Grable,OL,BUF,68.0,ACT,1999-10-04,77.0,313,UCF; Jacksonville State,2,2024,BUF,204.0,4
00-0039883,Daequan Hardy,DB,PIT,31.0,RES,2001-06-13,69.0,178,Penn State,2,2024,BUF,219.0,4
00-0039884,Tahj Washington,WR,PHI,48.0,CUT,2001-05-16,70.0,175,USC; Memphis,2,2024,MIA,241.0,1
00-0039886,T'Vondre Sweat,DL,NYJ,99.0,ACT,2001-07-11,76.0,366,Texas,2,2024,TEN,38.0,4
00-0039888,Quinyon Mitchell,DB,PHI,27.0,ACT,2001-07-18,72.0,196,Toledo,2,2024,PHI,22.0,4
00-0039889,Maason Smith,DL,ATL,92.0,ACT,2002-10-13,77.0,306,LSU,2,2024,JAX,48.0,4
00-0039890,Adonai Mitchell,WR,NYJ,15.0,ACT,2002-10-08,74.0,205,Texas; Georgia,2,2024,IND,52.0,4
00-0039893,Brian Thomas Jr.,WR,JAX,7.0,ACT,2002-10-08,74.0,209,LSU,2,2024,JAX,23.0,4
00-0039894,Xavier Worthy,WR,KC,1.0,ACT,2003-04-27,71.0,165,Texas,2,2024,KC,28.0,4
00-0039895,Mike Hall Jr.,DL,CLE,51.0,ACT,2003-06-13,75.0,300,Ohio State,2,2024,CLE,54.0,4
00-0039896,Zach Frazier,OL,PIT,54.0,ACT,2001-08-29,75.0,310,West Virginia,2,2024,PIT,51.0,4
00-0039897,Joe Alt,OL,LAC,76.0,ACT,2003-02-28,80.0,322,Notre Dame,2,2024,LAC,5.0,4
00-0039898,Mike Sainristil,DB,WAS,0.0,ACT,2000-10-03,70.0,182,Michigan,2,2024,WAS,50.0,4
00-0039899,Patrick Paul,OL,MIA,52.0,ACT,2001-11-01,79.0,325,Houston,2,2024,MIA,55.0,4
00-0039901,Keon Coleman,WR,BUF,0.0,ACT,2003-05-17,75.0,215,Florida State; Michigan State,2,2024,BUF,33.0,4
00-0039902,Chris Braswell,LB,HOU,53.0,ACT,2001-10-25,75.0,255,Alabama,2,2024,TB,57.0,4
00-0039903,Terrion Arnold,DB,SEA,17.0,EXE,2003-03-22,72.0,196,Alabama,2,2024,DET,24.0,4
00-0039904,Jordan Morgan,OL,GB,77.0,ACT,2001-08-04,77.0,311,Arizona,2,2024,GB,25.0,4
00-0039905,Graham Barton,OL,TB,62.0,ACT,2002-06-01,77.0,311,Duke,2,2024,TB,26.0,4
00-0039906,Jer'Zhan Newton,DL,WAS,95.0,RES,2002-08-31,74.0,295,Illinois,2,2024,WAS,36.0,4
00-0039907,Ja'Lynn Polk,WR,NO,13.0,RET,2002-04-11,73.0,204,Washington; Texas Tech,2,2024,NE,37.0,4
00-0039908,Kris Jenkins,DL,CIN,90.0,ACT,2001-10-10,75.0,310,Michigan,2,2024,CIN,49.0,4
00-0039910,Jayden Daniels,QB,WAS,5.0,INA,2000-12-18,76.0,210,LSU; Arizona State,2,2024,WAS,2.0,4
00-0039911,Chop Robinson,LB,MIA,44.0,ACT,2003-01-02,75.0,265,Penn State; Maryland,2,2024,MIA,21.0,4
00-0039912,Ben Sinnott,TE,WAS,82.0,ACT,2002-06-14,76.0,245,Kansas State,2,2024,WAS,53.0,4
00-0039913,Brandon Coleman,OL,WAS,74.0,ACT,2000-10-12,78.0,320,TCU; Trinity Valley CC,2,2024,WAS,67.0,4
00-0039915,Ladd McConkey,WR,LAC,15.0,ACT,2001-11-11,72.0,185,Georgia,2,2024,LAC,34.0,4
00-0039916,Ricky Pearsall,WR,SF,1.0,RES,2000-09-09,73.0,190,Florida; Arizona State,2,2024,SF,31.0,4
00-0039917,Michael Penix Jr.,QB,ATL,9.0,ACT,2000-05-08,75.0,220,Washington; Indiana,2,2024,ATL,8.0,4
00-0039918,Caleb Williams,QB,CHI,18.0,ACT,2001-11-18,73.0,226,USC; Oklahoma,2,2024,CHI,1.0,4
00-0039919,Rome Odunze,WR,CHI,15.0,ACT,2002-06-03,75.0,215,Washington,2,2024,CHI,9.0,4
00-0039920,Malachi Corley,WR,CLE,11.0,ACT,2002-03-21,71.0,215,Western Kentucky,2,2024,NYJ,65.0,4
00-0039921,Trey Benson,RB,ARI,33.0,RES,2002-07-23,72.0,225,Florida State; Oregon,2,2024,AZ,66.0,4
00-0039923,J.J. McCarthy,QB,NYG,18.0,ACT,2003-01-20,75.0,219,Michigan,2,2024,MIN,10.0,4
00-0039924,Dallas Turner,LB,MIN,15.0,ACT,2003-02-02,75.0,247,Alabama,2,2024,MIN,17.0,4
00-0039925,Amarius Mims,OL,CIN,71.0,ACT,2002-10-14,80.0,350,Georgia,2,2024,CIN,18.0,4
00-0039926,Jalen Sundell,OL,SEA,61.0,ACT,1999-10-18,77.0,300,North Dakota State,2,2024,,,4
00-0039930,Travis Clayton,DL,BUF,67.0,DEV,2001-02-17,79.0,301,,2,2024,BUF,221.0,4
00-0039931,Julius Welschof,LB,PIT,45.0,DEV,1997-03-12,78.0,266,Charlotte,2,2024,,,4
00-0039932,Laekin Vakalahi,OL,LAC,78.0,DEV,2003-01-28,77.0,327,,2,2024,,,4
00-0039936,Thomas Yassmin,TE,GB,84.0,RES,1999-10-21,77.0,251,Utah,2,2024,,,4
00-0039938,David Olajiga,DL,BAL,65.0,DEV,1997-11-03,75.0,310,Central Missouri; Butler County JC,2,2024,,,4
00-0039944,Jamie Sheriff,LB,LA,54.0,DEV,2000-08-18,73.0,265,South Alabama; Mississippi Gulf Coast CC,2,2024,,,4
00-0039946,Kyon Barrs,DL,CAR,67.0,CUT,2001-11-09,74.0,290,USC,2,2024,,,1
00-0039956,Elliott Brown,LB,ARI,41.0,CUT,1998-02-02,77.0,205,Virginia,2,2025,,,1
00-0039959,Tra Fluellen,DB,GB,48.0,CUT,2001-03-22,74.0,210,Middle Tennessee State,2,2025,,,1
00-0040003,Lenny Krieg,K,GB,38.0,DEV,2002-03-08,74.0,208,,1,2025,,,4
00-0040004,T.J. Maguranyanga,LB,WAS,59.0,RES,2002-12-22,76.0,234,,1,2025,,,1
00-0040007,Tyler Booker,OL,DAL,52.0,ACT,2004-04-12,77.0,330,Alabama,1,2025,DAL,12.0,4
00-0040008,Shavon Revel Jr.,DB,DAL,28.0,ACT,2002-04-12,74.0,198,East Carolina; Louisburg,1,2025,DAL,76.0,4
00-0040009,Savion Williams,WR,GB,83.0,RES,2001-11-22,76.0,222,TCU,1,2025,GB,87.0,4
00-0040010,Barryn Sorrell,LB,GB,99.0,ACT,2002-12-22,75.0,256,Texas,1,2025,GB,124.0,4
00-0040011,Shemar James,LB,DAL,50.0,ACT,2004-06-24,73.0,235,Florida,1,2025,DAL,152.0,4
00-0040012,Collin Oliver,LB,GB,45.0,RES,2002-09-23,74.0,240,Oklahoma State,1,2025,GB,159.0,4
00-0040013,Smael Mondon Jr.,LB,PHI,42.0,ACT,2003-02-13,74.0,225,Georgia,1,2025,PHI,161.0,4
00-0040014,Kyle McCord,QB,MIA,14.0,ACT,2002-09-19,75.0,220,Syracuse; Ohio State,1,2025,PHI,181.0,4
00-0040015,Myles Hinton,OL,CIN,77.0,ACT,2002-01-09,78.0,342,Michigan; Stanford,1,2025,PHI,191.0,4
00-0040016,Warren Brinson,DL,GB,91.0,RES,2002-02-04,77.0,315,Georgia,1,2025,GB,198.0,4
00-0040017,Ajani Cornelius,OL,DAL,65.0,ACT,2002-05-21,77.0,318,Oregon; Rhode Island,1,2025,DAL,204.0,4
00-0040018,Antwaun Powell-Ryland,DL,CIN,56.0,CUT,2002-02-23,75.0,252,Virginia Tech; Florida,1,2025,PHI,209.0,1
00-0040019,Jay Toia,DL,ARI,92.0,DEV,2003-07-16,74.0,342,UCLA; USC,1,2025,DAL,217.0,4
00-0040020,Micah Robinson,DB,TEN,21.0,ACT,2002-02-05,71.0,184,Tulane,1,2025,GB,237.0,4
00-0040021,Phil Mafah,RB,NYG,36.0,DEV,2002-10-24,73.0,230,Clemson,1,2025,DAL,239.0,4
00-0040022,Tommy Akingbesote,DL,JAX,74.0,CUT,2003-02-25,76.0,316,Maryland,1,2025,DAL,247.0,1
00-0040023,John Williams,OL,GB,73.0,ACT,2002-01-17,76.0,322,Cincinnati,1,2025,GB,250.0,4
00-0040024,Darius Cooper,WR,PHI,80.0,ACT,2001-11-22,71.0,210,Tarleton State,1,2025,,,4
00-0040026,Maxen Hook,DB,SEA,43.0,ACT,2001-08-19,72.0,205,Toledo,1,2025,,,4
00-0040033,Johnathan Baldwin,DB,GB,37.0,RES,2003-02-08,72.0,200,UNLV,1,2025,,,4
00-0040034,Brant Banks,OL,NYJ,75.0,DEV,2000-05-01,79.0,306,Rice,1,2025,,,4
00-0040037,Jamon Johnson,LB,BAL,47.0,CUT,2001-11-28,73.0,245,Kentucky; Georgia,1,2025,,,4
00-0040039,Amar Johnson,RB,LAC,35.0,DEV,2003-01-31,70.0,205,South Dakota State,1,2025,,,4
00-0040041,Nazir Stackhouse,DL,TEN,93.0,ACT,2002-04-18,76.0,327,Georgia,1,2025,,,4
00-0040043,Justin Barron,LB,DAL,45.0,ACT,2001-10-25,76.0,235,Syracuse,1,2025,,,4
00-0040044,Zion Childress,DB,CAR,32.0,DEV,2002-01-21,71.0,203,Kentucky; Texas State-San Marcos,1,2025,,,4
00-0040045,Alijah Clark,DB,DAL,11.0,ACT,2003-07-11,73.0,200,Syracuse; Rutgers,1,2025,,,4
00-0040046,Rivaldo Fairweather,TE,ARI,45.0,CUT,2002-07-19,75.0,251,Auburn; Florida International,1,2025,,,1
00-0040049,Josh Kelly,WR,HOU,85.0,DEV,2001-07-01,73.0,195,Texas Tech; Washington State; Fresno State,1,2025,,,4
00-0040054,Seth Coleman-Lyles,DL,MIA,90.0,CUT,2000-12-07,77.0,250,Illinois,1,2025,,,1
00-0040055,Jalan Gaines,DL,SEA,47.0,CUT,,,245,,1,2025,,,1
00-0040056,Jared Ivey,LB,ATL,51.0,ACT,2001-12-05,78.0,274,Mississippi; Georgia Tech,1,2025,,,4
00-0040058,Nick Kallerup,TE,SEA,89.0,ACT,2001-03-27,77.0,266,Minnesota,1,2025,,,4
00-0040059,Amari Kight,OL,SEA,79.0,RES,2000-12-21,79.0,318,UCF; Alabama,1,2025,,,1
00-0040060,Marshall Lang,TE,MIN,81.0,CUT,2001-10-15,76.0,246,Northwestern,1,2025,,,1
00-0040061,Connor O'Toole,LB,SEA,57.0,ACT,2002-08-27,75.0,248,Utah,1,2025,,,4
00-0040063,J.R. Singleton,DL,SEA,70.0,CUT,2002-02-13,73.0,305,Iowa State,1,2025,,,1
00-0040064,Wy'Kevious Thomas,DL,SEA,69.0,CUT,2000-07-05,74.0,303,South Alabama,1,2025,,,1
00-0040065,Isas Waxter,DB,LAC,37.0,DEV,2001-09-17,73.0,209,Villanova,1,2025,,,4
00-0040066,Jackson Woodard,LB,MIA,42.0,ACT,2002-07-02,74.0,229,UNLV; Arkansas,1,2025,,,4
00-0040067,Jacardia Wright,RB,SEA,31.0,DEV,2000-09-26,72.0,220,Missouri State; Kansas State,1,2025,,,4
00-0040068,Emery Jones Jr.,OL,BAL,51.0,ACT,2004-03-05,77.0,325,LSU,1,2025,BAL,91.0,4
00-0040069,Teddye Buchanan,LB,BAL,40.0,ACT,2002-10-03,74.0,240,California,1,2025,BAL,129.0,4
00-0040070,Carson Vinson,OL,BAL,76.0,ACT,2001-11-13,79.0,325,Alabama A&M,1,2025,BAL,141.0,4
00-0040071,Mac McWilliams,DB,PHI,22.0,ACT,2001-11-29,70.0,191,UCF; UAB,1,2025,PHI,145.0,4
00-0040072,Jeffrey Bassa,LB,KC,31.0,ACT,2002-09-20,74.0,235,Oregon,1,2025,KC,156.0,4
00-0040073,Bilhal Kone,DB,BAL,31.0,RES,2002-03-03,73.0,190,Western Michigan; Iowa Central CC-Eagle Grove,1,2025,BAL,178.0,4
00-0040074,Tyler Loop,K,BAL,33.0,ACT,2001-08-04,71.0,190,Arizona,1,2025,BAL,186.0,4
00-0040075,LaJohntay Wester,WR,BAL,10.0,ACT,2002-03-29,69.0,180,Colorado; Florida Atlantic,1,2025,BAL,203.0,4
00-0040076,Aeneas Peebles,DL,BAL,90.0,ACT,2001-09-03,72.0,300,Virginia Tech; Duke,1,2025,BAL,210.0,4
00-0040077,Robert Longerbeam,DB,ATL,37.0,ACT,2001-01-18,71.0,178,Rutgers,1,2025,BAL,212.0,4
00-0040078,Brashard Smith,RB,KC,24.0,ACT,2003-04-11,70.0,196,SMU; Miami,1,2025,KC,228.0,4
00-0040079,Garrett Dellinger,OL,TEN,71.0,ACT,2002-02-18,77.0,330,LSU,1,2025,BAL,243.0,4
00-0040081,Jake Briningstool,TE,KC,88.0,ACT,2002-12-09,78.0,240,Clemson,1,2025,,,4
00-0040083,Dalton Cooper,OL,GB,78.0,DEV,2001-03-15,78.0,326,Oklahoma State; Texas State-San Marcos,1,2025,,,4
00-0040087,Brandon George,LB,PHI,45.0,CUT,2000-11-19,75.0,240,Pittsburgh,1,2025,,,1
00-0040088,Coziah Izzard,DL,CLE,68.0,CUT,2001-11-06,75.0,305,Penn State,1,2025,,,1
00-0040089,Kevin Knowles,DB,TB,38.0,ACT,2003-04-09,71.0,190,Florida State,1,2025,,,4
00-0040092,Esa Pole,OL,WAS,77.0,DEV,2001-07-04,79.0,319,Washington State; Chabot College,1,2025,,,4
00-0040093,Melvin Smith Jr.,DB,KC,39.0,DEV,2002-04-12,73.0,185,Southern Arkansas,1,2025,,,4
00-0040094,Tre Watson,TE,MIA,87.0,DEV,2002-10-12,77.0,250,Texas A&M; Fresno State,1,2025,,,4
00-0040098,Gerad Lichtenhan,OL,BAL,78.0,DEV,2001-12-03,80.0,330,Oregon State,1,2025,,,4
00-0040099,Xavier Guillory,WR,BAL,16.0,DEV,2001-07-13,74.0,210,Arizona State; Idaho State,1,2025,,,4
00-0040100,Jay Higgins,LB,BAL,49.0,ACT,2002-02-14,72.0,230,Iowa,1,2025,,,4
00-0040101,Reid Holskey,OL,IND,65.0,DEV,2002-01-03,78.0,306,Miami (Ohio),1,2025,,,4
00-0040104,Keondre Jackson,DB,BAL,39.0,ACT,2002-05-02,74.0,215,Illinois State,1,2025,,,4
00-0040105,Jayson Jones,DL,TB,93.0,DEV,2001-10-29,78.0,340,Auburn; Oregon,1,2025,,,4
00-0040106,Reuben Lowery,DB,IND,36.0,RET,2002-07-30,69.0,204,Tennessee-Chattanooga,1,2025,,,4
00-0040108,Chandler Martin,LB,NYG,55.0,DEV,2002-12-11,72.0,230,Memphis; East Tennessee State,1,2025,,,4
00-0040112,Marquise Robinson,DB,BAL,28.0,CUT,2002-07-16,73.0,192,Arkansas; South Alabama,1,2025,,,1
00-0040116,Josh Simmons,OL,KC,71.0,ACT,2002-12-26,77.0,310,Ohio State; San Diego State,1,2025,KC,32.0,4
00-0040118,Cooper McDonald,LB,KC,44.0,RES,2001-08-07,75.0,240,TCU; San Diego State,1,2025,,,4
00-0040120,Jimmy Holiday,WR,KC,82.0,RES,2001-12-16,73.0,211,Louisiana Tech; Western Kentucky; Tennessee,1,2025,,,4
00-0040122,Ashton Jeanty,RB,LV,2.0,ACT,2003-12-02,68.0,208,Boise State,1,2025,LV,6.0,4
00-0040123,Armand Membou,OL,NYJ,70.0,ACT,2004-03-27,76.0,332,Missouri,1,2025,NYJ,7.0,4
00-0040124,Tetairoa McMillan,WR,CAR,4.0,ACT,2003-04-05,77.0,220,Arizona,1,2025,CAR,8.0,4
00-0040125,Kelvin Banks Jr.,OL,NO,71.0,RES,2004-03-10,77.0,315,Texas,1,2025,NO,9.0,4
00-0040126,Colston Loveland,TE,CHI,84.0,ACT,2004-04-09,78.0,241,Michigan,1,2025,CHI,10.0,4
00-0040127,Kenneth Grant,DL,MIA,78.0,RES,2003-10-27,75.0,326,Michigan,1,2025,MIA,13.0,4
00-0040128,Tyler Warren,TE,IND,84.0,ACT,2002-05-24,78.0,256,Penn State,1,2025,IND,14.0,4
00-0040129,Emeka Egbuka,WR,TB,2.0,ACT,2002-10-14,73.0,205,Ohio State,1,2025,TB,19.0,4
00-0040130,Jayden Higgins,WR,HOU,81.0,RES,2002-12-15,76.0,215,Iowa State; Eastern Kentucky,1,2025,HOU,34.0,4
00-0040131,Kyle Williams,WR,NE,18.0,ACT,2002-11-13,71.0,190,Washington State,1,2025,NE,69.0,4
00-0040132,Landon Jackson,DL,BUF,94.0,ACT,2003-01-02,78.0,264,Arkansas; LSU,1,2025,BUF,72.0,4
00-0040133,Azareye'h Thomas,DB,NYJ,1.0,ACT,2004-07-06,73.0,198,Florida State,1,2025,NYJ,73.0,4
00-0040134,Pat Bryant,WR,DEN,13.0,ACT,2002-12-10,74.0,204,Illinois,1,2025,DEN,74.0,4
00-0040135,Nick Martin,LB,SF,45.0,RES,2002-10-13,71.0,220,Oklahoma State,1,2025,SF,75.0,4
00-0040136,Princely Umanmielen,LB,CAR,3.0,ACT,2002-04-18,76.0,255,Mississippi; Florida,1,2025,CAR,77.0,4
00-0040137,Jordan Burch,LB,ARI,52.0,ACT,2001-10-10,76.0,280,Oregon; South Carolina,1,2025,AZ,78.0,4
00-0040138,Jaylin Noel,WR,HOU,13.0,ACT,2002-09-04,71.0,200,Iowa State,1,2025,HOU,79.0,4
00-0040139,Justin Walley,DB,IND,27.0,ACT,2002-09-22,71.0,190,Minnesota,1,2025,IND,80.0,4
00-0040140,Dylan Fairchild,OL,CIN,63.0,ACT,2003-05-08,77.0,315,Georgia,1,2025,CIN,81.0,4
00-0040141,Kevin Winston Jr.,DB,TEN,23.0,ACT,2003-12-02,74.0,213,Penn State,1,2025,TEN,82.0,4
00-0040142,Kaleb Johnson,RB,GB,26.0,ACT,2003-08-14,72.0,224,Iowa,1,2025,PIT,83.0,4
00-0040143,Jacob Parrish,DB,TB,25.0,ACT,2004-02-29,70.0,198,Kansas State,1,2025,TB,84.0,4
00-0040144,Jamaree Caldwell,DL,LAC,99.0,ACT,2000-08-30,73.0,340,Oregon; Houston; Independence Comm. College,1,2025,LAC,86.0,4
00-0040145,Caleb Ransaw,DB,JAX,27.0,ACT,2002-12-22,72.0,196,Tulane; Troy,1,2025,JAX,88.0,4
00-0040146,Wyatt Milum,OL,JAX,64.0,ACT,2002-12-27,78.0,317,West Virginia,1,2025,JAX,89.0,4
00-0040147,Jared Wilson,OL,NE,55.0,ACT,2003-06-05,75.0,310,Georgia,1,2025,NE,95.0,4
00-0040148,Xavier Watts,DB,ATL,31.0,ACT,2001-11-22,72.0,203,Notre Dame,1,2025,ATL,96.0,4
00-0040149,Jaylin Smith,DB,HOU,22.0,ACT,2003-11-05,71.0,187,USC,1,2025,HOU,97.0,4
00-0040150,Caleb Rogers,OL,LV,76.0,ACT,2001-10-03,76.0,310,Texas Tech,1,2025,LV,98.0,4
00-0040151,Charles Grant,OL,LV,60.0,ACT,2002-03-22,76.0,304,William & Mary,1,2025,LV,99.0,4
00-0040152,Upton Stout,DB,SF,20.0,ACT,2002-01-09,69.0,182,Western Kentucky; North Texas,1,2025,SF,100.0,4
00-0040153,Sai'vion Jones,DL,DEN,95.0,ACT,2003-07-03,77.0,289,LSU,1,2025,DEN,101.0,4
00-0040154,Tai Felton,WR,MIN,13.0,ACT,2003-03-15,73.0,186,Maryland,1,2025,MIN,102.0,4
00-0040155,Danny Stutsman,LB,NO,28.0,ACT,2003-03-10,75.0,236,Oklahoma,1,2025,NO,112.0,4
00-0040156,Billy Bowman Jr.,DB,ATL,33.0,ACT,2003-01-29,70.0,192,Oklahoma,1,2025,ATL,118.0,4
00-0040157,Barrett Carter,LB,CIN,49.0,ACT,2002-10-23,72.0,230,Clemson,1,2025,CIN,119.0,4
00-0040158,David Walker,LB,TB,51.0,ACT,2000-06-03,74.0,263,Central Arkansas; Southern Arkansas,1,2025,TB,121.0,4
00-0040159,Lathan Ransom,DB,CAR,22.0,ACT,2002-07-16,72.0,202,Ohio State,1,2025,CAR,122.0,4
00-0040160,Jack Sawyer,LB,PIT,33.0,ACT,2002-05-06,76.0,260,Ohio State,1,2025,PIT,123.0,4
00-0040161,Kyle Kennard,LB,LAC,54.0,RES,2001-12-12,77.0,254,South Carolina,1,2025,LAC,125.0,1
00-0040162,Dylan Sampson,RB,CLE,22.0,RES,2004-09-14,68.0,201,Tennessee,1,2025,CLE,126.0,4
00-0040163,Jalen Travis,OL,IND,75.0,ACT,2002-04-19,80.0,339,Iowa State; Princeton,1,2025,IND,127.0,4
00-0040164,Jaylin Lane,WR,WAS,83.0,ACT,2002-05-01,70.0,196,Virginia Tech; Middle Tennessee State,1,2025,WAS,128.0,4
00-0040165,Malachi Moore,DB,NYJ,27.0,ACT,2001-09-13,71.0,196,Alabama,1,2025,NYJ,130.0,4
00-0040166,Quincy Riley,DB,NO,29.0,ACT,2001-05-26,71.0,195,Louisville; Middle Tennessee State,1,2025,NO,131.0,4
00-0040167,Ruben Hyppolite II,LB,CHI,47.0,RES,2001-09-16,72.0,240,Maryland,1,2025,CHI,132.0,4
00-0040168,Que Robinson,LB,DEN,51.0,ACT,2001-05-12,76.0,241,Alabama,1,2025,DEN,134.0,4
00-0040169,Tonka Hemingway,DL,LV,97.0,ACT,2001-10-31,74.0,285,South Carolina,1,2025,LV,135.0,4
00-0040170,Elic Ayomanor,WR,TEN,5.0,ACT,2003-06-03,74.0,206,Stanford,1,2025,TEN,136.0,4
00-0040171,Joshua Farmer,DL,NE,92.0,ACT,2003-01-17,75.0,312,Florida State,1,2025,NE,137.0,4
00-0040172,Jordan Watkins,WR,SF,17.0,ACT,2002-02-15,71.0,196,Mississippi; Louisville,1,2025,SF,138.0,4
00-0040173,Tyrion Ingram-Dawkins,DL,MIN,90.0,ACT,2003-06-26,77.0,290,Georgia,1,2025,MIN,139.0,4
00-0040174,Cam Jackson,DL,CAR,99.0,ACT,2002-08-07,78.0,340,Florida; Memphis,1,2025,CAR,140.0,4
00-0040175,Jordan Phillips,DL,MIA,94.0,ACT,2004-06-30,75.0,324,Maryland; Tennessee,1,2025,MIA,143.0,4
00-0040176,Bradyn Swinson,LB,PIT,57.0,DEV,2002-07-04,76.0,255,LSU; Oregon,1,2025,NE,146.0,4
00-0040177,Jordan James,RB,SF,29.0,ACT,2004-03-29,69.0,210,Oregon,1,2025,SF,147.0,4
00-0040178,Jason Marshall Jr.,DB,MIA,4.0,ACT,2002-09-06,72.0,204,Florida,1,2025,MIA,150.0,4
00-0040179,DJ Giddens,RB,IND,21.0,INA,2003-08-26,73.0,212,Kansas State,1,2025,IND,151.0,4
00-0040180,Jalen Rivers,OL,CIN,74.0,ACT,2002-09-12,77.0,319,Miami,1,2025,CIN,153.0,4
00-0040181,Marcus Mbow,OL,NYG,71.0,ACT,2003-04-02,77.0,300,Purdue,1,2025,NYG,154.0,4
00-0040182,Dante Trader Jr.,DB,MIA,11.0,ACT,2003-02-13,71.0,202,Maryland,1,2025,MIA,155.0,4
00-0040183,Elijah Roberts,DL,TB,95.0,ACT,2001-12-24,76.0,295,SMU; Miami,1,2025,TB,157.0,4
00-0040184,KeAndre Lambert-Smith,WR,LAC,84.0,RES,2001-10-16,73.0,185,Auburn; Penn State,1,2025,LAC,158.0,4
00-0040185,Marques Sigle,DB,SF,36.0,ACT,2002-07-18,71.0,197,Kansas State; North Dakota State,1,2025,SF,160.0,4
00-0040186,Francisco Mauigoa,LB,NYJ,51.0,ACT,2003-03-17,74.0,230,Miami; Washington State,1,2025,NYJ,162.0,4
00-0040187,Mitchell Evans,TE,CAR,84.0,ACT,2003-05-18,77.0,265,Notre Dame,1,2025,CAR,163.0,4
00-0040188,Yahya Black,DL,PIT,94.0,ACT,2002-04-21,77.0,330,Iowa,1,2025,PIT,164.0,4
00-0040189,Oronde Gadsden II,TE,LAC,86.0,ACT,2003-06-25,77.0,236,Syracuse,1,2025,LAC,165.0,4
00-0040190,Jackson Slater,OL,TEN,64.0,RES,2003-05-30,75.0,320,Sacramento State,1,2025,TEN,167.0,4
00-0040192,Jordan Hancock,DB,BUF,37.0,RES,2003-08-12,73.0,195,Ohio State,1,2025,BUF,170.0,4
00-0040193,Miles Frazier,OL,DET,71.0,ACT,2001-09-12,78.0,325,LSU; Florida International,1,2025,DET,171.0,4
00-0040194,Jackson Hawes,TE,BUF,85.0,ACT,2000-12-06,76.0,253,Georgia Tech; Yale,1,2025,BUF,173.0,4
00-0040195,Denzel Burke,DB,ARI,29.0,ACT,2002-11-10,71.0,190,Ohio State,1,2025,AZ,174.0,4
00-0040196,Tyler Baron,LB,NYJ,94.0,RES,2001-10-22,76.0,260,Miami; Tennessee,1,2025,NYJ,176.0,4
00-0040197,Dorian Strong,DB,BUF,43.0,RES,2002-03-14,72.0,185,Virginia Tech,1,2025,BUF,177.0,4
00-0040198,Ollie Gordon II,RB,MIA,0.0,ACT,2004-01-15,74.0,225,Oklahoma State,1,2025,MIA,179.0,4
00-0040199,JJ Pegues,DL,LV,92.0,ACT,2001-11-25,74.0,325,Mississippi; Auburn,1,2025,LV,180.0,4
00-0040200,Andy Borregales,K,NE,8.0,ACT,2003-01-02,71.0,202,Miami,1,2025,NE,182.0,4
00-0040201,Marcus Harris,DB,TEN,26.0,ACT,2001-03-06,71.0,191,California; Idaho; Oregon State,1,2025,TEN,183.0,4
00-0040202,Devin Neal,RB,MIN,24.0,DEV,2003-08-12,71.0,215,Kansas,1,2025,NO,184.0,4
00-0040203,Will Howard,QB,PIT,18.0,INA,2001-09-24,76.0,235,Ohio State; Kansas State,1,2025,PIT,185.0,4
00-0040204,Jaylen Reed,DB,NE,23.0,ACT,2003-01-29,72.0,212,Penn State,1,2025,HOU,187.0,4
00-0040205,Kalel Mullings,RB,TEN,31.0,DEV,2002-10-04,74.0,226,Michigan,1,2025,TEN,188.0,4
00-0040206,Riley Leonard,QB,IND,15.0,ACT,2002-09-13,76.0,216,Notre Dame; Duke,1,2025,IND,189.0,4
00-0040207,Tim Smith,DL,IND,93.0,ACT,2002-08-09,76.0,306,Alabama,1,2025,IND,190.0,4
00-0040208,Tahj Brooks,RB,CIN,25.0,ACT,2002-05-13,69.0,220,Texas Tech,1,2025,CIN,193.0,4
00-0040209,Jalen McLeod,LB,JAX,35.0,ACT,2002-06-05,73.0,236,Auburn; Appalachian State,1,2025,JAX,194.0,4
00-0040210,Luke Newman,OL,CHI,65.0,ACT,2002-03-03,76.0,310,Michigan State; Holy Cross,1,2025,CHI,195.0,4
00-0040211,Graham Mertz,QB,HOU,18.0,RES,2000-12-06,74.0,215,Florida; Wisconsin,1,2025,HOU,197.0,4
00-0040212,Branson Taylor,OL,LAC,71.0,RES,2002-02-13,78.0,330,Pittsburgh,1,2025,LAC,199.0,4
00-0040213,Rayuan Lane III,DB,JAX,25.0,ACT,2003-07-21,71.0,197,Navy,1,2025,JAX,200.0,4
00-0040215,Gavin Bartholomew,TE,MIN,86.0,ACT,2003-04-30,77.0,250,Pittsburgh,1,2025,MIN,202.0,4
00-0040216,Kain Medrano,LB,WAS,56.0,ACT,2001-02-16,75.0,230,UCLA,1,2025,WAS,205.0,4
00-0040217,Chase Lundt,OL,BUF,77.0,DEV,2000-06-16,79.0,305,Connecticut,1,2025,BUF,206.0,4
00-0040218,Jimmy Horn Jr.,WR,CLE,19.0,DEV,2002-09-12,68.0,180,Colorado; University of South Florida,1,2025,CAR,208.0,4
00-0040219,Hayden Conner,OL,ARI,58.0,ACT,2002-04-26,78.0,315,Texas,1,2025,AZ,211.0,4
00-0040221,R.J. Mickens,DB,LAC,27.0,ACT,2001-07-10,72.0,210,Clemson,1,2025,LAC,214.0,4
00-0040222,Cam Miller,QB,MIA,15.0,CUT,2001-06-18,72.0,212,North Dakota State,1,2025,LV,215.0,1
00-0040223,Jeremy Crawshaw,P,DEN,16.0,ACT,2001-05-22,75.0,205,Florida,1,2025,DEN,216.0,4
00-0040224,Jack Nelson,OL,MIN,79.0,DEV,2002-01-15,79.0,316,Wisconsin,1,2025,ATL,218.0,4
00-0040225,Thomas Fidone II,TE,NYG,86.0,ACT,2002-09-20,78.0,255,Nebraska,1,2025,NYG,219.0,4
00-0040226,Marcus Bryant,OL,NE,52.0,RES,2002-06-22,79.0,317,Missouri; SMU,1,2025,NE,220.0,4
00-0040227,Jonah Monheim,OL,JAX,60.0,ACT,2002-06-07,77.0,310,USC,1,2025,JAX,221.0,4
00-0040228,Cody Lindenberg,LB,LV,55.0,ACT,2002-01-15,74.0,235,Minnesota,1,2025,LV,222.0,4
00-0040229,Kyonte Hamilton,DL,HOU,58.0,CUT,2002-11-07,76.0,304,Rutgers,1,2025,HOU,224.0,1
00-0040230,Kitan Crawford,DB,ARI,36.0,RES,2001-12-31,71.0,202,Nevada; Texas,1,2025,AZ,225.0,4
00-0040231,Carson Bruener,LB,PIT,44.0,ACT,2001-06-06,73.0,226,Washington,1,2025,PIT,226.0,4
00-0040232,Donte Kent,DB,PIT,34.0,RES,2001-09-28,70.0,189,Central Michigan,1,2025,PIT,229.0,4
00-0040233,Dan Jackson,DB,DET,17.0,CUT,2000-11-30,73.0,190,Georgia,1,2025,DET,230.0,1
00-0040234,Quinn Ewers,QB,JAX,10.0,ACT,2003-03-15,74.0,210,Texas; Ohio State,1,2025,MIA,231.0,4
00-0040235,Hunter Wohler,DB,IND,30.0,ACT,2003-01-12,74.0,213,Wisconsin,1,2025,IND,232.0,4
00-0040236,Kyle Monangai,RB,CHI,25.0,ACT,2002-06-06,68.0,209,Rutgers,1,2025,CHI,233.0,4
00-0040237,Tez Johnson,WR,TB,15.0,ACT,2002-05-18,70.0,165,Oregon; Troy,1,2025,TB,235.0,4
00-0040238,LeQuint Allen Jr.,RB,JAX,5.0,ACT,2004-08-05,72.0,201,Syracuse,1,2025,JAX,236.0,4
00-0040239,Kaden Prather,WR,GB,89.0,CUT,,,210,,1,2025,BUF,240.0,1
00-0040240,Caleb Lohner,TE,DEN,84.0,RES,2001-10-01,79.0,250,Utah; Baylor,1,2025,DEN,241.0,4
00-0040241,Dominic Lovett,WR,DET,19.0,DEV,2002-11-08,70.0,185,Georgia; Missouri,1,2025,DET,244.0,4
00-0040242,Jacory Croskey-Merritt,RB,WAS,22.0,ACT,2001-04-12,71.0,208,Arizona; New Mexico; Alabama State,1,2025,WAS,245.0,4
00-0040243,Korie Black,DB,NYG,38.0,RES,2002-06-22,72.0,190,Oklahoma State,1,2025,NYG,246.0,4
00-0040244,Moliki Matavao,TE,NO,80.0,RES,2003-03-17,78.0,263,UCLA,1,2025,NO,248.0,4
00-0040245,Connor Colby,OL,SF,75.0,ACT,2003-01-16,77.0,310,Iowa,1,2025,SF,249.0,4
00-0040246,Julian Ashby,LS,NE,47.0,ACT,2002-07-08,73.0,231,Vanderbilt; Furman,1,2025,NE,251.0,4
00-0040247,Junior Bergen,WR,NYJ,30.0,CUT,2002-10-23,69.0,184,Montana,1,2025,SF,252.0,1
00-0040248,Zeek Biggers,DL,MIA,93.0,ACT,2003-10-04,78.0,315,Georgia Tech,1,2025,MIA,253.0,4
00-0040249,Fadil Diggs,LB,NO,40.0,DEV,2001-10-05,76.0,260,Syracuse; Texas A&M,1,2025,NO,254.0,4
00-0040251,Trikweze Bridges,DB,CIN,24.0,DEV,2000-09-20,74.0,200,Florida; Oregon,1,2025,LAC,256.0,4
00-0040252,Kobee Minor,DB,NE,19.0,CUT,2002-07-08,71.0,190,Memphis; Indiana; Texas Tech,1,2025,NE,257.0,1
00-0040255,Adin Huntington,DL,CLE,98.0,ACT,2002-03-18,73.0,281,Tulane; Louisiana-Monroe; Kent State,1,2025,,,4
00-0040259,Gage Larvadain,WR,BAL,84.0,DEV,2003-01-03,68.0,171,South Carolina; Miami (Ohio),1,2025,,,4
00-0040260,Ahmani Marshall,RB,CAR,37.0,DEV,2002-03-21,73.0,225,Appalachian State; Wake Forest,1,2025,,,4
00-0040261,Easton Mascarenas-Arnold,LB,CLE,42.0,ACT,2002-09-13,71.0,227,USC; Oregon State,1,2025,,,4
00-0040263,Donovan McMillon,DB,CLE,31.0,ACT,2002-06-18,74.0,205,Pittsburgh; Florida,1,2025,,,4
00-0040265,Ja'Seem Reed,WR,CAR,86.0,ACT,2003-03-21,74.0,195,San Diego,1,2025,,,4
00-0040268,Major Burns,DB,MIA,43.0,DEV,2002-05-22,74.0,209,LSU; Georgia,1,2025,,,4
00-0040270,Power Echols,LB,SEA,46.0,CUT,2003-01-20,72.0,225,North Carolina,1,2025,,,1
00-0040273,Tysheem Johnson,DB,SEA,36.0,CUT,2002-09-30,70.0,200,Oregon; Mississippi,1,2025,,,1
00-0040275,JP Richardson,WR,CHI,83.0,DEV,2002-03-23,71.0,195,TCU; Oklahoma State,1,2025,,,4
00-0040277,Jahdae Walker,WR,CHI,9.0,ACT,2002-07-05,75.0,205,Texas A&M; Grand Valley,1,2025,,,4
00-0040279,Ryan Fitzgerald,K,CAR,10.0,ACT,2000-08-13,71.0,201,Florida State,1,2025,,,4
00-0040283,Jared Harrison-Hunte,DL,ARI,98.0,DEV,2000-07-22,76.0,294,SMU; Miami,1,2025,,,4
00-0040284,Jack Henderson,DB,PIT,48.0,CUT,2001-12-26,74.0,205,Minnesota; Southeastern Louisiana,1,2025,,,1
00-0040289,Bam Martin-Scott,LB,CAR,54.0,RES,2000-07-04,74.0,235,South Carolina; Dodge City CC,1,2025,,,4
00-0040293,Michael Reid,DB,NO,42.0,ACT,2002-05-24,74.0,200,South Dakota; Monmouth,1,2025,,,4
00-0040295,Trevian Thomas,DB,JAX,34.0,CUT,2002-03-04,71.0,196,Arkansas State,1,2025,,,1
00-0040296,Corey Thornton,DB,CAR,31.0,DEV,2001-01-30,73.0,204,Louisville,1,2025,,,4
00-0040298,Andrew Armstrong,WR,KC,85.0,DEV,2000-10-31,76.0,210,Arkansas; East Texas A&M,1,2025,,,4
00-0040299,Eugene Asante,LB,ARI,48.0,DEV,2000-01-22,73.0,222,Auburn; North Carolina,1,2025,,,4
00-0040302,A.J. Henning,WR,MIA,88.0,DEV,2001-09-09,70.0,192,Northwestern; Michigan,1,2025,,,4
00-0040304,Alex Huntley,DL,MIA,96.0,CUT,2001-10-08,76.0,298,South Carolina,1,2025,,,1
00-0040307,Josh Priebe,OL,MIN,68.0,DEV,2001-07-30,77.0,306,Michigan; Northwestern,1,2025,,,4
00-0040310,John Saunders Jr.,DB,NYJ,25.0,CUT,2001-10-24,74.0,210,Mississippi; Miami (Ohio),1,2025,,,4
00-0040311,Theo Wease Jr.,WR,LAC,82.0,DEV,2001-06-25,74.0,210,Missouri; Oklahoma,1,2025,,,4
00-0040313,Kam Arnold,LB,KC,53.0,CUT,2002-02-19,73.0,228,Boston College,1,2025,,,1
00-0040314,Ricky Barber,DL,WAS,50.0,DEV,2001-01-31,75.0,295,UCF; Western Kentucky,1,2025,,,4
00-0040317,Jacoby Jones,WR,WAS,84.0,CUT,2001-07-18,75.0,228,UCF; Ohio,1,2025,,,1
00-0040318,Ale Kaho,LB,WAS,51.0,ACT,2000-04-07,74.0,230,UCLA; Alabama,1,2025,,,4
00-0040319,Robert McDaniel,DB,TB,39.0,CUT,2000-10-18,74.0,207,Jackson State University; Alcorn State,1,2025,,,1
00-0040320,Timothy McKay,OL,JAX,67.0,CUT,2002-01-15,76.0,311,North Carolina,1,2025,,,1
00-0040322,Car'lin Vigers,DB,PIT,42.0,DEV,2000-08-16,74.0,200,Louisiana-Monroe; Independence Comm. College,1,2025,,,4
00-0040323,Chandler Brayboy,WR,NE,15.0,DEV,2001-08-20,73.0,199,Elon,1,2025,,,4
00-0040324,Cam Camper,WR,NYJ,88.0,CUT,,,195,,1,2025,,,1
00-0040326,Branson Combs,LB,JAX,50.0,ACT,2000-07-14,75.0,227,Wake Forest,1,2025,,,4
00-0040328,Ethan Downs,LB,KC,40.0,RES,2002-10-13,76.0,263,Oklahoma,1,2025,,,4
00-0040329,BJ Green II,DL,JAX,95.0,RES,2003-07-03,73.0,270,Colorado; Arizona State,1,2025,,,4
00-0040331,Patrick Herbert,TE,LAC,81.0,ACT,2000-10-18,77.0,255,Oregon,1,2025,,,4
00-0040332,Ja'Quinden Jackson,RB,PHI,45.0,CUT,2001-09-12,74.0,228,Arkansas; Utah; Texas,1,2025,,,1
00-0040336,Jabbar Muhammad,DB,JAX,37.0,ACT,2001-12-28,70.0,185,Oregon; Washington; Oklahoma State,1,2025,,,4
00-0040337,Eli Pancol,WR,IND,83.0,DEV,2000-07-07,75.0,205,Duke,1,2025,,,4
00-0040338,Keivie Rose,DL,JAX,97.0,CUT,2000-12-14,75.0,303,Arkansas; Louisiana Tech,1,2025,,,1
00-0040339,Cam'Ron Silmon-Craig,DB,JAX,42.0,DEV,2002-10-30,70.0,185,Colorado; Jackson State University,1,2025,,,4
00-0040341,Doneiko Slaughter,DB,PIT,40.0,ACT,2001-11-08,72.0,190,Arkansas; Tennessee,1,2025,,,4
00-0040342,Danny Striggow,DL,JAX,92.0,ACT,2002-07-24,77.0,255,Minnesota,1,2025,,,4
00-0040347,Johnathan Edwards,DB,IND,35.0,DEV,2001-11-16,73.0,200,Tulane,1,2025,,,4
00-0040349,Marshall Foerner,OL,TB,74.0,CUT,,,299,,1,2025,,,1
00-0040352,Coleman Owen,WR,GB,9.0,DEV,2001-03-23,70.0,191,Ohio; Northern Arizona,1,2025,,,4
00-0040357,Trey Washington,DB,IND,41.0,DEV,2002-12-09,70.0,205,Mississippi,1,2025,,,4
00-0040359,Jacob Bayer,OL,CIN,69.0,ACT,2002-12-12,75.0,310,Arkansas State; Lamar,1,2025,,,4
00-0040361,Stephen Gosnell,WR,BUF,89.0,DEV,2001-10-22,73.0,198,Virginia Tech; North Carolina,1,2025,,,4
00-0040362,Keonta Jenkins,LB,BUF,49.0,DEV,2002-01-26,74.0,225,Virginia Tech,1,2025,,,4
00-0040363,Keleki Latu,TE,BUF,83.0,ACT,2002-08-13,78.0,249,Washington; Nevada,1,2025,,,4
00-0040364,Wande Owens,DB,BUF,38.0,CUT,2001-03-26,71.0,210,New Hampshire; Yale,1,2025,,,1
00-0040365,Daryl Porter,DB,PIT,27.0,CUT,2002-02-03,70.0,185,Miami; West Virginia,1,2025,,,1
00-0040369,Howard Cross III,DL,CIN,95.0,DEV,2001-07-31,73.0,288,Notre Dame,1,2025,,,4
00-0040371,Eric Gregory,DL,NE,95.0,DEV,2000-09-13,75.0,318,Arkansas,1,2025,,,4
00-0040372,Bralyn Lux,DB,CIN,21.0,ACT,2000-08-28,70.0,179,Texas Tech,1,2025,,,4
00-0040374,Seth McLaughlin,OL,DET,65.0,ACT,2001-08-27,76.0,305,Ohio State; Alabama,1,2025,,,4
00-0040375,Jordan Moore,WR,CIN,14.0,DEV,2002-04-18,72.0,191,Duke,1,2025,,,4
00-0040379,William Wagner,LS,CIN,46.0,ACT,2000-12-20,74.0,240,Michigan,1,2025,,,4
00-0040380,Jeremiah Byers,OL,CLE,63.0,CUT,2001-03-23,76.0,331,Florida State; Texas-El Paso,1,2025,,,1
00-0040382,Josh Fryar,OL,ARI,78.0,ACT,2002-02-12,77.0,320,Ohio State,1,2025,,,4
00-0040384,Elijah Simmons,DL,TB,92.0,ACT,2001-07-26,73.0,335,Tennessee,1,2025,,,4
00-0040387,Zach Horton,TE,DET,43.0,CUT,2002-12-02,76.0,252,Indiana; James Madison,1,2025,,,1
00-0040388,Jakobie Keeney-James,WR,PIT,23.0,CUT,2000-09-26,73.0,195,UMass Amherst; Eastern Washington,1,2025,,,1
00-0040390,Jackson Meeks,TE,DET,13.0,ACT,2003-03-24,74.0,235,Syracuse,1,2025,,,4
00-0040391,Mason Miller,OL,DET,63.0,DEV,2001-11-26,79.0,305,North Dakota State,1,2025,,,4
00-0040392,Caden Prieskorn,TE,CAR,40.0,CUT,1999-09-21,77.0,255,Mississippi; Memphis,1,2025,,,1
00-0040394,Anthony Tyus III,RB,CAR,34.0,ACT,2003-03-20,73.0,222,Ohio,1,2025,,,4
00-0040395,Jared Bartlett,LB,JAX,45.0,RES,2001-04-01,74.0,237,Cincinnati; West Virginia,1,2025,,,4
00-0040396,Dean Clark,DB,NYJ,35.0,CUT,2001-06-01,72.0,206,Fresno State; Kent State,1,2025,,,1
00-0040397,Jordan Clark,DB,NYJ,33.0,DEV,2001-04-22,69.0,185,Notre Dame; Arizona State,1,2025,,,4
00-0040398,Brady Cook,QB,MIA,15.0,ACT,2001-10-12,74.0,215,Missouri,1,2025,,,4
00-0040400,Donovan Edwards,RB,MIA,36.0,CUT,2003-02-25,73.0,212,Michigan,1,2025,,,1
00-0040401,Gus Hartwig,OL,DET,60.0,CUT,2002-01-21,77.0,315,Purdue,1,2025,,,1
00-0040403,Fatorma Mulbah,DL,MIA,95.0,CUT,2002-09-07,76.0,306,West Virginia; Penn State,1,2025,,,1
00-0040404,Payton Page,DL,NYJ,98.0,DEV,2002-09-27,76.0,300,Clemson,1,2025,,,4
00-0040405,Jamaal Pritchett,WR,NYJ,81.0,ACT,2003-06-10,68.0,175,South Alabama; Tuskegee University,1,2025,,,4
00-0040406,Quentin Skinner,WR,BUF,18.0,CUT,2001-12-24,75.0,195,Kansas,1,2025,,,1
00-0040407,Aaron Smith,LB,SEA,42.0,CUT,,,234,,1,2025,,,1
00-0040409,Austin Brinkman,LS,HOU,40.0,ACT,2002-06-20,76.0,241,West Virginia,1,2025,,,4
00-0040410,Eli Cox,OL,JAX,66.0,DEV,2000-10-19,76.0,311,Kentucky,1,2025,,,4
00-0040411,Alijah Huzzie,DB,HOU,28.0,DEV,2001-01-16,70.0,195,North Carolina; East Tennessee State,1,2025,,,4
00-0040413,K.C. Ossai,LB,HOU,52.0,RES,2002-11-05,74.0,241,Louisiana,1,2025,,,4
00-0040414,Junior Tafuna,DL,HOU,91.0,DEV,2001-02-27,75.0,308,Utah,1,2025,,,4
00-0040415,Connor Bazelak,QB,TB,16.0,CUT,2000-09-22,75.0,225,Bowling Green; Indiana; Missouri,1,2025,,,1
00-0040416,John Bullock,LB,TB,30.0,CUT,2001-04-22,72.0,230,Nebraska,1,2025,,,1
00-0040417,Benjamin Chukwuma,OL,TB,70.0,ACT,2001-05-08,78.0,310,Georgia State,1,2025,,,4
00-0040419,Garrett Greene,WR,TB,85.0,DEV,2001-10-12,71.0,201,West Virginia,1,2025,,,4
00-0040420,Nash Hutmacher,OL,TB,64.0,CUT,2001-05-15,76.0,310,Nebraska,1,2025,,,1
00-0040422,Jake Majors,OL,PHI,75.0,DEV,2002-01-17,75.0,306,Texas,1,2025,,,4
00-0040423,Roman Parodie,DB,TB,37.0,CUT,,,204,,1,2025,,,1
00-0040425,JJ Roberts,DB,TB,36.0,DEV,2001-09-22,72.0,195,Marshall,1,2025,,,4
00-0040427,Ben Scott,OL,TB,66.0,DEV,2001-01-09,77.0,310,Nebraska; Arizona State,1,2025,,,4
00-0040429,Josh Williams,RB,TB,18.0,DEV,2000-06-09,68.0,210,LSU,1,2025,,,4
00-0040431,Dalen Cambre,WR,NYG,83.0,DEV,2001-04-10,72.0,192,Louisiana,1,2025,,,4
00-0040432,Beaux Collins,WR,ATL,88.0,RES,2002-12-16,75.0,206,Notre Dame; Clemson,1,2025,,,4
00-0040434,Trace Ford,LB,NYG,48.0,ACT,2001-01-24,74.0,252,Oklahoma; Oklahoma State,1,2025,,,4
00-0040438,Antwane Wells Jr.,WR,ATL,82.0,DEV,2001-04-02,72.0,205,Mississippi; South Carolina; James Madison,1,2025,,,4
00-0040442,Marques Cox,OL,MIA,70.0,CUT,1999-12-28,77.0,311,Kentucky; Northern Illinois,1,2025,,,1
00-0040445,Courtney Jackson,WR,TEN,39.0,CUT,2001-03-13,71.0,189,Arkansas State,1,2025,,,1
00-0040446,Joseph Michalski,OL,NE,60.0,CUT,2001-04-06,77.0,306,Oklahoma State,1,2025,,,1
00-0040449,Karene Reid,LB,DEN,47.0,ACT,2000-02-19,72.0,226,Utah,1,2025,,,4
00-0040450,Jaden Robinson,DB,NYG,33.0,DEV,2000-11-14,72.0,190,Oregon State,1,2025,,,4
00-0040451,Xavier Truss,OL,CLE,67.0,DEV,2001-07-13,79.0,309,Georgia,1,2025,,,4
00-0040452,Johnny Walker Jr.,LB,DEN,59.0,DEV,2001-12-12,75.0,250,Missouri,1,2025,,,4
00-0040454,Kristian Williams,DL,DEN,75.0,CUT,2000-12-05,74.0,295,Missouri,1,2025,,,1
00-0040457,Jermaine Terry,TE,CLE,85.0,CUT,,,245,,1,2025,,,1
00-0040458,TeRah Edwards,DL,CAR,93.0,ACT,2001-06-03,74.0,305,Illinois; Northwestern,1,2025,,,4
00-0040460,Marlowe Wax,LB,LAC,58.0,ACT,2002-12-13,73.0,236,Syracuse,1,2025,,,4
00-0040464,DJ Uiagalelei,QB,LAC,7.0,ACT,2001-04-17,76.0,252,Florida State; Oregon State; Clemson,1,2025,,,4
00-0040466,Raheim Sanders,RB,CLE,23.0,ACT,2002-06-08,72.0,230,South Carolina; Arkansas,1,2025,,,4
00-0040467,Josh Kaltenberger,OL,LAC,68.0,DEV,2001-08-10,78.0,308,Maryland; Purdue,1,2025,,,4
00-0040468,Eric Rogers,DB,LAC,39.0,CUT,2002-04-02,74.0,189,Rutgers,1,2025,,,1
00-0040471,Nikko Reed,DB,NYG,35.0,ACT,2003-03-03,70.0,180,Oregon; Colorado,1,2025,,,4
00-0040472,Garmon Randolph,LB,CIN,56.0,DEV,2000-10-05,80.0,260,Baylor,1,2025,,,4
00-0040473,Myles Purchase,DB,LAC,41.0,CUT,2002-11-26,71.0,205,Iowa State,1,2025,,,1
00-0040476,Ulysses Bentley IV,RB,NO,37.0,DEV,2000-12-30,70.0,200,Mississippi; SMU,1,2025,,,4
00-0040479,Hudson Clark,DB,ARI,37.0,CUT,,,191,,1,2025,,,1
00-0040486,Jah Joyner,DL,SF,96.0,CUT,,,265,,1,2025,,,1
00-0040487,Treven Ma'ae,DL,LV,68.0,CUT,2001-02-26,75.0,290,Baylor; Oregon,1,2025,,,1
00-0040488,Carter Runyon,TE,LV,84.0,RES,2001-07-23,76.0,243,Towson; Shenandoah University,1,2025,,,4
00-0040489,Greedy Vance,DB,LV,22.0,DEV,2001-10-08,70.0,177,USC; Florida State; Louisville,1,2025,,,4
00-0040492,Tyler Batty,LB,MIN,92.0,RES,1999-05-02,77.0,271,BYU,1,2025,,,4
00-0040494,Max Brosmer,QB,MIN,12.0,ACT,2001-03-28,74.0,218,Minnesota; New Hampshire,1,2025,,,4
00-0040495,Logan Brown,OL,SEA,73.0,DEV,2001-04-17,78.0,315,Kansas; Wisconsin,1,2025,,,4
00-0040496,Chaz Chambliss,LB,MIN,32.0,ACT,2002-10-25,73.0,244,Georgia,1,2025,,,4
00-0040497,Zeke Correll,OL,PHI,63.0,CUT,2000-11-10,75.0,306,N.C. State,1,2025,,,1
00-0040498,Dontae Fleming,WR,MIN,19.0,RES,2001-11-28,74.0,180,Tulane,1,2025,,,1
00-0040499,Keenan Garber,DB,NYJ,45.0,CUT,2000-07-22,72.0,188,Kansas State,1,2025,,,1
00-0040500,Joe Huber,OL,MIN,60.0,ACT,2002-05-02,77.0,310,Wisconsin,1,2025,,,4
00-0040501,Austin Keys,LB,WAS,57.0,DEV,2002-04-03,74.0,247,Auburn; Mississippi,1,2025,,,4
00-0040503,Dorian Mausi,LB,TEN,54.0,RES,2002-03-05,73.0,234,Auburn; Duke,1,2025,,,4
00-0040504,Bryson Nesbit,TE,MIN,83.0,RES,2002-09-25,77.0,235,North Carolina,1,2025,,,1
00-0040506,Myles Price,WR,MIN,4.0,ACT,2001-12-16,69.0,183,Indiana; Texas Tech,1,2025,,,4
00-0040507,Zemaiah Vaughn,DB,MIN,5.0,ACT,2002-04-02,75.0,180,Utah,1,2025,,,4
00-0040509,Ben Yurosek,TE,MIN,85.0,RES,2002-03-17,76.0,251,Georgia; Stanford,1,2025,,,4
00-0040512,Brandon Crenshaw-Dickson,OL,TEN,78.0,ACT,2001-02-22,79.0,316,Florida; San Diego State,1,2025,,,4
00-0040517,Cam Horsley,DL,ARI,93.0,DEV,2002-02-06,75.0,312,Boston College,1,2025,,,4
00-0040518,Jalen Kimber,DB,CIN,40.0,CUT,2001-02-13,72.0,190,Penn State; Florida,1,2025,,,1
00-0040522,Xavier Restrepo,WR,TEN,87.0,DEV,2002-04-12,70.0,202,Miami,1,2025,,,4
00-0040526,Tre Stewart,RB,ARI,26.0,CUT,,,192,,1,2025,,,1
00-0040527,Sebastian Castro,DB,PIT,49.0,DEV,2000-10-14,71.0,203,Iowa,1,2025,,,4
00-0040528,JJ Galbreath,TE,IND,47.0,CUT,2001-08-05,76.0,240,South Dakota,1,2025,,,1
00-0040530,Ben Sauls,K,NYG,30.0,CUT,2001-07-31,70.0,185,Pittsburgh,1,2025,,,1
00-0040531,Roc Taylor,WR,CAR,39.0,CUT,,,213,,1,2025,,,1
00-0040534,Ke'Shawn Williams,WR,CIN,12.0,DEV,2001-12-27,69.0,189,Indiana; Wake Forest,1,2025,,,4
00-0040535,Dalys Beanum,DB,NO,37.0,CUT,2002-10-12,73.0,200,South Dakota State,1,2025,,,1
00-0040537,Elliott Davison,DB,NE,27.0,DEV,2001-12-19,72.0,200,Texas-San Antonio,1,2025,,,4
00-0040539,Easton Kilty,OL,NO,73.0,DEV,2002-05-01,78.0,307,Kansas State; North Dakota,1,2025,,,4
00-0040541,Torricelli Simpkins III,OL,CAR,65.0,ACT,2002-06-06,77.0,312,South Carolina; North Carolina Central,1,2025,,,4
00-0040546,Cobee Bryant,DB,ATL,37.0,CUT,2001-09-17,72.0,175,Kansas,1,2025,,,1
00-0040547,Nate Carter,RB,KC,35.0,DEV,2002-05-22,70.0,202,Michigan State; Connecticut,1,2025,,,4
00-0040548,Joshua Gray,OL,MIN,79.0,CUT,2000-03-13,77.0,310,Oregon State,1,2025,,,1
00-0040550,Dontae Manning,DB,CHI,27.0,RES,2001-09-17,70.0,190,Oregon,1,2025,,,1
00-0040551,Nick Nash,WR,WAS,19.0,CUT,1999-07-08,75.0,195,San Jose State,1,2025,,,1
00-0040552,Joshua Simon,TE,WAS,47.0,DEV,2000-11-27,76.0,240,South Carolina; Western Kentucky,1,2025,,,1
00-0040553,Quincy Skinner Jr.,WR,GB,39.0,DEV,2003-02-28,74.0,205,Vanderbilt,1,2025,,,4
00-0040554,Malik Verdon,LB,ATL,43.0,CUT,2002-10-31,76.0,220,Iowa State,1,2025,,,1
00-0040556,Corey Kiner,RB,NE,9.0,ACT,2002-01-21,69.0,210,Cincinnati; LSU,1,2025,,,4
00-0040557,Drew Moss,OL,TEN,67.0,ACT,2003-05-21,75.0,310,Colorado State; Lamar,1,2025,,,4
00-0040558,Isaiah Neyor,WR,GB,80.0,DEV,2001-06-07,76.0,220,Nebraska; Texas; Wyoming,1,2025,,,4
00-0040559,Jakob Robinson,DB,TEN,43.0,DEV,2000-10-04,70.0,181,BYU; Utah State,1,2025,,,4
00-0040560,Sebastian Valdez,DL,SF,55.0,ACT,2002-08-01,75.0,301,Washington; Montana State,1,2025,,,4
00-0040563,Efton Chism III,WR,NE,86.0,ACT,2001-10-26,70.0,200,Eastern Washington,1,2025,,,4
00-0040564,Jack Conley,OL,NE,67.0,CUT,2001-06-15,79.0,325,Boston College,1,2025,,,1
00-0040565,Brandon Crossley,DB,NE,39.0,CUT,2001-01-17,72.0,185,SMU; Colorado State,1,2025,,,1
00-0040566,CJ Dippre,TE,TB,82.0,DEV,2002-04-29,77.0,256,Alabama; Maryland,1,2025,,,4
00-0040567,Brock Lampe,RB,BUF,45.0,DEV,2003-03-31,73.0,252,Northern Illinois,1,2025,,,4
00-0040568,Lan Larison,RB,NE,34.0,DEV,2001-10-11,71.0,209,UC Davis,1,2025,,,4
00-0040570,Jeremiah Webb,WR,NE,29.0,RES,2001-05-17,71.0,196,South Alabama; South Dakota,1,2025,,,4
00-0040572,Jahvaree Ritzie,DL,MIN,96.0,DEV,2003-01-31,76.0,290,North Carolina,1,2025,,,4
00-0040573,Cam Riley,LB,MIA,38.0,CUT,2002-03-29,77.0,237,Florida State; Auburn,1,2025,,,1
00-0040574,Elijah Ponder,LB,NE,91.0,ACT,2002-08-29,75.0,261,Cal Poly (San Luis Obispo),1,2025,,,4
00-0040576,Josh Minkins,DB,ARI,38.0,CUT,,,200,,1,2025,,,1
00-0040577,Jalon Walker,LB,ATL,11.0,RES,2004-02-24,74.0,245,Georgia,1,2025,ATL,15.0,4
00-0040578,James Pearce Jr.,LB,ATL,27.0,RES,2003-10-12,77.0,243,Tennessee,1,2025,ATL,26.0,4
00-0040579,Carson Schwesinger,LB,CLE,49.0,ACT,2003-02-24,75.0,242,UCLA,1,2025,CLE,33.0,4
00-0040580,Josaiah Stewart,LB,LA,10.0,ACT,2003-04-26,73.0,251,Michigan; Coastal Carolina,1,2025,LAR,90.0,4
00-0040581,Dont'e Thornton Jr.,WR,LV,10.0,RES,2002-11-30,77.0,205,Tennessee; Oregon,1,2025,LV,108.0,4
00-0040582,Arian Smith,WR,NYJ,82.0,RES,2001-10-11,72.0,179,Georgia,1,2025,NYJ,110.0,4
00-0040583,Woody Marks,RB,HOU,4.0,ACT,2000-12-29,70.0,208,USC; Mississippi State,1,2025,HOU,116.0,4
00-0040584,Gunnar Helm,TE,TEN,84.0,ACT,2002-09-06,77.0,241,Texas,1,2025,TEN,120.0,4
00-0040585,Ty Hamilton,DL,LA,57.0,ACT,2002-04-15,75.0,301,Ohio State,1,2025,LAR,148.0,4
00-0040586,Jaydon Blue,RB,PHI,30.0,DEV,2004-01-08,69.0,200,Texas,1,2025,DAL,149.0,4
00-0040587,Drew Kendall,OL,PHI,66.0,ACT,2001-11-27,76.0,308,Boston College,1,2025,PHI,168.0,4
00-0040588,Pooh Paul Jr.,LB,SEA,49.0,CUT,2002-11-04,73.0,235,Mississippi,1,2025,LAR,172.0,1
00-0040589,Kurtis Rourke,QB,SF,14.0,ACT,2000-10-25,76.0,223,Indiana,1,2025,SF,227.0,4
00-0040590,Konata Mumpfield,WR,LA,4.0,ACT,2002-10-24,73.0,185,Pittsburgh; Akron,1,2025,LAR,242.0,4
00-0040593,Mehki Butler,OL,NE,63.0,CUT,2001-04-03,75.0,320,Arkansas State; Iowa Western CC,1,2025,,,1
00-0040594,Jamil Muhammad,DL,CLE,67.0,CUT,2001-02-01,73.0,260,USC; Georgia State; Vanderbilt,1,2025,,,1
00-0040595,Bill Norton,DL,LA,93.0,DEV,2000-07-07,78.0,335,Texas; Arizona; Georgia,1,2025,,,4
00-0040597,Brennan Presley,WR,LA,81.0,DEV,2002-02-02,68.0,174,Oklahoma State,1,2025,,,4
00-0040598,Mark Redman,TE,GB,86.0,ACT,2002-01-20,77.0,255,Louisville; San Diego State,1,2025,,,4
00-0040600,Nate Valcarcel,DB,LA,43.0,CUT,2002-05-23,73.0,192,Northern Illinois; South Dakota,1,2025,,,1
00-0040601,Jordan Waters,RB,LA,32.0,DEV,2000-12-18,72.0,219,N.C. State; Duke,1,2025,,,4
00-0040602,Trey Wedig,OL,IND,69.0,CUT,2002-01-10,79.0,319,Indiana; Wisconsin,1,2025,,,1
00-0040604,Jahfari Harvey,LB,DEN,42.0,DEV,2001-05-02,74.0,252,SMU; Miami,1,2025,,,4
00-0040609,Tru Edwards,WR,LA,16.0,CUT,2001-06-09,75.0,202,Louisiana Tech; Hawaii; Navarro,1,2025,,,1
00-0040611,Wyatt Bowles,OL,LA,60.0,CUT,2000-01-28,77.0,300,Utah State,1,2025,,,1
00-0040613,Shaun Dolac,LB,LA,56.0,ACT,2001-09-14,73.0,225,Buffalo,1,2025,,,4
00-0040616,Kisean Johnson,WR,GB,86.0,CUT,2002-01-28,73.0,216,Western Kentucky; Alabama State,1,2025,,,1
00-0040617,Luke Floriea,WR,CLE,81.0,CUT,2001-10-23,68.0,170,Kent State,1,2025,,,1
00-0040618,Max Hurleman,WR,PIT,84.0,DEV,2001-10-19,71.0,202,Notre Dame; Colgate,1,2025,,,4
00-0040621,Montorie Foster Jr,WR,SEA,87.0,ACT,2001-08-03,71.0,186,Michigan State,1,2025,,,4
00-0040624,Elijah Williams,DL,MIN,99.0,ACT,2002-09-09,75.0,298,Morgan State,1,2025,,,4
00-0040625,Nick Jackson,LB,TB,53.0,CUT,2001-01-05,72.0,237,Iowa; Virginia,1,2025,,,1
00-0040628,Drake Dabney,TE,GB,49.0,DEV,2002-05-14,77.0,246,TCU; Baylor,1,2025,,,4
00-0040629,Dalevon Campbell,WR,LAC,81.0,CUT,2001-12-05,76.0,220,South Carolina,1,2025,,,1
00-0040631,Willie Lampkin,OL,PHI,61.0,ACT,2002-01-22,71.0,290,North Carolina; Coastal Carolina,1,2025,,,4
00-0040633,Kyrese Rowan,WR,NO,86.0,DEV,2001-01-25,70.0,185,Utah State; Utah,1,2025,,,4
00-0040634,Jordan Turner,LB,DEN,55.0,ACT,2001-12-13,73.0,231,Michigan State; Wisconsin,1,2025,,,4
00-0040636,Keyon Martin,DB,BAL,38.0,ACT,2001-05-16,69.0,171,Louisiana-Lafayette; Youngstown State,1,2025,,,4
00-0040637,Lucas Scott,RB,BAL,47.0,CUT,2003-08-25,75.0,305,Army,1,2025,,,1
00-0040639,Grey Zabel,OL,SEA,76.0,ACT,2002-03-30,78.0,316,North Dakota State,1,2025,SEA,18.0,4
00-0040640,Ashton Gillotte,DL,KC,97.0,ACT,2002-10-30,75.0,270,Louisville,1,2025,KC,66.0,4
00-0040641,Darien Porter,DB,LV,26.0,ACT,2001-01-06,74.0,195,Iowa State,1,2025,LV,68.0,4
00-0040642,Vernon Broughton,DL,NO,91.0,ACT,2001-07-15,77.0,311,Texas,1,2025,NO,71.0,4
00-0040643,Jonas Sanker,DB,NO,7.0,ACT,2002-11-23,73.0,210,Virginia,1,2025,NO,93.0,4
00-0040644,Trevor Etienne,RB,CAR,23.0,RES,2004-07-09,69.0,204,Georgia; Florida,1,2025,CAR,114.0,4
00-0040645,Cody Simon,LB,ARI,0.0,ACT,2002-04-01,74.0,230,Ohio State,1,2025,AZ,115.0,4
00-0040646,Jalen Royals,WR,KC,11.0,ACT,2003-02-18,72.0,195,Utah State,1,2025,KC,133.0,4
00-0040647,Rylie Mills,DL,SEA,98.0,ACT,2001-08-20,77.0,295,Notre Dame,1,2025,SEA,142.0,4
00-0040648,Tory Horton,WR,SEA,15.0,ACT,2002-11-29,74.0,196,Colorado State; Nevada,1,2025,SEA,166.0,4
00-0040649,Robbie Ouzts,RB,SEA,40.0,RES,2002-09-06,75.0,274,Alabama,1,2025,SEA,175.0,4
00-0040650,Bryce Cabeldue,OL,LV,77.0,ACT,2001-09-04,76.0,308,Kansas,1,2025,SEA,192.0,4
00-0040651,Damien Martinez,RB,GB,26.0,CUT,2004-01-31,72.0,232,Miami; Oregon State,1,2025,SEA,223.0,1
00-0040652,Mason Richman,OL,SEA,78.0,RES,2002-05-07,77.0,310,Iowa,1,2025,SEA,234.0,4
00-0040653,Ricky White III,WR,SEA,86.0,DEV,2002-02-06,73.0,184,UNLV; Michigan State,1,2025,SEA,238.0,4
00-0040654,Kai Kroeger,P,HOU,38.0,ACT,2002-06-11,76.0,213,South Carolina,1,2025,,,4
00-0040655,Keith Cooper Jr.,DL,MIA,97.0,DEV,2003-03-30,77.0,285,Houston; Tulane,1,2025,,,4
00-0040656,Hunter Dekkers,QB,NO,13.0,CUT,2001-07-04,74.0,215,Iowa Western CC; Iowa State,1,2025,,,1
00-0040658,Kaimon Rucker,LB,BAL,56.0,DEV,2002-02-28,74.0,265,North Carolina,1,2025,,,4
00-0040659,Derrick Canteen,DB,TEN,42.0,CUT,2001-04-02,70.0,190,Cincinnati; Virginia Tech,1,2025,,,1
00-0040660,Mykel Williams,DL,SF,98.0,RES,2004-06-29,77.0,265,Georgia,1,2025,SF,11.0,4
00-0040661,Donovan Jackson,OL,MIN,74.0,ACT,2002-12-04,76.0,324,Ohio State,1,2025,MIN,24.0,4
00-0040662,Ty Robinson,DL,PHI,95.0,ACT,2001-05-03,77.0,288,Nebraska,1,2025,PHI,111.0,4
00-0040663,Harold Fannin Jr.,TE,CLE,44.0,ACT,2004-07-20,76.0,241,Bowling Green,1,2025,CLE,67.0,4
00-0040666,Omarion Hampton,RB,LAC,8.0,ACT,2003-03-16,72.0,220,North Carolina,1,2025,LAC,22.0,4
00-0040667,Matthew Golden,WR,GB,0.0,ACT,2003-08-01,71.0,191,Texas; Houston,1,2025,GB,23.0,4
00-0040668,Shedeur Sanders,QB,CLE,2.0,ACT,2002-02-07,74.0,215,Colorado; Jackson State University,1,2025,CLE,144.0,4
00-0040669,Isaac TeSlaa,WR,DET,18.0,ACT,2002-02-20,76.0,214,Arkansas; Hillsdale,1,2025,DET,70.0,4
00-0040670,Nohl Williams,DB,KC,20.0,ACT,2002-09-23,73.0,199,California,1,2025,KC,85.0,4
00-0040672,Tyleik Williams,DL,DET,91.0,ACT,2003-02-24,75.0,328,Ohio State,1,2025,DET,28.0,4
00-0040673,Jalen Milroe,QB,SEA,6.0,ACT,2002-12-13,74.0,216,Alabama,1,2025,SEA,92.0,4
00-0040674,Keydrain Calligan,DB,TEN,29.0,CUT,2001-12-04,73.0,200,Southeastern Louisiana; Jackson State University,1,2025,,,1
00-0040676,Cam Ward,QB,TEN,1.0,ACT,2002-05-25,74.0,219,Miami; Washington State; Incarnate Word,1,2025,TEN,1.0,4
00-0040677,Abdul Carter,LB,NYG,3.0,ACT,2003-10-03,75.0,252,Penn State,1,2025,NYG,3.0,4
00-0040678,Derrick Harmon,DL,PIT,99.0,ACT,2003-08-03,76.0,310,Oregon; Michigan State,1,2025,PIT,21.0,4
00-0040679,Sean Fresch,DB,DEN,37.0,DEV,2001-11-10,69.0,181,Rice,0,2026,,,4
00-0040684,Patrick Jenkins,DL,CLE,53.0,CUT,2003-08-20,74.0,293,Tulane; TCU,1,2025,,,1
00-0040685,Mason Graham,DL,CLE,94.0,ACT,2003-09-03,76.0,315,Michigan,1,2025,CLE,5.0,4
00-0040686,Josh Conerly Jr.,OL,WAS,72.0,ACT,2003-11-05,76.0,315,Oregon,1,2025,WAS,29.0,4
00-0040687,Cameron Williams,OL,ATL,73.0,RES,2003-10-16,78.0,317,Texas,1,2025,PHI,207.0,4
00-0040688,Malaki Starks,DB,BAL,24.0,ACT,2003-11-13,73.0,205,Georgia,1,2025,BAL,27.0,4
00-0040689,Anthony Campbell,DL,GB,93.0,ACT,2000-09-09,78.0,307,Miami; Louisiana-Monroe; Independence Comm. College,1,2025,,,4
00-0040691,Jaxson Dart,QB,NYG,6.0,RES,2003-05-13,74.0,225,Mississippi; USC,1,2025,NYG,25.0,4
00-0040692,Jarquez Hunter,RB,MIA,31.0,DEV,2002-12-29,70.0,210,Auburn,1,2025,LAR,117.0,4
00-0040694,Darius Alexander,DL,NYG,91.0,ACT,2000-08-26,76.0,310,Toledo,1,2025,NYG,65.0,4
00-0040697,Thomas Gordon,TE,DET,82.0,DEV,2000-09-05,76.0,250,Northwestern,1,2025,,,4
00-0040699,Will Campbell,OL,NE,66.0,ACT,2004-01-06,78.0,319,LSU,1,2025,NE,4.0,4
00-0040702,Mitch Van Vooren,TE,DAL,80.0,DEV,,,245,,1,2025,,,1
00-0040704,Dillon Gabriel,QB,CLE,6.0,RES,2000-12-28,71.0,205,Oregon; Oklahoma; UCF,1,2025,CLE,94.0,4
00-0040705,Chimere Dike,WR,TEN,17.0,ACT,2001-12-14,73.0,199,Florida; Wisconsin,1,2025,TEN,103.0,4
00-0040706,Walter Nolen,DL,ARI,97.0,ACT,2003-10-14,76.0,300,Mississippi; Texas A&M,1,2025,AZ,16.0,4
00-0040708,Jihaad Campbell,LB,PHI,11.0,ACT,2004-02-24,75.0,235,Alabama,1,2025,PHI,31.0,4
00-0040709,Maxwell Hairston,DB,BUF,1.0,ACT,2003-08-06,71.0,192,Kentucky,1,2025,BUF,30.0,4
00-0040710,Deone Walker,DL,BUF,96.0,ACT,2004-03-11,79.0,331,Kentucky,1,2025,BUF,109.0,4
00-0040711,C.J. West,DL,SF,99.0,RES,2002-06-12,73.0,316,Indiana; Kent State,1,2025,SF,113.0,4
00-0040712,Vershon Lee,OL,ARI,63.0,DEV,2001-12-07,76.0,310,South Carolina,1,2025,,,4
00-0040715,Cam Skattebo,RB,NYG,44.0,ACT,2002-02-05,71.0,215,Arizona State; Sacramento State,1,2025,NYG,105.0,4
00-0040716,Craig Woodson,DB,NE,4.0,ACT,2001-02-20,72.0,200,California,1,2025,NE,106.0,4
00-0040718,Travis Hunter,WR,JAX,12.0,ACT,2003-05-18,73.0,185,Colorado; Jackson State University,1,2025,JAX,2.0,4
00-0040719,Bhayshul Tuten,RB,JAX,33.0,ACT,2002-02-14,69.0,206,Virginia Tech; North Carolina A&T,1,2025,JAX,104.0,4
00-0040720,Jahdae Barron,DB,DEN,23.0,ACT,2001-12-04,71.0,200,Texas,1,2025,DEN,20.0,4
00-0040721,Alfred Collins,DL,SF,95.0,RES,2001-10-08,77.0,332,Texas,1,2025,SF,43.0,4
00-0040722,Mike Green,LB,BAL,15.0,ACT,2003-07-28,75.0,248,Marshall; Virginia,1,2025,BAL,59.0,4
00-0040723,Jack Kiser,LB,JAX,54.0,ACT,2000-09-10,74.0,231,Notre Dame,1,2025,JAX,107.0,4
00-0040724,T.J. Sanders,DL,BUF,98.0,ACT,2003-07-30,76.0,297,South Carolina,1,2025,BUF,41.0,4
00-0040725,Donovan Ezeiruaku,LB,DAL,6.0,ACT,2003-05-25,74.0,255,Boston College,1,2025,DAL,44.0,4
00-0040726,Anthony Belton,OL,GB,71.0,ACT,2001-02-23,78.0,336,N.C. State; Georgia Military,1,2025,GB,54.0,4
00-0040727,Tre Harris,WR,LAC,9.0,ACT,2002-02-28,75.0,210,Mississippi; Louisiana Tech,1,2025,LAC,55.0,4
00-0040728,Tate Ratledge,OL,DET,69.0,ACT,2001-04-26,78.0,322,Georgia,1,2025,DET,57.0,4
00-0040729,Jack Bech,WR,LV,18.0,RES,2002-12-18,73.0,215,TCU; LSU,1,2025,LV,58.0,4
00-0040730,RJ Harvey,RB,DEN,12.0,ACT,2001-02-04,68.0,205,UCF; Virginia,1,2025,DEN,60.0,4
00-0040731,Trey Amos,DB,WAS,23.0,RES,2002-03-03,73.0,190,Mississippi; Alabama; Louisiana,1,2025,WAS,61.0,4
00-0040733,Nick Emmanwori,DB,SEA,3.0,ACT,2004-02-07,75.0,220,South Carolina,1,2025,SEA,35.0,4
00-0040734,TreVeyon Henderson,RB,NE,32.0,ACT,2002-10-22,70.0,202,Ohio State,1,2025,NE,38.0,4
00-0040735,Luther Burden III,WR,CHI,10.0,ACT,2003-12-12,72.0,210,Missouri,1,2025,CHI,39.0,4
00-0040736,Mason Taylor,TE,NYJ,85.0,ACT,2004-05-08,77.0,251,LSU,1,2025,NYJ,42.0,4
00-0040737,Terrance Ferguson,TE,LA,18.0,RES,2003-03-07,77.0,255,Oregon,1,2025,LAR,46.0,4
00-0040738,Demetrius Knight Jr.,LB,CIN,44.0,ACT,2000-07-21,74.0,240,South Carolina; Charlotte,1,2025,CIN,49.0,4
00-0040739,Elijah Arroyo,TE,SEA,18.0,ACT,2003-04-05,77.0,254,Miami,1,2025,SEA,50.0,4
00-0040740,Ozzy Trapilo,OL,CHI,75.0,ACT,2001-10-17,80.0,312,Boston College,1,2025,CHI,56.0,4
00-0040741,Shemar Turner,DL,CHI,95.0,RES,2003-01-14,75.0,290,Texas A&M,1,2025,CHI,62.0,4
00-0040742,Jonah Savaiinaea,OL,MIA,71.0,ACT,2004-01-13,77.0,325,Arizona,1,2025,MIA,37.0,4
00-0040743,Tyler Shough,QB,NO,6.0,ACT,1999-09-28,77.0,219,Louisville; Texas Tech; Oregon,1,2025,NO,40.0,4
00-0040744,Jaylahn Tuimoloau,DL,IND,91.0,ACT,2003-05-10,76.0,264,Ohio State,1,2025,IND,45.0,4
00-0040745,Aireontae Ersery,OL,HOU,79.0,ACT,2002-02-19,78.0,330,Minnesota,1,2025,HOU,48.0,4
00-0040746,Nic Scourton,LB,CAR,11.0,RES,2004-08-25,74.0,265,Texas A&M; Purdue,1,2025,CAR,51.0,4
00-0040747,Benjamin Morrison,DB,TB,21.0,ACT,2004-03-11,72.0,190,Notre Dame,1,2025,TB,53.0,4
00-0040748,Omarr Norman-Lott,DL,KC,55.0,RES,2002-03-11,75.0,315,Tennessee; Arizona State,1,2025,KC,63.0,4
00-0040749,Andrew Mukuba,DB,PHI,24.0,ACT,2002-12-07,71.0,186,Texas; Clemson,1,2025,PHI,64.0,4
00-0040751,Will Johnson,DB,ARI,2.0,RES,2003-03-29,74.0,200,Michigan,1,2025,AZ,47.0,4
00-0040752,Oluwafemi Oladejo,LB,TEN,7.0,ACT,2003-09-29,75.0,259,UCLA; California,1,2025,TEN,52.0,4
00-0040753,Will Sheppard,WR,MIA,81.0,DEV,2002-02-11,75.0,196,Colorado; Vanderbilt,1,2025,,,4
00-0040756,Shemar Stewart,DL,CIN,94.0,ACT,2003-11-12,77.0,267,Texas A&M,1,2025,CIN,17.0,4
00-0040761,Ahmed Hassanein,DL,DET,99.0,ACT,2002-07-09,74.0,275,Boise State,1,2025,DET,196.0,4
00-0040762,Laki Tasi,DL,TEN,68.0,DEV,2003-10-24,78.0,373,,1,2025,,,4
00-0040763,Mapalo Mwansa,LB,CAR,42.0,DEV,2004-04-02,75.0,234,,1,2025,,,4
00-0040764,Federico Maranges,OL,SEA,62.0,DEV,2001-10-05,75.0,300,Florida Atlantic,1,2025,,,4
00-0040765,Valentin Senn,OL,ARI,69.0,DEV,2000-04-23,79.0,310,Connecticut; Colorado,1,2025,,,4
00-0040769,Jaden Smith,WR,DAL,17.0,CUT,2001-12-13,78.0,210,Nevada; Tarleton State; Montana State,1,2025,,,1
00-0040782,Isaiah Bond,WR,CLE,0.0,ACT,2004-03-15,71.0,180,Texas; Alabama,1,2025,,,4
00-0040784,Quinshon Judkins,RB,CLE,10.0,ACT,2003-10-29,72.0,219,Ohio State; Mississippi,1,2025,CLE,36.0,4
00-0040785,Dohnte Meyers,WR,CIN,81.0,ACT,2000-07-06,71.0,186,Delta State University; Presbyterian College,0,2026,,,4
00-0040786,Jacob Roberts,LB,MIN,48.0,RES,,,233,,0,2026,,,1
00-0040787,Devin Veresuk,LB,IND,48.0,CUT,,,230,,0,2026,,,1
00-0040790,Rob Carter Jr.,DB,IND,39.0,CUT,2003-02-16,70.0,175,Robert Morris,0,2026,,,2
00-0040792,Layne Pryor,TE,HOU,49.0,CUT,,,266,,1,2025,,,1
00-0040793,Paschal Ekeji,LB,NYJ,54.0,DEV,2002-03-19,76.0,233,,1,2026,,,4
00-0040808,Jaheim Thomas,LB,MIA,30.0,CUT,,,245,,1,2025,,,1
00-0040835,Maceo Beard,DB,MIN,36.0,DEV,,,213,,1,2025,,,4
00-0040853,Carson Towt,TE,IND,45.0,RES,2001-06-01,79.0,250,Notre Dame; Northern Arizona,0,2026,,,4
00-0040864,Jeffrey M'ba,DL,WAS,60.0,DEV,1999-09-14,78.0,312,SMU; Purdue; Auburn; Independence Comm. College,0,2026,,,4
00-0040865,Caleb Downs,DB,DAL,13.0,ACT,2004-12-10,72.0,210,Ohio State,0,2026,DAL,11.0,4
00-0040866,Olaivavega Ioane,OL,BAL,71.0,ACT,2004-04-17,76.0,326,Penn State,0,2026,BAL,14.0,4
00-0040867,Makai Lemon,WR,PHI,9.0,ACT,2004-06-02,71.0,192,USC,0,2026,PHI,20.0,4
00-0040868,Treydan Stukes,DB,LV,31.0,ACT,2001-09-11,74.0,200,Arizona,0,2026,LV,38.0,4
00-0040869,Chris McClellan,DL,GB,55.0,ACT,2003-10-17,76.0,313,Missouri; Florida,0,2026,GB,77.0,4
00-0040870,Ja'Kobi Lane,WR,BAL,6.0,RES,2004-08-05,76.0,205,USC,0,2026,BAL,80.0,4
00-0040871,Trey Zuhn III,OL,LV,66.0,ACT,2002-10-12,79.0,319,Texas A&M,0,2026,LV,91.0,4
00-0040872,Jaishawn Barham,LB,DAL,55.0,ACT,2004-02-02,74.0,240,Michigan; Maryland,0,2026,DAL,92.0,4
00-0040873,Julian Neal,DB,SEA,1.0,ACT,2003-02-12,74.0,203,Arkansas; Fresno State,0,2026,SEA,99.0,4
00-0040874,Drew Shelton,OL,DAL,67.0,ACT,2003-12-26,77.0,313,Penn State,0,2026,DAL,112.0,4
00-0040875,Devin Moore,DB,DAL,29.0,RES,2003-10-09,75.0,198,Florida,0,2026,DAL,114.0,4
00-0040876,Elijah Sarratt,WR,BAL,13.0,ACT,2003-05-28,74.0,215,Indiana; James Madison; St. Francis PA,0,2026,BAL,115.0,4
00-0040877,Dani Dennis-Sutton,LB,GB,51.0,ACT,2003-12-23,78.0,256,Penn State,0,2026,GB,120.0,4
00-0040878,Mike Washington Jr.,RB,LV,4.0,ACT,2003-07-03,74.0,228,Arkansas; New Mexico State; Buffalo,0,2026,LV,122.0,4
00-0040879,Matthew Hibner,TE,BAL,88.0,ACT,2002-03-09,76.0,251,SMU; Michigan,0,2026,BAL,133.0,4
00-0040880,LT Overton,DL,DAL,99.0,ACT,2004-10-11,75.0,274,Alabama,0,2026,DAL,137.0,4
00-0040881,Fernando Carmona,OL,TEN,66.0,RES,2002-07-08,77.0,316,Arkansas; San Jose State,0,2026,TEN,142.0,4
00-0040882,Beau Stephens,OL,SEA,70.0,ACT,2002-11-01,77.0,315,Iowa,0,2026,SEA,148.0,4
00-0040883,Dalton Johnson,DB,LV,43.0,ACT,2003-04-15,71.0,198,Arizona,0,2026,LV,150.0,4
00-0040884,Jager Burton,OL,GB,52.0,ACT,2002-08-24,76.0,312,Kentucky,0,2026,GB,153.0,4
00-0040885,Chandler Rivers,DB,BAL,29.0,ACT,2003-10-17,70.0,189,Duke,0,2026,BAL,162.0,4
00-0040886,Nicholas Singleton,RB,TEN,32.0,ACT,2004-01-06,72.0,219,Penn State,0,2026,TEN,165.0,4
00-0040887,Josh Cuevas,TE,BAL,85.0,ACT,2002-09-25,75.0,245,Alabama; Washington; Pomona State,0,2026,BAL,173.0,4
00-0040888,Adam Randall,RB,BAL,23.0,RES,2004-07-14,75.0,240,Clemson,0,2026,BAL,174.0,4
00-0040889,Hezekiah Masses,DB,LV,35.0,ACT,2004-06-30,73.0,185,California; Florida International,0,2026,LV,175.0,4
00-0040890,Cyrus Allen,WR,KC,13.0,ACT,2003-02-11,71.0,180,Cincinnati; Texas A&M; Louisiana Tech,0,2026,KC,176.0,4
00-0040891,Cole Payton,QB,PHI,18.0,ACT,2002-10-26,74.0,232,North Dakota State,0,2026,PHI,178.0,4
00-0040892,Jackie Marshall,DL,TEN,96.0,ACT,2003-04-26,74.0,293,Baylor,0,2026,TEN,184.0,4
00-0040893,Pat Coogan,OL,TEN,79.0,ACT,2002-11-18,77.0,311,Indiana; Notre Dame,0,2026,TEN,194.0,4
00-0040894,Malik Benson,WR,LV,19.0,ACT,2002-10-17,73.0,195,Oregon; Florida State; Alabama; Hutchinson CC,0,2026,LV,195.0,4
00-0040895,Emmanuel Henderson Jr.,WR,SEA,84.0,DEV,2003-03-21,73.0,185,Kansas; Alabama,0,2026,SEA,199.0,4
00-0040896,Domani Jackson,DB,GB,20.0,DEV,2002-11-27,73.0,194,Alabama,0,2026,GB,201.0,4
00-0040897,Micah Morris,OL,PHI,76.0,ACT,2003-08-25,77.0,334,Georgia,0,2026,PHI,207.0,4
00-0040898,Ryan Eckley,P,BAL,30.0,ACT,2004-02-16,72.0,205,Michigan State,0,2026,BAL,211.0,4
00-0040899,Trey Smack,K,GB,28.0,ACT,2003-07-12,73.0,188,Florida,0,2026,GB,216.0,4
00-0040900,Anthony Smith,WR,DAL,83.0,DEV,2002-03-01,74.0,197,East Carolina; N.C. State,0,2026,DAL,218.0,4
00-0040901,Jaren Kanak,TE,TEN,81.0,RES,2004-02-10,74.0,234,Oklahoma,0,2026,TEN,225.0,4
00-0040902,Brandon Cleveland,DL,LV,90.0,DEV,2004-08-27,75.0,315,N.C. State,0,2026,LV,229.0,4
00-0040903,Andre Fuller,DB,SEA,35.0,DEV,2002-04-08,73.0,200,Toledo; University of Arkansas at Pine Bluff,0,2026,SEA,236.0,4
00-0040904,Deven Eastern,DL,SEA,97.0,DEV,2003-04-05,78.0,320,Minnesota,0,2026,SEA,242.0,4
00-0040905,Cole Wisniewski,DB,PHI,38.0,DEV,2002-03-09,75.0,219,Texas Tech; North Dakota State,0,2026,PHI,244.0,4
00-0040906,Garrett Nussmeier,QB,KC,19.0,ACT,2002-02-06,73.0,203,LSU,0,2026,KC,249.0,4
00-0040907,Rayshaun Benny,DL,BAL,99.0,DEV,2002-05-08,75.0,305,Michigan,0,2026,BAL,250.0,4
00-0040908,Keyshawn James-Newby,LB,PHI,50.0,DEV,2002-08-08,73.0,240,New Mexico; Idaho; Montana College of Technology,0,2026,PHI,252.0,4
00-0040909,Evan Beerntsen,OL,SEA,60.0,DEV,2000-09-19,76.0,301,Northwestern; South Dakota State,0,2026,BAL,253.0,4
00-0040910,Michael Dansby,DB,SEA,37.0,DEV,2004-07-22,71.0,185,Arizona; San Jose State,0,2026,SEA,255.0,4
00-0040912,Hank Beatty,WR,TEN,13.0,CUT,,,185,,0,2026,,,1
00-0040914,Bishop Fitzgerald,DB,DET,34.0,ACT,2003-07-14,71.0,201,USC; N.C. State; Coffeyville CC,0,2026,,,4
00-0040917,Jalen McMurray,DB,TEN,47.0,DEV,2003-01-07,71.0,187,Tennessee; Temple,0,2026,,,4
00-0040918,Rasheed Miller,OL,TEN,62.0,DEV,2001-05-20,79.0,310,Louisville; Georgia Southern,0,2026,,,4
00-0040919,Tyren Montgomery,WR,TEN,19.0,DEV,2001-07-03,71.0,204,John Carroll University; Nicholls State; LSU,0,2026,,,4
00-0040920,Mani Powell,LB,TEN,49.0,CUT,,,230,,0,2026,,,1
00-0040921,Aamil Wagner,OL,TEN,69.0,CUT,,,306,,0,2026,,,1
00-0040922,Deontae Lawson,LB,PHI,47.0,CUT,,,226,,0,2026,,,1
00-0040923,Maximus Pulley,DB,LA,36.0,ACT,2002-09-11,71.0,200,Wofford; Western Kentucky,0,2026,,,4
00-0040924,Jaeden Roberts,OL,ATL,59.0,CUT,,,333,,0,2026,,,1
00-0040925,Rocco Underwood,LS,PHI,41.0,ACT,2002-08-14,75.0,231,Florida,0,2026,,,4
00-0040926,Joshua Weru,LB,PHI,46.0,DEV,2003-10-03,76.0,244,,0,2026,,,4
00-0040928,Kapena Gushiken,DB,IND,34.0,ACT,2002-08-15,69.0,187,Mississippi; Washington State; Saddleback Community College,0,2026,,,4
00-0040929,Tucker Large,DB,PHI,37.0,RES,2001-08-23,71.0,183,Washington State; South Dakota State,0,2026,,,4
00-0040930,Camden Brown,WR,DAL,80.0,ACT,2004-05-06,74.0,204,Georgia Southern; Auburn,0,2026,,,4
00-0040931,Tommy Dunn,DL,DAL,95.0,DEV,2002-09-04,75.0,291,Kansas,0,2026,,,4
00-0040933,Kelvin Gilliam,DL,DAL,94.0,RES,2003-03-19,74.0,295,Virginia Tech; Oklahoma,0,2026,,,4
00-0040934,Jordan Hudson,WR,DAL,81.0,DEV,2003-11-22,73.0,199,SMU; TCU,0,2026,,,4
00-0040935,Langston Patterson,LB,DAL,47.0,CUT,,,235,,0,2026,,,1
00-0040936,Shiyazh Pete,OL,DAL,75.0,CUT,,,322,,0,2026,,,1
00-0040937,Dominic Richardson,RB,NYJ,35.0,RES,,,204,,0,2026,,,1
00-0040938,DJ Rogers,TE,DAL,49.0,RES,2001-11-10,76.0,245,TCU,0,2026,,,4
00-0040939,Michael Trigg,TE,DAL,46.0,DEV,2002-06-27,76.0,240,Baylor; Mississippi; USC,0,2026,,,4
00-0040940,DJ Withers,DL,DAL,59.0,CUT,,,300,,0,2026,,,1
00-0040941,Dylan Barrett,OL,GB,74.0,CUT,,,325,,0,2026,,,1
00-0040943,Josh Gesky,OL,GB,76.0,DEV,2002-12-31,77.0,308,Illinois,0,2026,,,4
00-0040944,Nyjalik Kelly,LB,GB,47.0,DEV,2004-10-29,77.0,263,UCF; Miami,0,2026,,,4
00-0040946,Jaden Nixon,RB,GB,35.0,CUT,,,200,,0,2026,,,1
00-0040947,TJ Quinn,LB,GB,40.0,CUT,,,225,,0,2026,,,1
00-0040948,J. Michael Sturdivant,WR,GB,87.0,ACT,2002-09-06,75.0,207,Florida; UCLA; California,0,2026,,,4
00-0040949,Dillon Wade,OL,GB,68.0,DEV,2002-05-23,75.0,316,Auburn; Tulsa,0,2026,,,4
00-0040950,Vincent Anthony Jr.,DL,SF,98.0,CUT,2004-04-26,78.0,258,Duke,0,2026,,,4
00-0040951,Wesley Bissainthe,LB,KC,59.0,CUT,,,225,,0,2026,,,1
00-0040952,Cole Brevard,DL,KC,96.0,CUT,,,346,,0,2026,,,1
00-0040953,Jeff Caldwell,WR,KC,8.0,RES,2003-03-02,77.0,216,Cincinnati; Lindenwood,0,2026,,,4
00-0040954,Omari Evans,WR,KC,80.0,DEV,2003-12-31,72.0,192,Washington,0,2026,,,4
00-0040955,John Michael Gyllenborg,TE,KC,84.0,RES,2002-08-07,77.0,249,Wyoming,0,2026,,,4
00-0040956,Amari McNeill,DL,KC,93.0,CUT,,,295,,0,2026,,,1
00-0040957,Xavier Nwankpa,DB,KC,29.0,ACT,2003-12-08,74.0,213,Iowa,0,2026,,,4
00-0040958,Pete Nygra,OL,KC,50.0,DEV,2002-08-29,76.0,300,Louisville; Northern Illinois,0,2026,,,4
00-0040959,Jaydn Ott,RB,KC,34.0,DEV,2002-12-16,71.0,208,Oklahoma; California,0,2026,,,4
00-0040960,Damon Payne,DL,KC,90.0,CUT,,,311,,0,2026,,,1
00-0040961,D'Arco Perkins-McAllister,DB,KC,46.0,DEV,2002-09-11,73.0,195,Louisiana-Monroe,0,2026,,,4
00-0040962,Bryce Phillips,DB,MIN,35.0,CUT,2003-02-22,72.0,195,San Diego State; Tennessee State,0,2026,,,3
00-0040963,DeShon Singleton,DB,KC,25.0,DEV,2003-02-04,75.0,210,Nebraska; Hutchinson CC,0,2026,,,4
00-0040964,EJ Smith,RB,KC,35.0,RES,,,215,,0,2026,,,1
00-0040965,Josh Thompson,OL,ATL,67.0,DEV,2002-10-09,76.0,315,LSU; Northwestern,0,2026,,,4
00-0040966,Zelmar Vedder,DB,KC,47.0,CUT,,,193,,0,2026,,,1
00-0040967,Jacob De Jesus,WR,KC,80.0,CUT,,,170,,0,2026,,,1
00-0040968,Murvin Kenion,DB,GB,39.0,DEV,,,200,,0,2026,,,1
00-0040969,Ethan Hurkett,DL,KC,54.0,CUT,,,258,,0,2026,,,1
00-0040970,Michael Briscoe,WR,MIN,81.0,DEV,2002-07-24,74.0,209,Cal Poly (San Luis Obispo),0,2026,,,4
00-0040971,Devean Deal,LB,LA,26.0,CUT,,,250,,0,2026,,,1
00-0040972,Aidan Hubbard,LB,SEA,93.0,DEV,2003-03-15,76.0,260,Northwestern,0,2026,,,4
00-0040973,Marvin Jones Jr.,LB,WAS,53.0,CUT,2004-06-08,77.0,245,Oklahoma; Florida State; Georgia,0,2026,,,4
00-0040974,Lance Mason,TE,PIT,45.0,CUT,,,250,,0,2026,,,1
00-0040975,Uso Seumalo,DL,SEA,92.0,CUT,2002-05-17,75.0,340,Kansas State; Garden City CC,0,2026,,,4
00-0040976,Levi Wentz,WR,PIT,28.0,CUT,,,205,,0,2026,,,1
00-0040977,Cortez Braham,WR,BAL,82.0,CUT,,,201,,0,2026,,,1
00-0040978,Ethan Burke,LB,BAL,97.0,ACT,2003-06-20,78.0,269,Texas,0,2026,,,4
00-0040979,Nick Dawkins,OL,NYJ,53.0,DEV,2002-05-07,76.0,299,Penn State,0,2026,,,4
00-0040980,Dominic DeLuca,LB,BAL,42.0,DEV,2001-09-25,73.0,228,Penn State,0,2026,,,1
00-0040981,Joe Fagnano,QB,BAL,12.0,ACT,2001-03-31,75.0,230,Connecticut; Maine,0,2026,,,4
00-0040982,Aaron Graves,DL,HOU,59.0,DEV,2003-07-14,77.0,295,Iowa,0,2026,,,4
00-0040983,Matthew McDoom,DB,CIN,41.0,CUT,,,180,,0,2026,,,1
00-0040984,Dontae McMillan,RB,BAL,36.0,CUT,,,203,,0,2026,,,1
00-0040986,Ty Pezza,WR,BAL,84.0,DEV,2002-09-18,75.0,240,Brown,0,2026,,,4
00-0040987,Diego Pounds,OL,KC,61.0,ACT,2002-12-12,78.0,335,Mississippi; North Carolina,0,2026,,,4
00-0040988,Jahquez Robinson,DB,BAL,41.0,RES,2001-06-20,74.0,211,Auburn; Colorado,0,2026,,,4
00-0040989,Octavian Smith,WR,BAL,87.0,CUT,,,182,,0,2026,,,1
00-0040991,Elijah Tau-Tolliver,RB,BAL,34.0,CUT,,,211,,0,2026,,,1
00-0040992,Silas Walters,DB,TB,33.0,DEV,2002-07-20,73.0,199,Miami (Ohio),0,2026,,,4
00-0040993,Ladarius Webb Jr.,DB,BAL,34.0,DEV,2003-01-11,69.0,177,Wake Forest; South Alabama; Oklahoma State,0,2026,,,4
00-0040995,Dion Wilson,DL,BAL,58.0,CUT,,,305,,0,2026,,,1
00-0040996,Jacob Clark,QB,LV,16.0,CUT,,,220,,0,2026,,,1
00-0040997,Tyler Duzansky,LS,LV,46.0,CUT,,,225,,0,2026,,,1
00-0040998,Roman Hemby,RB,LV,37.0,DEV,2002-08-16,72.0,207,Indiana; Maryland,0,2026,,,4
00-0040999,Isaiah Jatta,OL,LV,72.0,CUT,,,310,,0,2026,,,1
00-0041000,Devin Lafayette,DB,LV,40.0,DEV,,,198,,0,2026,,,1
00-0041001,Matt Lauter,TE,MIN,46.0,CUT,,,245,,0,2026,,,1
00-0041002,Caleb Offord,DB,LV,39.0,CUT,,,198,,0,2026,,,1
00-0041003,Justin Pickett,OL,LV,77.0,RES,2002-12-20,79.0,317,Duke,0,2026,,,4
00-0041004,Chase Roberts,WR,LV,86.0,RES,,,209,,0,2026,,,1
00-0041005,Corey Rucker,WR,LV,32.0,RES,2002-06-09,72.0,214,Arkansas State,0,2026,,,4
00-0041006,Cian Slone,LB,LV,48.0,DEV,2002-09-19,75.0,239,N.C. State; Utah State,0,2026,,,4
00-0041007,Gary Smith III,DL,SEA,75.0,DEV,2001-11-01,74.0,319,UCLA; Duke,0,2026,,,4
00-0041008,Xavian Sorey Jr.,LB,LV,53.0,CUT,,,228,,0,2026,,,1
00-0041010,Tanner Wall,DB,NYJ,39.0,CUT,,,205,,0,2026,,,1
00-0041011,E.J. Williams Jr.,WR,CAR,88.0,CUT,2001-11-14,75.0,205,Indiana,0,2026,,,3
00-0041012,Anthony Dunn,DL,NYJ,78.0,CUT,,,262,,0,2026,,,1
00-0041013,Emmett Johnson,RB,KC,10.0,ACT,2003-10-10,70.0,202,Nebraska,0,2026,KC,161.0,4
00-0041014,Niklas Henning,OL,LV,73.0,DEV,2003-05-12,77.0,287,Queens University (Canada),0,2026,,,4
00-0041016,Patrick Gurd,TE,LV,45.0,DEV,2002-02-18,76.0,249,Cincinnati; Ohio State,0,2026,,,4
00-0041017,Kamar Missouri,OL,LV,62.0,DEV,,,310,,0,2026,,,1
00-0041018,Devyn Perkins,DB,LV,49.0,CUT,,,195,,0,2026,,,1
00-0041019,Kahlil Benson,OL,KC,70.0,ACT,2002-08-30,78.0,319,Indiana; Colorado,0,2026,,,4
00-0041020,Xavier Loyd,WR,KC,17.0,CUT,,,196,,0,2026,,,1
00-0041021,Marlen Sewell,DB,CHI,26.0,DEV,,,199,,0,2026,,,1
00-0041026,David Bailey,LB,NYJ,31.0,ACT,2003-08-28,75.0,251,Texas Tech; Stanford,0,2026,NYJ,2.0,4
00-0041027,Jeremiyah Love,RB,ARI,4.0,ACT,2005-05-31,72.0,212,Notre Dame,0,2026,AZ,3.0,4
00-0041028,Sonny Styles,LB,WAS,52.0,ACT,2004-11-24,77.0,244,Ohio State,0,2026,WAS,7.0,4
00-0041029,Jordyn Tyson,WR,NO,0.0,RES,2004-08-12,74.0,203,Arizona State; Colorado,0,2026,NO,8.0,4
00-0041030,Spencer Fano,OL,CLE,55.0,ACT,2004-11-04,78.0,315,Utah,0,2026,CLE,9.0,4
00-0041031,Rueben Bain Jr.,LB,TB,3.0,ACT,2004-09-08,75.0,270,Miami,0,2026,TB,15.0,4
00-0041032,Kenyon Sadiq,TE,NYJ,16.0,ACT,2005-03-04,75.0,241,Oregon,0,2026,NYJ,16.0,4
00-0041033,Caleb Banks,DL,MIN,95.0,ACT,2003-03-12,78.0,327,Florida; Louisville,0,2026,MIN,18.0,4
00-0041034,Monroe Freeling,OL,CAR,57.0,ACT,2004-07-25,79.0,323,Georgia,0,2026,CAR,19.0,4
00-0041035,De'Zhaun Stribling,WR,SF,7.0,RES,2002-12-18,74.0,207,Mississippi; Oklahoma State; Washington State,0,2026,SF,33.0,4
00-0041036,TJ Parker,LB,BUF,99.0,ACT,2004-09-19,75.0,263,Clemson,0,2026,BUF,35.0,4
00-0041037,Denzel Boston,WR,CLE,12.0,ACT,2003-12-06,76.0,212,Washington,0,2026,CLE,39.0,4
00-0041038,D'Angelo Ponds,DB,NYJ,23.0,ACT,2005-01-13,68.0,182,Indiana; James Madison,0,2026,NYJ,50.0,4
00-0041039,CJ Allen,LB,IND,53.0,ACT,2005-03-01,72.0,230,Georgia,0,2026,IND,53.0,4
00-0041040,Antonio Williams,WR,WAS,14.0,ACT,2004-07-14,71.0,195,Clemson,0,2026,WAS,71.0,4
00-0041041,Oscar Delp,TE,NO,4.0,ACT,2003-08-04,77.0,245,Georgia,0,2026,NO,73.0,4
00-0041042,Malachi Fields,WR,NYG,88.0,ACT,2003-08-26,76.0,222,Notre Dame; Virginia,0,2026,NYG,74.0,4
00-0041043,A.J. Haulcy,DB,IND,25.0,ACT,2004-01-10,71.0,215,LSU; Houston; New Mexico,0,2026,IND,78.0,4
00-0041044,Zachariah Branch,WR,ATL,17.0,ACT,2004-03-29,70.0,177,Georgia; USC,0,2026,ATL,79.0,4
00-0041045,Albert Regis,DL,JAX,98.0,ACT,2003-05-17,73.0,317,Texas A&M,0,2026,JAX,81.0,4
00-0041046,Domonique Orange,DL,MIN,97.0,ACT,2004-03-11,74.0,322,Iowa State,0,2026,MIN,82.0,4
00-0041047,Chris Brazzell II,WR,CAR,19.0,RES,2003-10-23,76.0,198,Tennessee; Tulane,0,2026,CAR,83.0,4
00-0041048,Ted Hurst III,WR,TB,17.0,ACT,2004-07-02,75.0,195,Georgia State; Valdosta State,0,2026,TB,84.0,4
00-0041049,Austin Barber,OL,CLE,58.0,ACT,2003-05-20,79.0,318,Florida,0,2026,CLE,86.0,4
00-0041050,Emmanuel Pregnon,OL,JAX,75.0,ACT,2002-02-14,76.0,318,Oregon; USC; Wyoming,0,2026,JAX,88.0,4
00-0041051,Zavion Thomas,WR,CHI,13.0,ACT,2004-02-14,70.0,190,LSU; Mississippi State,0,2026,CHI,89.0,4
00-0041052,Kaelon Black,RB,SF,26.0,ACT,2001-10-17,69.0,208,Indiana; James Madison,0,2026,SF,90.0,4
00-0041053,Caleb Tiernan,OL,MIN,78.0,ACT,2003-01-23,79.0,323,Northwestern,0,2026,MIN,97.0,4
00-0041054,Jakobe Thomas,DB,MIN,8.0,ACT,2003-06-30,73.0,211,Miami; Tennessee; Middle Tennessee State,0,2026,MIN,98.0,4
00-0041055,Jalen Huskey,DB,JAX,22.0,ACT,2004-04-22,74.0,201,Maryland; Bowling Green,0,2026,JAX,100.0,4
00-0041056,Cade Klubnik,QB,NYJ,10.0,ACT,2003-10-10,74.0,207,Clemson,0,2026,NYJ,110.0,4
00-0041057,Keionte Scott,DB,TB,22.0,ACT,2001-08-11,72.0,193,Miami; Auburn; Snow,0,2026,TB,116.0,4
00-0041058,Travis Burke,OL,LAC,77.0,ACT,2003-01-06,81.0,315,Memphis; Florida International; Gardner-Webb,0,2026,LAC,117.0,4
00-0041059,Wesley Williams,DL,JAX,90.0,ACT,2004-09-22,75.0,256,Duke,0,2026,JAX,119.0,4
00-0041060,Malik Muhammad,DB,CHI,24.0,ACT,2004-09-14,72.0,182,Texas,0,2026,CHI,124.0,4
00-0041061,Carver Willis,OL,SF,74.0,ACT,2002-04-20,77.0,303,Washington; Kansas State,0,2026,SF,127.0,4
00-0041062,Connor Lew,OL,CIN,65.0,ACT,2005-08-30,76.0,310,Auburn,0,2026,CIN,128.0,4
00-0041063,Will Lee III,DB,CAR,24.0,ACT,2003-04-09,73.0,195,Texas A&M; Kansas State,0,2026,CAR,129.0,4
00-0041064,Genesis Smith,DB,LAC,22.0,ACT,2004-11-05,74.0,202,Arizona,0,2026,LAC,131.0,4
00-0041065,Jeremiah Wright,OL,NO,65.0,ACT,2001-09-05,77.0,331,Auburn,0,2026,NO,132.0,4
00-0041066,Kendal Daniels,LB,ATL,53.0,ACT,2002-12-16,77.0,242,Oklahoma; Oklahoma State,0,2026,ATL,134.0,4
00-0041067,Bryce Lance,WR,NO,18.0,ACT,2002-08-20,75.0,204,North Dakota State,0,2026,NO,136.0,4
00-0041068,Ephesians Prysock,DB,SF,28.0,ACT,2003-02-28,76.0,196,Washington; Arizona,0,2026,SF,139.0,4
00-0041069,Colbie Young,WR,CIN,86.0,ACT,2002-07-24,76.0,218,Georgia; Miami; Lackawanna JC,0,2026,CIN,140.0,4
00-0041070,Reggie Virgil,WR,ARI,82.0,ACT,2004-05-14,74.0,187,Texas Tech; Miami (Ohio),0,2026,AZ,143.0,4
00-0041071,Sam Hecht,OL,CAR,75.0,ACT,2003-04-03,76.0,303,Kansas State,0,2026,CAR,144.0,4
00-0041072,Nick Barrett,DL,LAC,91.0,ACT,2003-07-28,75.0,327,South Carolina,0,2026,LAC,145.0,4
00-0041073,Parker Brailsford,OL,CLE,52.0,ACT,2003-10-20,74.0,289,Alabama; Washington,0,2026,CLE,146.0,4
00-0041074,Joshua Josephs,LB,WAS,48.0,ACT,2003-12-08,75.0,240,Tennessee,0,2026,WAS,147.0,4
00-0041075,Justin Jefferson,LB,CLE,17.0,INA,2003-03-20,72.0,223,Alabama,0,2026,CLE,149.0,4
00-0041076,Zakee Wheatley,DB,CAR,20.0,ACT,2002-02-28,75.0,203,Penn State,0,2026,CAR,151.0,4
00-0041077,Justin Joly,TE,MIA,80.0,ACT,2004-07-09,75.0,241,N.C. State; Connecticut,0,2026,DEN,152.0,4
00-0041078,Jaden Dugger,LB,SF,53.0,ACT,2004-02-26,77.0,240,Louisiana; Georgetown,0,2026,SF,154.0,4
00-0041079,DeMonte Capehart,DL,TB,90.0,ACT,2002-07-19,77.0,313,Clemson,0,2026,TB,155.0,4
00-0041080,George Gumbs Jr.,DL,IND,52.0,INA,2002-10-25,76.0,245,Florida; Northern Illinois,0,2026,IND,156.0,4
00-0041081,Max Bredeson,RB,MIN,45.0,ACT,2002-10-04,74.0,252,Michigan,0,2026,MIN,159.0,4
00-0041082,Billy Schrauth,OL,TB,75.0,ACT,2003-09-09,76.0,310,Notre Dame,0,2026,TB,160.0,4
00-0041083,Charles Demmings,DB,MIN,20.0,ACT,2003-04-05,73.0,193,Stephen F. Austin State,0,2026,MIN,163.0,4
00-0041084,Tanner Koziol,TE,JAX,88.0,ACT,2004-01-28,79.0,247,Houston; Ball State,0,2026,JAX,164.0,4
00-0041085,Keyshaun Elliott,LB,CHI,49.0,ACT,2003-12-12,73.0,231,Arizona State; New Mexico State,0,2026,CHI,166.0,4
00-0041086,Jalon Kilgore,DB,BUF,29.0,ACT,2005-01-27,73.0,210,South Carolina,0,2026,BUF,167.0,4
00-0041087,Joe Royer,TE,CLE,18.0,RES,2002-02-25,77.0,247,Cincinnati; Ohio State,0,2026,CLE,170.0,4
00-0041088,Karon Prunty,DB,NE,21.0,ACT,2001-12-24,74.0,192,Wake Forest,0,2026,NE,171.0,4
00-0041089,Lorenzo Styles Jr.,DB,NO,36.0,RES,2002-09-09,73.0,194,Ohio State; Notre Dame,0,2026,NO,172.0,4
00-0041090,Enrique Cruz Jr.,OL,SF,69.0,ACT,2003-08-04,77.0,313,Kansas,0,2026,SF,179.0,4
00-0041091,Zane Durant,DL,BUF,92.0,RES,2004-05-01,73.0,290,Penn State,0,2026,BUF,181.0,4
00-0041092,Taylen Green,QB,CLE,15.0,INA,2002-10-18,78.0,227,Arkansas; Boise State,0,2026,CLE,182.0,4
00-0041093,Karson Sharar,LB,ARI,43.0,ACT,2003-03-07,73.0,231,Iowa,0,2026,AZ,183.0,4
00-0041094,Bauer Sharp,TE,TB,84.0,ACT,2003-05-03,77.0,249,LSU; Oklahoma; Southeastern Louisiana,0,2026,TB,185.0,4
00-0041095,Bobby Jamison-Travis,DL,NYG,97.0,ACT,2001-04-28,75.0,328,Auburn; Iowa Western CC,0,2026,NYG,186.0,4
00-0041096,Kaytron Allen,RB,WAS,31.0,ACT,2003-01-08,71.0,217,Penn State,0,2026,WAS,187.0,4
00-0041097,Anez Cooper,OL,NYJ,72.0,RES,2004-01-06,77.0,334,Miami,0,2026,NYJ,188.0,4
00-0041098,Brian Parker II,OL,CIN,62.0,RES,2004-01-06,77.0,309,Duke,0,2026,CIN,189.0,4
00-0041099,Barion Brown,WR,NO,19.0,ACT,2003-12-12,71.0,177,LSU; Kentucky,0,2026,NO,190.0,4
00-0041100,Josh Cameron,WR,JAX,19.0,ACT,2003-03-18,73.0,224,Baylor,0,2026,JAX,191.0,4
00-0041101,J.C. Davis,OL,NYG,74.0,ACT,2003-10-09,76.0,322,Illinois; New Mexico; Contra Costa,0,2026,NYG,192.0,4
00-0041102,Jack Kelly,LB,NYG,51.0,ACT,2003-01-02,74.0,240,BYU; Weber State,0,2026,NYG,193.0,4
00-0041103,Dametrious Crownover,OL,NE,68.0,ACT,2001-09-12,79.0,319,Texas A&M,0,2026,NE,196.0,4
00-0041104,Demond Claiborne,RB,MIN,21.0,ACT,2003-10-09,70.0,188,Wake Forest,0,2026,MIN,198.0,4
00-0041105,Logan Taylor,OL,LAC,65.0,ACT,2002-02-07,79.0,314,Boston College; Virginia,0,2026,LAC,202.0,4
00-0041106,C.J. Williams,WR,JAX,18.0,ACT,2002-10-23,73.0,205,Stanford; Wisconsin,0,2026,JAX,203.0,4
00-0041107,Alex Harkey,OL,LAC,73.0,ACT,2001-07-22,78.0,327,Oregon; Texas State-San Marcos; Colorado; Tyler JC,0,2026,LAC,206.0,4
00-0041108,Matt Gulbin,OL,WAS,66.0,ACT,2002-10-27,76.0,312,Michigan State; Wake Forest,0,2026,WAS,209.0,4
00-0041109,Namdi Obiazor,LB,NE,48.0,ACT,2002-04-19,75.0,229,TCU; Iowa Western CC,0,2026,NE,212.0,4
00-0041110,Jordan van den Berg,DL,CHI,96.0,ACT,2002-04-12,75.0,310,Georgia Tech; Penn State; Iowa Western CC,0,2026,CHI,213.0,4
00-0041111,Caden Curry,DL,IND,55.0,ACT,2003-05-24,74.0,257,Ohio State,0,2026,IND,214.0,4
00-0041112,Harold Perkins Jr.,LB,ATL,56.0,ACT,2004-09-10,72.0,223,LSU,0,2026,ATL,215.0,4
00-0041113,Jayden Williams,OL,ARI,66.0,ACT,2003-04-10,76.0,307,Mississippi,0,2026,AZ,217.0,4
00-0041114,TJ Hall,DB,NO,34.0,DEV,2004-04-26,72.0,189,Iowa,0,2026,NO,219.0,4
00-0041115,Toriano Pride Jr.,DB,CLE,35.0,ACT,2003-12-18,70.0,185,Missouri; Clemson,0,2026,BUF,220.0,4
00-0041116,Jack Endries,TE,CIN,84.0,ACT,2004-03-26,77.0,245,Texas; California,0,2026,CIN,221.0,4
00-0041117,Athan Kaliakmanis,QB,WAS,16.0,ACT,2003-08-20,74.0,216,Rutgers; Minnesota,0,2026,WAS,223.0,4
00-0041118,Landon Robinson,DL,CIN,96.0,ACT,2003-01-03,72.0,295,Navy,0,2026,CIN,226.0,4
00-0041119,Jackson Kuwatch,LB,CAR,46.0,ACT,2003-05-19,76.0,232,Miami (Ohio); Ohio State,0,2026,CAR,227.0,4
00-0041120,VJ Payne,DB,NYJ,34.0,RES,2004-03-17,75.0,206,Kansas State,0,2026,NYJ,228.0,4
00-0041121,Ethan Onianwa,OL,ATL,75.0,ACT,2003-08-16,79.0,331,Ohio State; Rice,0,2026,ATL,231.0,4
00-0041122,Zach Durfee,DL,JAX,58.0,RES,2001-10-05,77.0,258,Washington; Sioux Falls,0,2026,JAX,233.0,4
00-0041123,Behren Morton,QB,NE,15.0,ACT,2002-01-17,74.0,221,Texas Tech,0,2026,NE,234.0,4
00-0041124,Gavin Gerhardt,OL,HOU,58.0,DEV,2002-03-21,76.0,310,Cincinnati,0,2026,MIN,235.0,4
00-0041125,Seth McGowan,RB,IND,20.0,ACT,2001-10-23,73.0,223,Kentucky; New Mexico State; Butler University; Oklahoma,0,2026,IND,237.0,4
00-0041126,Tommy Doman Jr.,P,BUF,39.0,ACT,2002-09-01,76.0,214,Florida; Michigan,0,2026,BUF,239.0,4
00-0041127,Parker Hughes,LB,JAX,53.0,RES,2003-01-02,73.0,226,Middle Tennessee State,0,2026,JAX,240.0,4
00-0041128,Ar'maj Reed-Adams,OL,BUF,60.0,ACT,2001-11-02,77.0,314,Texas A&M; Kansas,0,2026,BUF,241.0,4
00-0041129,Jam Miller,RB,NE,30.0,CUT,,,209,,0,2026,NE,245.0,1
00-0041130,Miles Scott,DB,DEN,39.0,DEV,2002-03-28,71.0,210,Illinois,0,2026,DEN,246.0,4
00-0041131,Carsen Ryan,TE,CLE,48.0,ACT,2003-08-21,75.0,255,BYU; Utah; UCLA,0,2026,CLE,248.0,4
00-0041132,Deion Burks,WR,IND,80.0,ACT,2003-01-08,69.0,180,Oklahoma; Purdue,0,2026,IND,254.0,4
00-0041133,Dallen Bentley,TE,DEN,89.0,ACT,2000-12-31,76.0,253,Utah; Snow,0,2026,DEN,256.0,4
00-0041134,Red Murdock,LB,DEN,50.0,DEV,2003-09-24,73.0,232,Buffalo,0,2026,DEN,257.0,4
00-0041136,Rene Konga,DL,MIA,95.0,RES,2002-11-14,75.0,298,Louisville; Rutgers,0,2026,,,4
00-0041137,Kevin Cline,OL,MIA,79.0,CUT,,,320,,0,2026,,,1
00-0041138,Albert Reese,OL,CAR,76.0,ACT,2002-08-13,79.0,325,Mississippi State,0,2026,,,4
00-0041139,Damon Bankston,RB,GB,37.0,CUT,2003-04-25,70.0,186,New Mexico; Weber State,0,2026,,,4
00-0041140,Anquin Barnes Jr.,DL,NYG,66.0,CUT,,,340,,0,2026,,,1
00-0041141,Ben Barten,DL,NYG,68.0,DEV,,,330,,0,2026,,,1
00-0041142,Thaddeus Dixon,DB,NYG,39.0,RES,2002-02-20,73.0,195,North Carolina; Washington; Long Beach City College,0,2026,,,4
00-0041143,Ben Mann,LS,NYG,58.0,ACT,2002-07-06,77.0,232,Boston College; Yale,0,2026,,,4
00-0041144,Ryan Schernecke,OL,NYG,70.0,DEV,2003-04-30,80.0,330,Kutztown,0,2026,,,4
00-0041145,Dominic Zvada,K,NYG,34.0,ACT,2003-10-25,75.0,187,Michigan; Arkansas State,0,2026,,,4
00-0041146,Isaia Glass,OL,CAR,60.0,DEV,2003-03-29,76.0,311,Vanderbilt,0,2026,,,4
00-0041147,Jaylon Guilbeau,DB,PIT,21.0,CUT,,,190,,0,2026,,,1
00-0041148,Aaron Hall,DL,CAR,94.0,ACT,2003-04-18,76.0,300,Duke,0,2026,,,4
00-0041149,Haynes King,QB,CAR,16.0,ACT,2001-01-09,74.0,212,Georgia Tech; Texas A&M,0,2026,,,4
00-0041150,Cam Miller,DB,CAR,42.0,CUT,,,192,,0,2026,,,1
00-0041151,Parker Petersen,DL,CAR,69.0,DEV,2003-01-16,76.0,309,Wisconsin; Tulane,0,2026,,,4
00-0041152,Kobe Prentice,WR,NYG,81.0,CUT,,,190,,0,2026,,,1
00-0041153,Devonta Smith,DB,CAR,43.0,DEV,2002-12-11,71.0,195,Notre Dame; Alabama,0,2026,,,4
00-0041154,Isaiah Smith,LB,CAR,47.0,CUT,,,244,,0,2026,,,1
00-0041156,Mark Gronowski,QB,HOU,16.0,CUT,2001-10-05,74.0,235,Iowa; South Dakota,0,2026,,,2
00-0041158,Donaven McCulley,WR,MIA,80.0,CUT,,,203,,0,2026,,,1
00-0041159,Rodney McGraw,DL,MIA,59.0,ACT,2002-03-31,76.0,273,Western Michigan,0,2026,,,4
00-0041160,Louis Moore,DB,MIA,41.0,CUT,,,191,,0,2026,,,1
00-0041161,Le'Veon Moss,RB,MIA,37.0,RET,,,203,,0,2026,,,4
00-0041162,Mason Reiger,LB,PHI,43.0,DEV,2002-08-19,77.0,251,Wisconsin; Louisville,0,2026,,,4
00-0041163,Kahlil Saunders,DL,NO,67.0,CUT,,,297,,0,2026,,,1
00-0041164,Caden Barnett,OL,CHI,76.0,DEV,2003-05-22,76.0,316,Wyoming,0,2026,,,4
00-0041165,Coleman Bennett,RB,MIA,38.0,CUT,,,210,,0,2026,,,1
00-0041167,Beau Gardner,LS,CHI,45.0,DEV,2001-12-26,77.0,250,Georgia; UCLA,0,2026,,,4
00-0041168,Omari Kelly,WR,CHI,82.0,CUT,,,188,,0,2026,,,1
00-0041169,Jaren Kump,OL,CHI,64.0,CUT,,,320,,0,2026,,,1
00-0041170,Hayden Large,TE,CHI,43.0,RES,2002-03-27,76.0,250,Iowa,0,2026,,,4
00-0041171,Jayden Loving,DL,CHI,91.0,ACT,2003-04-08,73.0,309,Wake Forest,0,2026,,,4
00-0041172,Miller Moss,QB,CHI,16.0,DEV,2002-03-19,73.0,210,Louisville,0,2026,,,4
00-0041173,Mason Murphy,OL,NO,74.0,ACT,2002-06-21,77.0,315,Auburn; USC,0,2026,,,4
00-0041175,Skyler Thomas,DB,CHI,38.0,ACT,2003-09-17,74.0,191,Oregon State,0,2026,,,4
00-0041176,Jaden Bradley,WR,WAS,86.0,DEV,2003-03-25,76.0,195,UNLV; Charlotte; Pittsburgh,0,2026,,,4
00-0041177,Fred Davis,DB,WAS,38.0,DEV,2002-02-12,73.0,200,Northwestern; Jacksonville State; UCF; Clemson,0,2026,,,4
00-0041178,Robert Henry Jr.,RB,WAS,30.0,DEV,2001-12-31,69.0,196,Texas-San Antonio,0,2026,,,4
00-0041179,Chris Hilton Jr.,WR,GB,37.0,CUT,2002-10-11,72.0,188,LSU,0,2026,,,2
00-0041180,Quentin Moore,TE,WAS,40.0,CUT,,,260,,0,2026,,,1
00-0041181,Malik Spencer,DB,WAS,36.0,RES,,,191,,0,2026,,,1
00-0041182,Drew Stevens,K,WAS,19.0,ACT,2003-12-09,73.0,213,Iowa,0,2026,,,4
00-0041183,Tanoa Togiai,OL,WAS,62.0,ACT,2001-08-25,78.0,321,Utah,0,2026,,,4
00-0041184,Carlos Allen Jr.,DL,ATL,79.0,DEV,,,295,,0,2026,,,1
00-0041185,Vinny Anthony II,WR,ATL,86.0,DEV,2003-06-27,72.0,190,Wisconsin,0,2026,,,4
00-0041186,James Brockermeyer,OL,ATL,66.0,DEV,2002-06-24,75.0,297,Miami; TCU; Alabama,0,2026,,,2
00-0041188,Malcolm DeWalt IV,DB,ATL,36.0,ACT,2002-01-04,74.0,190,Akron; Butte College; Snow,0,2026,,,4
00-0041191,Cash Jones,RB,ATL,32.0,DEV,2000-04-05,71.0,195,Georgia,0,2026,,,4
00-0041192,Riley Mahlman,OL,ATL,76.0,DEV,2002-12-30,80.0,318,Wisconsin,0,2026,,,4
00-0041194,Jack Strand,QB,ATL,18.0,ACT,2004-06-23,77.0,240,Minnesota State,0,2026,,,4
00-0041195,Jack Velling,TE,ATL,84.0,DEV,2003-10-29,77.0,242,Michigan State; Oregon State,0,2026,,,4
00-0041196,Mory Bamba,DB,NYJ,38.0,DEV,2000-11-21,74.0,190,BYU; Tyler JC,0,2026,,,4
00-0041199,Caullin Lacy,WR,NYJ,35.0,CUT,,,183,,0,2026,,,1
00-0041203,Joey Aguilar,QB,JAX,17.0,DEV,2001-06-16,75.0,225,Tennessee; Appalachian State; Diablo Valley College,0,2026,,,4
00-0041204,T.J. Bollers,DL,JAX,94.0,DEV,2002-11-19,74.0,305,California; Wisconsin,0,2026,,,4
00-0041205,Brady Boyd,WR,JAX,83.0,CUT,,,195,,0,2026,,,1
00-0041206,Alex Bullock,WR,JAX,,RET,,,205,,0,2026,,,4
00-0041207,Ethan Conner,TE,MIA,30.0,CUT,,,240,,0,2026,,,1
00-0041208,Garrett DiGiorgio,OL,JAX,74.0,RES,2003-04-03,79.0,319,UCLA,0,2026,,,4
00-0041209,Quindarius Dunnigan,DL,JAX,59.0,CUT,,,272,,0,2026,,,1
00-0041210,Preston Hodge,DB,JAX,26.0,CUT,,,200,,0,2026,,,1
00-0041211,Jalen Hunt,DL,NE,96.0,DEV,,,315,,0,2026,,,1
00-0041213,Devin Neal,DB,JAX,36.0,CUT,,,214,,0,2026,,,1
00-0041214,Jimto Obidegwu,OL,JAX,62.0,CUT,,,335,,0,2026,,,1
00-0041215,Ben Patterson,WR,CLE,38.0,CUT,,,220,,0,2026,,,1
00-0041216,Trebor Pena,WR,JAX,86.0,DEV,2002-02-21,70.0,187,Penn State; Syracuse,0,2026,,,4
00-0041217,J'Mari Taylor,RB,JAX,30.0,DEV,2002-03-15,69.0,204,Virginia; North Carolina Central,0,2026,,,4
00-0041218,Bryan Thomas Jr.,DL,JAX,57.0,ACT,2004-06-28,74.0,235,South Carolina,0,2026,,,4
00-0041219,Jordan White,OL,JAX,,RET,,,309,,0,2026,,,4
00-0041220,Michael Wortham,WR,JAX,0.0,DEV,2002-06-27,69.0,190,Montana; Eastern Washington,0,2026,,,4
00-0041223,Theron Gaines,LB,BUF,54.0,CUT,,,237,,0,2026,,,1
00-0041224,Da'Metrius Weatherspoon,OL,NE,76.0,DEV,2002-10-09,79.0,320,Syracuse; Howard,0,2026,,,4
00-0041225,Cameron Ball,DL,IND,92.0,DEV,2003-02-19,75.0,310,Arkansas,0,2026,,,4
00-0041226,Austin Brown,DB,IND,31.0,CUT,,,215,,0,2026,,,1
00-0041227,Tahj Chambers,LB,IND,44.0,ACT,2000-04-09,74.0,230,Mississippi; Missouri State,0,2026,,,4
00-0041228,Sahmir Hagans,WR,IND,11.0,CUT,,,195,,0,2026,,,1
00-0041230,Mitchell Melton,DL,IND,54.0,DEV,2002-03-17,75.0,256,Virginia; Ohio State,0,2026,,,4
00-0041232,Nolan Rucci,OL,IND,76.0,DEV,2002-08-05,80.0,314,Penn State; Wisconsin,0,2026,,,4
00-0041233,Raylen Sharpe,WR,IND,8.0,CUT,,,160,,0,2026,,,1
00-0041234,Geno VanDeMark,OL,NYG,69.0,DEV,2002-06-12,77.0,314,Alabama; Michigan State,0,2026,,,4
00-0041236,West Weeks,LB,IND,47.0,DEV,2002-08-13,73.0,230,LSU; Virginia,0,2026,,,4
00-0041237,Chase Curtis,TE,NYJ,87.0,CUT,,,235,,0,2026,,,1
00-0041238,Xavier Hill,OL,NYJ,76.0,CUT,,,318,,0,2026,,,1
00-0041239,Chip Trayanum,RB,NYJ,40.0,RES,2002-01-02,71.0,227,Toledo; Kentucky; Ohio State; Arizona State,0,2026,,,4
00-0041240,Liam Brown,OL,CIN,60.0,CUT,,,316,,0,2026,,,1
00-0041241,Kentrel Bullock,RB,CIN,31.0,DEV,2002-03-31,70.0,205,South Alabama; Mississippi,0,2026,,,4
00-0041242,Jack Dingle,LB,CIN,59.0,CUT,,,240,,0,2026,,,1
00-0041243,Eric Gentry,LB,CIN,58.0,CUT,,,221,,0,2026,,,1
00-0041244,Jamal Haynes,RB,CIN,24.0,CUT,,,190,,0,2026,,,1
00-0041245,Christian Jones,OL,CIN,76.0,CUT,,,341,,0,2026,,,1
00-0041246,Josh Kattus,TE,CIN,48.0,CUT,,,247,,0,2026,,,1
00-0041247,Corey Robinson II,OL,CIN,77.0,CUT,,,311,,0,2026,,,1
00-0041248,Noah Thomas,WR,CIN,17.0,DEV,2004-01-13,77.0,205,Georgia; Texas A&M,0,2026,,,4
00-0041249,Ceyair Wright,DB,CIN,22.0,CUT,,,190,,0,2026,,,1
00-0041251,Jalon Daniels,QB,TB,10.0,ACT,2002-10-29,72.0,219,Kansas,0,2026,,,4
00-0041252,Kenny Fletcher Jr.,TE,IND,48.0,DEV,2003-12-04,75.0,252,Rutgers,0,2026,,,4
00-0041253,Ayden Garnes,DB,TB,24.0,ACT,2003-03-20,72.0,183,Arizona; West Virginia,0,2026,,,4
00-0041254,Josiah Green,DL,TB,96.0,CUT,,,285,,0,2026,,,1
00-0041255,Henry Lutovsky,OL,TB,61.0,DEV,2003-01-22,78.0,320,Nebraska,0,2026,,,4
00-0041256,Jack Pyburn,LB,KC,54.0,ACT,2003-09-03,76.0,258,LSU; Florida,0,2026,,,4
00-0041257,Eric Rivers Jr.,WR,TB,83.0,DEV,2002-09-17,70.0,176,Georgia Tech; Florida International; Memphis,0,2026,,,4
00-0041259,Devan Boykin,DB,PIT,40.0,CUT,,,195,,0,2026,,,1
00-0041261,Kevin Jobity Jr.,DL,PIT,92.0,INA,2003-10-06,76.0,300,Syracuse,0,2026,,,4
00-0041263,Lake McRee,TE,PIT,81.0,DEV,2002-09-04,76.0,250,USC,0,2026,,,4
00-0041265,Squirrel White,WR,CHI,,RET,,,178,,0,2026,,,4
00-0041266,Keelan Marion,WR,ATL,85.0,CUT,,,195,,0,2026,,,1
00-0041267,Malik McClain,WR,NYJ,84.0,ACT,2002-10-08,77.0,195,Arizona State; Penn State; Florida,0,2026,,,4
00-0041268,Cade Denhoff,LB,BUF,57.0,CUT,,,260,,0,2026,,,1
00-0041269,Jordan Dunbar,DB,BUF,36.0,CUT,,,195,,0,2026,,,1
00-0041270,Bruno Fina,OL,BUF,75.0,CUT,,,305,,0,2026,,,1
00-0041272,Ja'Mori Maclin,WR,BUF,84.0,DEV,2001-09-22,71.0,183,Kentucky; North Texas; Missouri,0,2026,,,4
00-0041274,Max Tomczak,WR,BUF,80.0,CUT,,,195,,0,2026,,,1
00-0041275,Kani Walker,DB,BUF,41.0,ACT,2003-02-28,74.0,204,Arkansas; Oklahoma; Louisville,0,2026,,,4
00-0041276,Kam Dewberry,OL,ATL,61.0,DEV,2004-04-23,76.0,332,Alabama; Texas A&M,0,2026,,,4
00-0041277,Davon Booth,RB,IND,36.0,DEV,2002-01-23,70.0,192,Mississippi State; Utah State,0,2026,,,4
00-0041278,Nate Evans,DB,CLE,43.0,CUT,,,183,,0,2026,,,1
00-0041279,Logan Fano,DL,CLE,99.0,DEV,2002-06-19,77.0,252,Utah; BYU,0,2026,,,4
00-0041282,Izavion Miller,OL,CLE,60.0,CUT,,,287,,0,2026,,,1
00-0041283,DeCarlos Nicholson,DB,CAR,41.0,CUT,,,189,,0,2026,,,1
00-0041284,Wes Pahl,P,CLE,36.0,DEV,2002-05-18,77.0,195,Oklahoma State,0,2026,,,4
00-0041285,Khordae Sydnor,DL,CLE,90.0,DEV,2003-08-24,76.0,264,Vanderbilt; Purdue,0,2026,,,4
00-0041286,Zion Washington,DB,CLE,30.0,DEV,2003-02-16,73.0,208,Boise State,0,2026,,,4
00-0041287,Kole Wilson,WR,CLE,87.0,CUT,2003-12-16,67.0,177,Baylor; Texas State-San Marcos,0,2026,,,2
00-0041288,Tyreak Sapp,DL,CLE,64.0,DEV,,,273,,0,2026,,,1
00-0041289,Brent Austin,DB,DEN,33.0,DEV,2003-12-19,71.0,180,California; University of South Florida; James Madison,0,2026,,,4
00-0041290,Luke Basso,LS,MIA,45.0,DEV,,,220,,0,2026,,,3
00-0041292,Kolbe Katsis,WR,DEN,81.0,DEV,2001-12-28,73.0,185,Northern Arizona; Pittsburg State (KS),0,2026,,,4
00-0041293,Dane Key,WR,DEN,87.0,DEV,2003-07-01,75.0,210,Nebraska; Kentucky,0,2026,,,4
00-0041294,Joseph Manjack,WR,DEN,86.0,CUT,,,211,,0,2026,,,1
00-0041295,Dasan McCullough,LB,DEN,57.0,CUT,,,235,,0,2026,,,1
00-0041296,Tyler Miller,OL,DEN,71.0,DEV,2001-11-05,81.0,335,Iowa State,0,2026,,,4
00-0041297,Gavin Ortega,OL,DEN,68.0,DEV,2004-04-29,77.0,300,Weber State,0,2026,,,4
00-0041298,Parker Robertson,DB,DEN,36.0,CUT,,,185,,0,2026,,,1
00-0041299,Cameron Ross,WR,DEN,87.0,CUT,,,186,,0,2026,,,1
00-0041300,William Wright,DB,CHI,16.0,CUT,,,193,,0,2026,,,1
00-0041301,Taurean York,LB,DEN,42.0,CUT,,,226,,0,2026,,,1
00-0041302,Dominic Bailey,DL,HOU,73.0,DEV,,,292,,0,2026,,,1
00-0041303,Sam Hagen,OL,HOU,76.0,RES,2003-08-24,78.0,320,South Dakota State; North Dakota,0,2026,,,4
00-0041304,Stephen Hall,DB,HOU,41.0,CUT,,,199,,0,2026,,,1
00-0041305,Sabastian Harsh,DL,HOU,54.0,ACT,2001-11-28,74.0,255,N.C. State; Wyoming,0,2026,,,4
00-0041306,James Neal III,OL,HOU,70.0,DEV,2003-03-18,78.0,325,Iowa State; Independence Comm. College,0,2026,,,4
00-0041308,Treyvhon Saunders,WR,HOU,14.0,DEV,2004-05-07,70.0,190,Colgate,0,2026,,,4
00-0041309,Daniel Sobkowicz,WR,HOU,89.0,DEV,2002-09-16,75.0,205,Illinois State,0,2026,,,4
00-0041312,Noah Whittington,RB,HOU,26.0,DEV,2001-12-13,68.0,205,Oregon; Western Kentucky,0,2026,,,4
00-0041313,Collin Wright,DB,HOU,37.0,ACT,2003-12-13,72.0,195,Stanford,0,2026,,,4
00-0041314,Tanner Arkin,TE,NE,84.0,ACT,2003-07-07,76.0,265,Illinois; Colorado State,0,2026,,,4
00-0041315,David Blay Jr.,DL,GB,64.0,DEV,2003-01-27,76.0,305,Miami; Louisiana Tech; West Chester State University,0,2026,,,4
00-0041316,Channing Canada,DB,NE,29.0,ACT,2002-08-17,71.0,190,TCU; Trinity Valley CC,0,2026,,,4
00-0041317,Nick DeGennaro,WR,NE,23.0,CUT,,,196,,0,2026,,,1
00-0041318,Kyle Dixon,WR,NE,83.0,DEV,2000-09-14,74.0,220,Culver-Stockton College,0,2026,,,4
00-0041319,Cameron Dorner,WR,NE,88.0,DEV,2004-02-04,73.0,188,North Texas; Shepherd,0,2026,,,4
00-0041320,Kenneth Harris,DB,IND,33.0,DEV,2002-05-02,72.0,195,Oklahoma State,0,2026,,,4
00-0041321,Khalil Jacobs,LB,NE,59.0,RES,2003-12-01,73.0,228,Missouri; South Alabama,0,2026,,,4
00-0041322,Jimmy Kibble,WR,NE,19.0,CUT,,,201,,0,2026,,,1
00-0041323,Myles Montgomery,RB,NE,39.0,RES,2003-04-04,70.0,205,UCF; Cincinnati,0,2026,,,4
00-0041324,JonDarius Morgan,OL,NE,69.0,CUT,,,320,,0,2026,,,1
00-0041325,Jacob Rizy,OL,NE,64.0,CUT,2002-01-13,77.0,306,Florida State; Harvard,0,2026,,,2
00-0041326,CJ Donaldson,RB,NO,43.0,ACT,2004-07-09,73.0,230,Ohio State; West Virginia,0,2026,,,4
00-0041327,Cody Hardy,TE,NYJ,88.0,DEV,2003-11-12,76.0,271,N.C. State; Elon,0,2026,,,4
00-0041329,Michael Heldman,LB,KC,49.0,DEV,2003-03-10,76.0,260,Central Michigan,0,2026,,,4
00-0041330,Alan Herron,OL,NO,70.0,DEV,2003-01-02,75.0,308,Maryland; Shorter University,0,2026,,,4
00-0041332,Jeremiah McClendon,DB,CLE,47.0,CUT,,,185,,0,2026,,,1
00-0041335,Jay'Viar Suggs,DL,NO,62.0,DEV,2001-02-24,75.0,299,Wisconsin; LSU; Grand Valley,0,2026,,,4
00-0041336,Alex Wollschlaeger,OL,NO,79.0,DEV,2001-09-28,79.0,311,Kentucky; Bowling Green,0,2026,,,4
00-0041338,Caden Fordham,LB,TB,46.0,ACT,2002-10-21,73.0,223,N.C. State,0,2026,,,4
00-0041339,Deshawn McKnight,DL,TB,73.0,CUT,2003-08-07,73.0,283,Arizona; Tennessee-Martin,0,2026,,,3
00-0041340,Marcus Allen,DB,MIN,29.0,CUT,,,197,,0,2026,,,1
00-0041341,Da'Veawn Armstead,DB,MIN,38.0,DEV,2002-11-20,73.0,183,North Texas; TCU; Sam Houston State,0,2026,,,4
00-0041342,Dillon Bell,WR,MIN,89.0,DEV,2003-11-06,73.0,209,Georgia,0,2026,,,4
00-0041344,Tyreek Chappell,DB,MIN,28.0,RES,2002-11-22,71.0,180,Texas A&M,0,2026,,,4
00-0041348,Tristan Leigh,OL,MIN,63.0,CUT,,,310,,0,2026,,,1
00-0041349,Delby Lemieux,OL,MIN,62.0,CUT,,,295,,0,2026,,,1
00-0041351,Tomas Rimac,OL,MIN,67.0,CUT,,,317,,0,2026,,,1
00-0041352,Marcus Sanders Jr.,WR,MIN,31.0,CUT,,,190,,0,2026,,,1
00-0041353,Cam'Ron Stewart,LB,MIN,49.0,CUT,,,250,,0,2026,,,1
00-0041354,Jacob Thomas,DB,MIN,29.0,ACT,2004-05-30,73.0,212,James Madison,0,2026,,,4
00-0041355,Arden Walker,LB,GB,46.0,CUT,,,250,,0,2026,,,1
00-0041357,Khalil Dinkins,TE,SF,43.0,DEV,2002-05-29,76.0,226,Penn State,0,2026,,,4
00-0041358,Bryson Eason,DL,KC,94.0,ACT,2002-01-21,74.0,323,Tennessee,0,2026,,,4
00-0041359,Wesley Grimes,WR,SF,81.0,DEV,2004-03-09,74.0,195,N.C. State; Wake Forest,0,2026,,,4
00-0041360,Mikail Kamara,DL,SF,59.0,RES,2001-10-10,73.0,262,Indiana; James Madison,0,2026,,,4
00-0041361,Will Pauling,WR,SF,84.0,DEV,2003-03-04,69.0,183,Notre Dame; Wisconsin; Cincinnati,0,2026,,,4
00-0041362,Jalen Stroman,DB,SF,38.0,DEV,2003-05-22,72.0,201,Notre Dame; Virginia Tech,0,2026,,,4
00-0041363,James Thompson Jr.,DL,SF,96.0,ACT,2002-08-29,78.0,308,Illinois; Wisconsin,0,2026,,,4
00-0041364,Elijah Culp,DB,IND,40.0,DEV,2004-09-04,71.0,187,James Madison; Charlotte; Troy,0,2026,,,4
00-0041365,Ka'ena Decambra,OL,HOU,62.0,DEV,,,308,,0,2026,,,1
00-0041366,Jameson Geers,TE,ARI,46.0,RES,2002-12-05,77.0,250,Minnesota,0,2026,,,4
00-0041367,Cam Robertson,LB,ARI,49.0,ACT,2004-02-26,76.0,260,SMU; North Texas,0,2026,,,4
00-0041368,Harrison Wallace III,WR,ARI,30.0,DEV,2003-04-23,71.0,192,Mississippi; Penn State,0,2026,,,4
00-0041369,Damonic Williams,DL,ARI,96.0,DEV,2004-09-04,73.0,305,Oklahoma; TCU,0,2026,,,4
00-0041370,Wydett Williams Jr.,DB,ARI,31.0,ACT,2003-12-05,73.0,205,Mississippi; Louisiana-Monroe; Delta State University,0,2026,,,4
00-0041371,Noah Avinger,DB,LAC,31.0,CUT,,,190,,0,2026,,,1
00-0041372,Lander Barton,LB,LAC,57.0,DEV,2003-12-30,77.0,240,Utah,0,2026,,,4
00-0041373,Jerand Bradley,WR,LAC,36.0,CUT,,,223,,0,2026,,,1
00-0041374,Sincere Brown,WR,LAC,38.0,RES,,,190,,0,2026,,,1
00-0041375,Jahmeer Carter,DL,LAC,61.0,CUT,,,311,,0,2026,,,1
00-0041376,Gregory Desrosiers,RB,LAC,31.0,DEV,2001-03-27,71.0,200,Memphis; UMass Amherst; Louisville,0,2026,,,4
00-0041377,Devin Grant,DB,LAC,38.0,CUT,,,205,,0,2026,,,1
00-0041378,Jacobian Guillory,DL,LAC,95.0,CUT,,,318,,0,2026,,,1
00-0041379,Niles King,DL,KC,94.0,CUT,,,260,,0,2026,,,1
00-0041380,Devonte Ross,WR,LAC,24.0,CUT,,,170,,0,2026,,,1
00-0041381,Rodney Shelley,DB,LAC,24.0,ACT,2002-08-14,71.0,180,Georgia Tech,0,2026,,,4
00-0041382,Avery Smith,DB,SEA,27.0,ACT,2004-07-01,71.0,196,Toledo,0,2026,,,4
00-0041383,Jacob Spomer,OL,LAC,60.0,ACT,2001-01-24,75.0,290,Fresno State; Diablo Valley College,0,2026,,,4
00-0041384,Evan Svoboda,TE,LAC,49.0,DEV,2003-03-31,77.0,251,Wyoming; Snow,0,2026,,,4
00-0041385,Nadame Tucker,DL,CLE,60.0,DEV,2000-06-21,75.0,247,Western Michigan; Houston; Hutchinson CC; Independence Comm. College,0,2026,,,4
00-0041386,Terry Webb,DL,LAC,64.0,DEV,2003-01-08,75.0,313,SMU; Texas State-San Marcos; Kilgore,0,2026,,,4
00-0041387,Isaiah World,OL,LAC,67.0,RES,2003-12-16,80.0,318,Oregon; Nevada,0,2026,,,4
00-0041389,Isaiah Nwokobia,DB,CIN,41.0,DEV,2002-12-16,73.0,205,SMU,0,2026,,,4
00-0041390,Christen Miller,DL,NO,52.0,ACT,2004-08-05,75.0,321,Georgia,0,2026,NO,42.0,4
00-0041391,Davison Igbinosun,DB,BUF,21.0,ACT,2004-04-11,74.0,189,Ohio State; Mississippi,0,2026,BUF,62.0,4
00-0041392,Jake Slaughter,OL,LAC,66.0,ACT,2002-12-19,76.0,308,Florida,0,2026,LAC,63.0,4
00-0041393,Daylen Everette,DB,PIT,23.0,ACT,2004-05-06,73.0,196,Georgia,0,2026,PIT,85.0,4
00-0041394,Keagen Trost,OL,LA,79.0,RES,2001-04-15,76.0,311,Missouri; Wake Forest,0,2026,LAR,93.0,4
00-0041395,Eli Raridon,TE,NE,82.0,ACT,2004-02-12,78.0,245,Notre Dame,0,2026,NE,95.0,4
00-0041396,Gennings Dunker,OL,PIT,73.0,RES,2003-05-08,77.0,319,Iowa,0,2026,PIT,96.0,4
00-0041397,Kaden Wetjen,WR,PIT,10.0,ACT,2002-03-09,69.0,193,Iowa; Iowa Western CC,0,2026,PIT,121.0,4
00-0041398,Riley Nowakowski,RB,PIT,37.0,ACT,2002-06-30,74.0,250,Indiana; Wisconsin,0,2026,PIT,169.0,4
00-0041399,CJ Daniels,WR,LA,6.0,ACT,2002-01-04,74.0,202,Miami; LSU; Liberty,0,2026,LAR,197.0,4
00-0041400,Gabe Rubio,DL,PIT,96.0,INA,2003-07-09,77.0,321,Notre Dame,0,2026,PIT,210.0,4
00-0041401,Robert Spears-Jennings,DB,PIT,28.0,ACT,2004-01-25,73.0,205,Oklahoma,0,2026,PIT,224.0,4
00-0041402,Quintayvious Hutchins,LB,NE,45.0,RES,2003-04-02,75.0,245,Boston College,0,2026,NE,247.0,4
00-0041403,Rohan Jones,TE,LA,46.0,CUT,,,238,,0,2026,,,1
00-0041404,Wesley Bailey,LB,LA,47.0,ACT,2001-04-26,77.0,265,Louisville; Rutgers,0,2026,,,4
00-0041405,Peter Manuma,DB,NE,34.0,CUT,,,205,,0,2026,,,1
00-0041406,Larry Worth,DB,SF,47.0,CUT,,,226,,0,2026,,,1
00-0041408,Wayne Matthews II,LB,CHI,35.0,DEV,2002-07-10,72.0,221,Michigan State; Old Dominion,0,2026,,,4
00-0041409,Daveren Rayner,LB,ATL,42.0,CUT,,,217,,0,2026,,,1
00-0041410,Jaden Keller,LB,NYJ,48.0,ACT,2003-04-17,75.0,235,Virginia Tech,0,2026,,,4
00-0041411,Michael Coats Jr.,DB,CLE,39.0,DEV,2001-06-20,70.0,185,West Virginia; Nevada; East Central JC,0,2026,,,4
00-0041412,Xavier Holmes,LB,NE,58.0,DEV,2002-04-16,75.0,238,James Madison; Maine,0,2026,,,4
00-0041413,Nick Andersen,DB,LA,45.0,DEV,2002-01-28,71.0,197,Wake Forest,0,2026,,,4
00-0041414,Matthew Caldwell,QB,LA,16.0,RES,2003-05-23,76.0,209,Texas; Troy; Gardner-Webb; Jacksonville State,0,2026,,,4
00-0041415,Dean Connors,RB,LA,33.0,ACT,2003-08-29,71.0,206,Houston; Rice; Riverside Community College,0,2026,,,4
00-0041416,Nyzier Fourqurean,DB,LA,25.0,DEV,2002-01-01,73.0,190,Wisconsin,0,2026,,,4
00-0041417,"Al'zillion ""AZ"" Hamilton",DB,LA,31.0,CUT,,,185,,0,2026,,,1
00-0041418,Bryce Henderson,OL,LA,70.0,CUT,,,325,,0,2026,,,1
00-0041419,Nikhai Hill-Green,LB,LA,54.0,CUT,,,235,,0,2026,,,1
00-0041421,Darryl Peterson III,LB,LA,59.0,ACT,2003-09-16,73.0,260,Wisconsin,0,2026,,,4
00-0041422,Dan Villari,TE,LA,83.0,DEV,2002-06-29,76.0,243,Syracuse; Michigan,0,2026,,,4
00-0041423,Payton Zdroik,DL,LA,62.0,CUT,,,272,,0,2026,,,1
00-0041424,Javin Wright,LB,TB,48.0,DEV,2000-03-19,76.0,230,Nebraska,0,2026,,,4
00-0041425,Austin Blaske,OL,LA,64.0,DEV,2001-11-29,77.0,310,North Carolina; Georgia,0,2026,,,4
00-0041428,Jaxson Moi,DL,LA,98.0,DEV,2004-01-11,74.0,305,Tennessee; Stanford,0,2026,,,4
00-0041429,Eddie Walls III,LB,LA,51.0,RES,2002-08-07,76.0,250,Houston; Florida International,0,2026,,,4
00-0041430,Greg Crippen,OL,PIT,61.0,CUT,,,309,,0,2026,,,1
00-0041431,Bangally Kamara,LB,MIN,59.0,DEV,2001-10-13,74.0,235,Kansas; South Carolina; Pittsburgh,0,2026,,,4
00-0041432,Smith Vilbert,DL,MIN,91.0,CUT,,,282,,0,2026,,,1
00-0041434,Yasir Holmes,LB,TB,57.0,DEV,2002-05-06,76.0,240,Tarleton State; Frostburg State,0,2026,,,4
00-0041435,Dean Patterson IV,WR,TB,81.0,DEV,2002-05-20,74.0,200,Georgia Tech; Florida International; Findlay,0,2026,,,4
00-0041436,DJ Herman,RB,MIA,34.0,ACT,2002-03-17,73.0,240,San Diego State,0,2026,,,4
00-0041437,DJ Wingfield,OL,DAL,64.0,CUT,,,310,,0,2026,,,1
00-0041438,Carnell Tate,WR,TEN,14.0,ACT,2005-01-19,74.0,192,Ohio State,0,2026,TEN,4.0,4
00-0041439,Blake Miller,OL,DET,76.0,ACT,2004-02-25,78.0,317,Clemson,0,2026,DET,17.0,4
00-0041440,Kayden McDonald,DL,HOU,93.0,RES,2005-03-12,75.0,326,Ohio State,0,2026,HOU,36.0,4
00-0041441,Derrick Moore,LB,DET,8.0,ACT,2002-12-06,75.0,260,Michigan,0,2026,DET,44.0,4
00-0041442,Jimmy Rolder,LB,DET,41.0,ACT,2004-02-09,74.0,238,Michigan,0,2026,DET,118.0,4
00-0041443,Skyler Bell,WR,BUF,13.0,ACT,2002-07-05,71.0,192,Connecticut; Wisconsin,0,2026,BUF,125.0,4
00-0041444,Kaleb Elarms-Orr,LB,BUF,52.0,ACT,2003-08-29,74.0,234,TCU; California,0,2026,BUF,126.0,4
00-0041445,Keith Abney II,DB,DET,6.0,ACT,2005-01-11,69.0,187,Arizona State,0,2026,DET,157.0,4
00-0041446,Kendrick Law,WR,DET,88.0,RES,2004-06-13,71.0,203,Kentucky; Alabama,0,2026,DET,168.0,4
00-0041447,Skyler Gill-Howard,DL,DET,50.0,ACT,2002-10-13,72.0,280,Texas Tech,0,2026,DET,205.0,4
00-0041448,Tyre West,DL,DET,52.0,DEV,,,290,,0,2026,DET,222.0,1
00-0041449,Aiden Fisher,LB,HOU,59.0,ACT,2003-12-23,73.0,232,Indiana; James Madison,0,2026,HOU,243.0,4
00-0041451,Brock Rechsteiner,WR,NO,89.0,RES,2002-08-21,74.0,222,Jacksonville State,0,2026,,,4
00-0041452,Johnny Pascuzzi,TE,LAC,42.0,CUT,,,241,,0,2026,,,1
00-0041453,Luke Altmyer,QB,DET,15.0,DEV,2002-10-22,73.0,210,Illinois; Mississippi,0,2026,,,4
00-0041454,Aamaris Brown,DB,DET,24.0,DEV,2002-08-26,70.0,198,UNLV; University of South Florida; Kansas State,0,2026,,,4
00-0041455,Erick Hunter,LB,NE,49.0,ACT,2003-02-26,74.0,225,Morgan State,0,2026,,,4
00-0041457,Miles Kitselman,TE,DET,84.0,DEV,2002-09-25,77.0,251,Tennessee; Alabama; Hutchinson CC,0,2026,,,4
00-0041458,Anthony Lucas,DL,DET,61.0,DEV,2004-10-08,77.0,265,USC; Texas A&M,0,2026,,,4
00-0041459,Eric O'Neill,DL,DET,66.0,ACT,2003-07-01,74.0,250,Rutgers; Long Island Coll.-Brooklyn,0,2026,,,4
00-0041460,Melvin Priestly,OL,DET,74.0,CUT,,,305,,0,2026,,,1
00-0041462,Colton Hood,DB,NYG,12.0,ACT,2005-02-23,72.0,193,Tennessee; Colorado; Auburn,0,2026,NYG,37.0,4
00-0041463,Bud Clark,DB,SEA,9.0,RES,2002-05-03,73.0,188,TCU,0,2026,SEA,64.0,4
00-0041464,Tacario Davis,DB,CIN,20.0,ACT,2004-08-17,76.0,194,Washington; Arizona,0,2026,CIN,72.0,4
00-0041465,Wade Woodaz,LB,HOU,30.0,ACT,2004-02-04,76.0,236,Clemson,0,2026,HOU,123.0,4
00-0041466,Kamari Ramsey,DB,HOU,27.0,ACT,2004-08-24,72.0,202,USC; UCLA,0,2026,HOU,141.0,4
00-0041467,Lewis Bond,WR,HOU,82.0,DEV,2003-05-29,71.0,190,Boston College,0,2026,HOU,204.0,4
00-0041468,Chase Bisontis,OL,ARI,57.0,RES,2004-06-10,77.0,314,Texas A&M,0,2026,AZ,34.0,4
00-0041469,Avieon Terrell,DB,ATL,12.0,ACT,2005-01-11,71.0,180,Clemson,0,2026,ATL,48.0,4
00-0041470,Brandon Cisse,DB,GB,2.0,ACT,2005-07-03,72.0,189,South Carolina; N.C. State,0,2026,GB,52.0,4
00-0041471,Emmanuel McNeil-Warren,DB,CLE,28.0,ACT,2004-01-08,75.0,210,Toledo,0,2026,CLE,58.0,4
00-0041472,Marlin Klein,TE,HOU,83.0,ACT,2002-09-17,78.0,248,Michigan,0,2026,HOU,59.0,4
00-0041473,Stephen Dix Jr,LB,MIA,34.0,CUT,,,237,,0,2026,,,1
00-0041475,Trayvon Rudolph,WR,MIN,30.0,CUT,2002-05-15,70.0,187,Toledo; Northern Illinois,0,2026,,,3
00-0041476,Rashad Rochelle,WR,SEA,35.0,CUT,,,185,,0,2026,,,1
00-0041478,Lee Hunter,DL,CAR,92.0,ACT,2002-07-02,75.0,318,Texas Tech; UCF; Auburn,0,2026,CAR,49.0,4
00-0041479,Anthony Hill Jr.,LB,TEN,53.0,ACT,2005-02-14,75.0,238,Texas,0,2026,TEN,60.0,4
00-0041481,Terrill Davis,WR,MIN,40.0,CUT,,,195,,0,2026,,,1
00-0041482,Max Iheanachor,OL,PIT,71.0,ACT,2003-10-19,78.0,321,Arizona State,0,2026,PIT,21.0,4
00-0041483,Eli Stowers,TE,PHI,87.0,RES,2003-04-15,76.0,239,Vanderbilt; New Mexico State; Texas A&M,0,2026,PHI,54.0,4
00-0041484,Anterio Thompson,DL,ATL,69.0,RES,2002-10-29,76.0,310,Washington; Western Michigan; Iowa; Iowa Western CC,0,2026,ATL,208.0,4
00-0041485,Miles Davis,RB,CAR,37.0,CUT,,,215,,0,2026,,,1
00-0041486,Anderson Castle,RB,IND,42.0,CUT,2002-01-28,72.0,221,Duke; Appalachian State,0,2026,,,3
00-0041487,Tywone Malone,DL,CAR,64.0,CUT,,,309,,0,2026,,,1
00-0041488,Tamon Lynum,DB,PIT,42.0,CUT,,,185,,0,2026,,,1
00-0041489,Germie Bernard,WR,PIT,17.0,ACT,2003-12-02,73.0,206,Alabama; Washington; Michigan State,0,2026,PIT,47.0,4
00-0041490,Eli Heidenreich,RB,PIT,29.0,INA,2003-07-28,72.0,198,Navy,0,2026,PIT,230.0,4
00-0041492,Reid Carrico,LB,TEN,47.0,CUT,,,230,,0,2026,,,1
00-0041493,Marlon Jones,DB,GB,46.0,RES,2001-08-19,72.0,190,Vanderbilt; Eastern Washington,0,2026,,,4
00-0041494,Zion Young,LB,BAL,9.0,ACT,2004-03-18,77.0,267,Missouri; Michigan State,0,2026,BAL,45.0,4
00-0041495,Jake Golday,LB,MIN,41.0,ACT,2003-05-23,76.0,239,Cincinnati; Central Arkansas,0,2026,MIN,51.0,4
00-0041496,Jonah Coleman,RB,DEN,20.0,RES,2003-08-20,68.0,220,Washington; Arizona,0,2026,DEN,108.0,4
00-0041497,Jadon Canady,DB,KC,22.0,ACT,2003-05-01,70.0,185,Oregon; Mississippi; Tulane,0,2026,KC,109.0,4
00-0041498,Kage Casey,OL,DEN,78.0,ACT,2003-10-10,77.0,310,Boise State,0,2026,DEN,111.0,4
00-0041500,Travis Shaw,DL,TB,71.0,CUT,,,342,,0,2026,,,1
00-0041501,R Mason Thomas,DL,KC,51.0,ACT,2004-08-25,74.0,249,Oklahoma,0,2026,KC,40.0,4
00-0041502,Josiah Trotter,LB,TB,45.0,ACT,2005-04-15,74.0,237,Missouri,0,2026,TB,46.0,4
00-0041503,Nate Boerkircher,TE,JAX,87.0,ACT,2001-09-04,77.0,250,Texas A&M; Nebraska,0,2026,JAX,56.0,4
00-0041505,Francis Mauigoa,OL,NYG,65.0,ACT,2005-06-04,78.0,335,Miami,0,2026,NYG,10.0,4
00-0041507,Courtland Ford,OL,NYJ,75.0,CUT,,,315,,0,2026,,,1
00-0041508,Keldric Faulk,LB,TEN,15.0,ACT,2005-09-07,77.0,276,Auburn,0,2026,TEN,31.0,4
00-0041509,Arvell Reese,LB,NYG,52.0,ACT,2005-08-30,76.0,241,Ohio State,0,2026,NYG,5.0,4
00-0041510,Max Klare,TE,LA,86.0,ACT,2003-07-08,76.0,246,Ohio State; Purdue,0,2026,LAR,61.0,4
00-0041511,Omar Cooper Jr.,WR,NYJ,11.0,RES,2003-12-14,72.0,199,Indiana,0,2026,NYJ,30.0,4
00-0041512,Jadarian Price,RB,SEA,8.0,RES,2003-10-09,71.0,209,Notre Dame,0,2026,SEA,32.0,4
00-0041513,Josh Kreutz,OL,IND,61.0,CUT,,,290,,0,2026,,,1
00-0041514,Jai'Onte' McMillan,DB,MIA,45.0,CUT,,,190,,0,2026,,,1
00-0041515,Chase Wilson,LB,NYJ,53.0,CUT,,,230,,0,2026,,,1
00-0041517,Jalen Farmer,OL,IND,62.0,ACT,2004-07-27,76.0,312,Kentucky,0,2026,IND,113.0,4
00-0041518,Bryce Boettcher,LB,IND,50.0,ACT,2002-07-08,73.0,233,Oregon,0,2026,IND,135.0,4
00-0041519,Derrick Graham,OL,SEA,66.0,CUT,,,314,,0,2026,,,1
00-0041521,Kadyn Proctor,OL,MIA,74.0,ACT,2005-06-04,79.0,360,Alabama,0,2026,MIA,12.0,4
00-0041522,Jacob Rodriguez,LB,MIA,10.0,ACT,2002-09-06,73.0,235,Texas Tech; Virginia,0,2026,MIA,43.0,4
00-0041523,Caleb Douglas,WR,MIA,7.0,ACT,2003-09-09,76.0,206,Texas Tech; Florida,0,2026,MIA,75.0,4
00-0041524,Will Kacmarek,TE,MIA,89.0,ACT,2003-02-12,78.0,261,Ohio State; Ohio,0,2026,MIA,87.0,4
00-0041525,Chris Bell,WR,MIA,18.0,ACT,2004-06-07,74.0,228,Louisville,0,2026,MIA,94.0,4
00-0041526,Trey Moore,LB,MIA,17.0,RES,2003-05-05,74.0,247,Texas; Texas-San Antonio,0,2026,MIA,130.0,4
00-0041527,Kyle Louis,LB,MIA,19.0,RES,2004-03-09,72.0,225,Pittsburgh,0,2026,MIA,138.0,4
00-0041528,Michael Taaffe,DB,MIA,16.0,ACT,2003-02-18,72.0,190,Texas,0,2026,MIA,158.0,4
00-0041529,Kevin Coleman Jr.,WR,MIA,21.0,ACT,2003-09-10,70.0,179,Missouri; Mississippi State; Louisville; Jackson State University,0,2026,MIA,177.0,4
00-0041530,DJ Campbell,OL,MIA,63.0,ACT,2003-09-24,75.0,321,Texas,0,2026,MIA,200.0,4
00-0041531,Max Llewellyn,DL,MIA,57.0,DEV,2002-08-16,77.0,258,Iowa,0,2026,MIA,238.0,4
00-0041532,Keylan Rutledge,OL,HOU,66.0,ACT,2003-09-02,76.0,320,Georgia Tech; Middle Tennessee State,0,2026,HOU,26.0,4
00-0041533,Chris Johnson,DB,MIA,3.0,ACT,2004-11-09,72.0,193,San Diego State,0,2026,MIA,27.0,4
00-0041534,Tim Keenan III,DL,LV,96.0,DEV,2002-12-09,74.0,320,Alabama,0,2026,LAR,232.0,4
00-0041535,Louis Hansen,TE,HOU,47.0,CUT,,,240,,0,2026,,,1
00-0041537,Malachi Lawrence,LB,DAL,57.0,ACT,2003-07-21,76.0,253,UCF,0,2026,DAL,23.0,4
00-0041538,Dillon Thieneman,DB,CHI,31.0,ACT,2004-08-08,72.0,201,Oregon; Purdue,0,2026,CHI,25.0,4
00-0041539,Logan Jones,OL,CHI,54.0,ACT,2001-10-29,75.0,299,Iowa,0,2026,CHI,57.0,4
00-0041540,Zion Wilson,DL,PHI,78.0,CUT,,,316,,0,2026,,,1
00-0041541,Caleb Lomu,OL,NE,74.0,ACT,2004-12-23,78.0,313,Utah,0,2026,NE,28.0,4
00-0041542,Malick Meiga,WR,SEA,35.0,DEV,2001-03-25,76.0,201,Coastal Carolina; Penn State,0,2026,,,4
00-0041543,Mansoor Delane,DB,KC,5.0,ACT,2003-12-15,72.0,187,LSU; Virginia Tech,0,2026,KC,6.0,4
00-0041544,Akheem Mesidor,LB,LAC,90.0,ACT,2001-04-05,75.0,280,Miami; West Virginia,0,2026,LAC,22.0,4
00-0041545,Peter Woods,DL,KC,99.0,ACT,2005-03-05,75.0,310,Clemson,0,2026,KC,29.0,4
00-0041546,Cashius Howell,DL,CIN,55.0,ACT,2003-04-16,76.0,253,Texas A&M; Bowling Green,0,2026,CIN,41.0,4
00-0041547,KC Concepcion,WR,CLE,1.0,ACT,2004-09-24,72.0,190,Texas A&M; N.C. State,0,2026,CLE,24.0,4
00-0041548,Jude Bowry,OL,BUF,74.0,ACT,2003-08-19,77.0,314,Boston College,0,2026,BUF,102.0,4
00-0041549,Darrell Jackson Jr.,DL,NYJ,95.0,ACT,2003-04-28,77.0,315,Florida State; Maryland,0,2026,NYJ,103.0,4
00-0041550,Brenen Thompson,WR,LAC,89.0,ACT,2003-07-25,69.0,170,Mississippi State; Texas,0,2026,LAC,105.0,4
00-0041552,Tyler Onyedim,DL,DEN,98.0,ACT,2003-05-14,75.0,292,Texas A&M; Iowa State,0,2026,DEN,66.0,4
00-0041553,Keyron Crawford,LB,LV,42.0,RES,2003-10-17,76.0,253,Auburn; Arkansas State,0,2026,LV,67.0,4
00-0041554,Markel Bell,OL,PHI,72.0,ACT,2004-07-19,81.0,346,Miami; Holmes County JC,0,2026,PHI,68.0,4
00-0041555,Kaleb Proctor,DL,ARI,94.0,RES,2004-04-26,74.0,291,Southeastern Louisiana,0,2026,AZ,104.0,4
00-0041556,Romello Height,DL,SF,94.0,ACT,2001-04-13,75.0,239,Texas Tech; Georgia Tech; USC; Auburn,0,2026,SF,70.0,4
00-0041557,Gracen Halton,DL,SF,93.0,ACT,2004-01-27,75.0,293,Oklahoma,0,2026,SF,107.0,4
00-0041558,Sam Roush,TE,CHI,87.0,ACT,2003-09-06,77.0,267,Stanford,0,2026,CHI,69.0,4
00-0041559,Febechi Nwaiwu,OL,HOU,64.0,ACT,2003-02-17,76.0,319,Oklahoma; North Texas,0,2026,HOU,106.0,4
00-0041560,Jack Bouwmeester,P,LA,14.0,DEV,1999-05-07,74.0,205,Texas; Utah; Michigan State,0,2026,,,4
00-0041561,Carson Beck,QB,ARI,19.0,ACT,2001-11-19,76.0,233,Miami; Georgia,0,2026,AZ,65.0,4
00-0041562,Fernando Mendoza,QB,LV,15.0,ACT,2003-10-01,77.0,225,Indiana; California,0,2026,LV,1.0,4
00-0041563,Jermod McCoy,DB,LV,28.0,ACT,2005-08-16,72.0,193,Tennessee; Oregon State,0,2026,LV,101.0,4
00-0041564,Riley Wilson,LB,NE,51.0,CUT,2002-05-30,73.0,226,Arizona; Hawaii; Montana,0,2026,,,4
00-0041565,Drew Allar,QB,PIT,16.0,INA,2004-03-08,77.0,228,Penn State,0,2026,PIT,76.0,4
00-0041566,Jeremiah Franklin,TE,MIA,41.0,CUT,,,244,,0,2026,,,1
00-0041568,Ty Simpson,QB,LA,15.0,ACT,2002-12-21,73.0,211,Alabama,0,2026,LAR,13.0,4
00-0041569,Gabe Jacas,LB,NE,50.0,ACT,2004-05-27,76.0,260,Illinois,0,2026,NE,55.0,4
00-0041570,Tyler Moore,TE,IND,45.0,CUT,,,255,,0,2026,,,1
00-0041571,Liam Clifford,WR,LAC,39.0,CUT,,,205,,0,2026,,,1
00-0041572,Roydell Williams,RB,DET,24.0,CUT,,,223,,0,2026,,,1
00-0041573,Jarod Washington,DB,MIN,35.0,CUT,,,188,,0,2026,,,1
00-0041574,Mekhi Rodgers,DB,IND,36.0,CUT,,,204,,0,2026,,,1
00-0041575,Jeff Weimer,WR,KC,5.0,CUT,,,215,,0,2026,,,1
00-0041576,Drew Biber,TE,CLE,43.0,CUT,,,245,,0,2026,,,1
00-0041577,Connor Hulstein,TE,NYJ,49.0,RES,,,247,,0,2026,,,1
00-0041578,Jarrod Gray,OL,NYG,79.0,DEV,2004-01-05,79.0,318,,0,2026,,,4
00-0041579,Seydou Traore,TE,MIA,83.0,ACT,2002-08-12,76.0,242,Mississippi State; Arkansas State,0,2026,MIA,180.0,4
00-0041580,Uar Bernard,DL,PHI,93.0,DEV,2004-10-10,76.0,306,,0,2026,PHI,251.0,4
00-0041581,Brett Thorson,P,MIN,19.0,ACT,2000-01-06,73.0,237,Georgia,0,2026,,,4
00-0041582,Kansei Matsuzawa,K,LV,38.0,DEV,1999-01-08,74.0,203,Hawaii,0,2026,,,4
00-0041583,Paul Rubelt,OL,TB,76.0,DEV,2000-07-17,82.0,310,UCF,0,2026,,,4
00-0041584,Jordan Washington,DB,SEA,33.0,CUT,,,190,,0,2026,,,1
00-0041585,Grant Finley,RB,NYG,47.0,DEV,2003-08-19,76.0,281,Missouri Western,0,2026,,,4
00-0041586,Eric Butler,DB,NE,30.0,CUT,,,195,,0,2026,,,1
00-0041587,Daniel Rickert,LB,LA,40.0,RES,2002-03-12,74.0,232,Virginia; Tennessee Technological Univ,0,2026,,,4
00-0041588,Justin Jones,RB,SEA,25.0,CUT,,,206,,0,2026,,,1
00-0041589,Ricardo Hallman,DB,DEN,32.0,CUT,,,190,,0,2026,,,1
00-0041590,Malakai Williams,LB,NO,56.0,CUT,,,252,,0,2026,,,1
00-0041591,Brien Taylor,DL,NO,60.0,CUT,,,294,,0,2026,,,1
00-0041592,Xavier Williams,DB,TB,26.0,RES,,,214,,0,2026,,,1
00-0041594,Keveion'ta Spears,DL,ARI,60.0,CUT,,,313,,0,2026,,,1
00-0041595,Barika Kpeenu,RB,TB,49.0,CUT,,,213,,0,2026,,,1
00-0041596,Cam Rice,DL,MIA,58.0,CUT,,,303,,0,2026,,,1
00-0041597,Devyn Bobby,DB,ARI,39.0,CUT,,,189,,0,2026,,,1
00-0041598,Alex Tecza,RB,PIT,34.0,CUT,,,199,,0,2026,,,1
00-0041599,Matthew Henry,WR,TB,26.0,CUT,,,183,,0,2026,,,1
